{"type": "FeatureCollection", "name": "boundary", "crs": {"type": "name", "properties": {"name": "urn:ogc:def:crs:OGC:1.3:CRS84"}}, "features": [{"type": "Feature", "properties": {"NLPRK_NM": "북한산국립공원", "PARK_AR": "77334000"}, "geometry": {"type": "Polygon", "coordinates": [[[127.02660345722134, 37.73726758129716, 0.0], [127.02606048586208, 37.73645580445238, 0.0], [127.02549729784448, 37.735947525368076, 0.0], [127.02537703383436, 37.73532423078113, 0.0], [127.02536016647409, 37.73510793101578, 0.0], [127.02540120228538, 37.73503826084611, 0.0], [127.02558719480136, 37.73497695886912, 0.0], [127.02574213000301, 37.73507228160853, 0.0], [127.02600917651189, 37.73594158914009, 0.0], [127.02631289642454, 37.73631840111023, 0.0], [127.02681684438065, 37.73677520822327, 0.0], [127.02695493449544, 37.7369854037991, 0.0], [127.02711125764665, 37.737383741418626, 0.0], [127.02758532103975, 37.7379916158387, 0.0], [127.0283697825068, 37.737524809400455, 0.0], [127.02871393548695, 37.737234156462925, 0.0], [127.02931077218426, 37.73658535088238, 0.0], [127.03086954384153, 37.7343201264572, 0.0], [127.0308548917006, 37.734280299964915, 0.0], [127.03163496196076, 37.733049882517435, 0.0], [127.03152948506815, 37.733033556832034, 0.0], [127.03145082316966, 37.73294607540976, 0.0], [127.03142869612626, 37.73281773815546, 0.0], [127.03180130202787, 37.732778785296446, 0.0], [127.03203177533543, 37.73240315007023, 0.0], [127.03258330449198, 37.731074368154026, 0.0], [127.03220340262214, 37.7308143976073, 0.0], [127.03205797932989, 37.73065554528216, 0.0], [127.03195939515811, 37.73039674528973, 0.0], [127.03199046799767, 37.73018110436213, 0.0], [127.03217519963337, 37.729923287475934, 0.0], [127.03294755036538, 37.72933707799237, 0.0], [127.03346184888255, 37.72885290067201, 0.0], [127.03367817328478, 37.7285309852318, 0.0], [127.0338542232608, 37.72814255644236, 0.0], [127.03527025241252, 37.72222605842942, 0.0], [127.03576932394262, 37.71985264585151, 0.0], [127.03631903707726, 37.71790501824155, 0.0], [127.03672224994901, 37.71685880750649, 0.0], [127.0375173841437, 37.715249483002474, 0.0], [127.03852679266284, 37.71336529823021, 0.0], [127.0384757503566, 37.713345911897264, 0.0], [127.03864901734862, 37.71304301781762, 0.0], [127.0379453248518, 37.712745198461164, 0.0], [127.03779704016357, 37.71253592767423, 0.0], [127.03779619423551, 37.7122942056648, 0.0], [127.0378966624264, 37.71203466946957, 0.0], [127.03914586460978, 37.71137334951074, 0.0], [127.03951859609982, 37.71107223038649, 0.0], [127.03966008274087, 37.70841393627534, 0.0], [127.03942486191757, 37.70824644516375, 0.0], [127.03947891570134, 37.70814422224539, 0.0], [127.03866846819514, 37.70804518431733, 0.0], [127.03877341081423, 37.70776901354929, 0.0], [127.03937061217364, 37.707717144128885, 0.0], [127.03945499957833, 37.70781236733315, 0.0], [127.03946696880824, 37.70777857735067, 0.0], [127.03968875768993, 37.707875155389445, 0.0], [127.03970920469519, 37.706456658313236, 0.0], [127.03916033452013, 37.70615889871129, 0.0], [127.03918394074972, 37.706330173828576, 0.0], [127.03877043598008, 37.70669613465067, 0.0], [127.03880494218204, 37.70678400395201, 0.0], [127.03922681473382, 37.706938699668676, 0.0], [127.0391517535406, 37.70708648902213, 0.0], [127.03915407797994, 37.707201747254125, 0.0], [127.03949089570756, 37.70730986874659, 0.0], [127.03930775542882, 37.70757296646698, 0.0], [127.03913156535772, 37.70751172042858, 0.0], [127.03919150641083, 37.70736414871547, 0.0], [127.03909669237653, 37.70716512824223, 0.0], [127.0386524357178, 37.70716450303512, 0.0], [127.03857051889369, 37.70707565229166, 0.0], [127.0386094142333, 37.70717232225777, 0.0], [127.03837008545156, 37.707530402246505, 0.0], [127.03821067918041, 37.70742410189442, 0.0], [127.03799155667527, 37.707367652314005, 0.0], [127.03800290599513, 37.70729346345411, 0.0], [127.03742179948493, 37.70720903177692, 0.0], [127.03738865718095, 37.707149461003155, 0.0], [127.03752866437429, 37.7069835413599, 0.0], [127.03699482587533, 37.706525927054834, 0.0], [127.03658101558072, 37.70671258508457, 0.0], [127.03675159011135, 37.706921897373114, 0.0], [127.03645312765325, 37.70686810486687, 0.0], [127.03606025171885, 37.70666535360693, 0.0], [127.03568116003134, 37.7079296098551, 0.0], [127.03525087697216, 37.707216105758256, 0.0], [127.03482059151627, 37.70711161615848, 0.0], [127.0350744186843, 37.706646569726686, 0.0], [127.03439235040743, 37.706489229412576, 0.0], [127.03433800284152, 37.70644003034232, 0.0], [127.03462701797663, 37.70621580167732, 0.0], [127.0343350881975, 37.70602284389538, 0.0], [127.03442690509905, 37.70596277787329, 0.0], [127.03412626212288, 37.705792984435654, 0.0], [127.0344349439797, 37.705267607512276, 0.0], [127.03469457969645, 37.70528259035642, 0.0], [127.0349432164578, 37.70562737370896, 0.0], [127.03526782183734, 37.70542085247718, 0.0], [127.03707489511545, 37.705521216961415, 0.0], [127.03858684865257, 37.70596599442828, 0.0], [127.03857206909439, 37.705914356310096, 0.0], [127.03867776862904, 37.705934946130775, 0.0], [127.03867498867757, 37.705795197010275, 0.0], [127.03884356429123, 37.705782666420035, 0.0], [127.03878375896132, 37.70542567705733, 0.0], [127.03872878430867, 37.70542844179456, 0.0], [127.03873015246411, 37.705374807327544, 0.0], [127.03860989781693, 37.70527291851706, 0.0], [127.03818119343094, 37.70532292141594, 0.0], [127.03796821087077, 37.705266874394624, 0.0], [127.0379930265792, 37.705113242966576, 0.0], [127.03818445371705, 37.705057648175895, 0.0], [127.03873992710791, 37.70503484217973, 0.0], [127.03880480124178, 37.70505358849105, 0.0], [127.03901978302022, 37.70532041372627, 0.0], [127.03906069800276, 37.70520650613841, 0.0], [127.03974569094392, 37.70592034040933, 0.0], [127.04003255373982, 37.70244704311893, 0.0], [127.03950402072599, 37.69675508769559, 0.0], [127.03944328220688, 37.69680919612338, 0.0], [127.0394023534089, 37.69699422333776, 0.0], [127.03924778575907, 37.69695497229557, 0.0], [127.03945468417598, 37.69671168079094, 0.0], [127.0393804787777, 37.69658944291943, 0.0], [127.03946725011625, 37.69635905148408, 0.0], [127.0393914552664, 37.6955427343036, 0.0], [127.03906837087322, 37.69544351989437, 0.0], [127.03896481105271, 37.69531826471416, 0.0], [127.03894671381936, 37.69527073536282, 0.0], [127.03901459969514, 37.69525529780877, 0.0], [127.03890229550133, 37.69507992421732, 0.0], [127.03900451514454, 37.69499378544083, 0.0], [127.03934005502425, 37.694989123604735, 0.0], [127.039204669545, 37.69346756234259, 0.0], [127.03899247886639, 37.68971629296831, 0.0], [127.03875498453148, 37.68970070686321, 0.0], [127.03898483966582, 37.68958112035873, 0.0], [127.03886094420285, 37.68778377983332, 0.0], [127.03847755036452, 37.687968345260074, 0.0], [127.0383763904237, 37.68792506311406, 0.0], [127.03836199919425, 37.68783386244219, 0.0], [127.03856482145049, 37.687688845296115, 0.0], [127.03841302653711, 37.68741364919522, 0.0], [127.03826130993811, 37.687289915484136, 0.0], [127.03812524857737, 37.687344362029314, 0.0], [127.03795891291682, 37.68719798062489, 0.0], [127.03819873882627, 37.686892378386965, 0.0], [127.03821081773982, 37.68678921341838, 0.0], [127.03811077147323, 37.6866816687261, 0.0], [127.03783890868145, 37.686689380775604, 0.0], [127.03743401471792, 37.68655645862903, 0.0], [127.03683511104369, 37.68626774441724, 0.0], [127.03624386755487, 37.68612949027323, 0.0], [127.03605816252387, 37.68620430126834, 0.0], [127.03614976797755, 37.686157805940425, 0.0], [127.03611924445718, 37.68610078397463, 0.0], [127.0359851479678, 37.686145601468816, 0.0], [127.03591088757123, 37.68603367404798, 0.0], [127.03559448113698, 37.68616625714118, 0.0], [127.03547876510407, 37.68599438543724, 0.0], [127.03509721200999, 37.68564108172916, 0.0], [127.03537519199382, 37.68535542158723, 0.0], [127.03565341433313, 37.685172442228165, 0.0], [127.03600855151902, 37.68529427133814, 0.0], [127.03623898091688, 37.685515210586765, 0.0], [127.03651727405563, 37.685484644500484, 0.0], [127.03695879781671, 37.685629309247474, 0.0], [127.03725638544545, 37.68581211979754, 0.0], [127.03780342664744, 37.68585005869699, 0.0], [127.0380626096943, 37.6859795327699, 0.0], [127.03829306975376, 37.686261434129364, 0.0], [127.03910882035494, 37.68628404061879, 0.0], [127.03879170743124, 37.68675105565753, 0.0], [127.03888173955127, 37.68676305472329, 0.0], [127.03942872974412, 37.68670945306679, 0.0], [127.03969017783596, 37.68651466968328, 0.0], [127.03988037807629, 37.68644261956215, 0.0], [127.04100916033073, 37.68633962741416, 0.0], [127.04080339402961, 37.68608071498679, 0.0], [127.04055446107164, 37.68618508125151, 0.0], [127.03996077979696, 37.685824798794755, 0.0], [127.03965699812241, 37.685702995476866, 0.0], [127.03942401569566, 37.68568721383785, 0.0], [127.03921214627526, 37.68550285360671, 0.0], [127.03917197816487, 37.6852078884544, 0.0], [127.03920121226824, 37.68517355201735, 0.0], [127.03936265262173, 37.685183951336896, 0.0], [127.03947957022248, 37.685249685045015, 0.0], [127.03944546689404, 37.685290510144156, 0.0], [127.03944045663062, 37.685248075749094, 0.0], [127.03936018468741, 37.68523548790898, 0.0], [127.03931545446602, 37.68533496973256, 0.0], [127.0393203735955, 37.68542110029588, 0.0], [127.03944772646135, 37.685498452391975, 0.0], [127.03949528620237, 37.685611959738516, 0.0], [127.04009255104015, 37.68567429387231, 0.0], [127.04012589170937, 37.685474447416695, 0.0], [127.04042992794966, 37.685432182165776, 0.0], [127.0405796955359, 37.68544510673019, 0.0], [127.04066012624935, 37.68554346590722, 0.0], [127.04081125295667, 37.68555305604087, 0.0], [127.04030163735989, 37.68529915136111, 0.0], [127.0400563913584, 37.6850258769213, 0.0], [127.0401290133919, 37.684934494775575, 0.0], [127.04031885956721, 37.68484631772442, 0.0], [127.0404172545989, 37.68482916672191, 0.0], [127.04045457185418, 37.68486546362678, 0.0], [127.04061549782136, 37.68453844867003, 0.0], [127.0408698678737, 37.6844839452045, 0.0], [127.04090152737402, 37.68454078561357, 0.0], [127.04105053578938, 37.68440477969281, 0.0], [127.04154039857583, 37.684618234661556, 0.0], [127.0415993989956, 37.68470885219182, 0.0], [127.04159953889736, 37.68496752031471, 0.0], [127.04183595005557, 37.68482625765034, 0.0], [127.04202250728648, 37.684636433686144, 0.0], [127.04218302252279, 37.684297359659354, 0.0], [127.04256483346755, 37.68386493952802, 0.0], [127.04254970020979, 37.68355645430016, 0.0], [127.04250483137375, 37.68360088803346, 0.0], [127.04233774881159, 37.68343111305836, 0.0], [127.04230341222845, 37.6832494895429, 0.0], [127.04249191331628, 37.683198789196894, 0.0], [127.04246202987595, 37.683075366635364, 0.0], [127.04223198672715, 37.68303301088444, 0.0], [127.04222502488548, 37.682948411944125, 0.0], [127.04224953018694, 37.682768569781516, 0.0], [127.04246605942588, 37.68282480314625, 0.0], [127.04244666552022, 37.682730925448965, 0.0], [127.04238235215487, 37.68269608551769, 0.0], [127.04240222252756, 37.68240998629879, 0.0], [127.04235689395374, 37.68208262169237, 0.0], [127.0424872752016, 37.681156470420284, 0.0], [127.0424510202348, 37.68098890291512, 0.0], [127.04223084196929, 37.68073193150312, 0.0], [127.04207286805598, 37.68062089607735, 0.0], [127.04207692104058, 37.68056908704586, 0.0], [127.041961617694, 37.68054264037576, 0.0], [127.04165837203256, 37.680329663718425, 0.0], [127.04165494701851, 37.68028470730483, 0.0], [127.04157740132925, 37.68027274988545, 0.0], [127.04082601772721, 37.679737511133794, 0.0], [127.04042190353304, 37.680031424251844, 0.0], [127.04045978496814, 37.6803051431553, 0.0], [127.0400871322915, 37.68041775313685, 0.0], [127.04001381239343, 37.68029282203679, 0.0], [127.03991289915133, 37.68025005860342, 0.0], [127.03974225749886, 37.68040832458845, 0.0], [127.03975936231957, 37.68016406556875, 0.0], [127.03961507471931, 37.680202585948265, 0.0], [127.03946718137058, 37.68040242051767, 0.0], [127.03930102407789, 37.680344233260136, 0.0], [127.03929942551454, 37.680186813952375, 0.0], [127.03916264396818, 37.68019876480186, 0.0], [127.03914979064443, 37.680106149619206, 0.0], [127.03886131655632, 37.680164385523874, 0.0], [127.03870420545157, 37.680316290835314, 0.0], [127.03824072031144, 37.68015328650749, 0.0], [127.0382422176882, 37.680109859002116, 0.0], [127.03803934127527, 37.67996108207308, 0.0], [127.03811926325116, 37.679694612648085, 0.0], [127.03757348411928, 37.67958903980788, 0.0], [127.03740700036474, 37.67978339542577, 0.0], [127.03725411935227, 37.67969778837664, 0.0], [127.03716932212272, 37.67978430704495, 0.0], [127.0372426583141, 37.67993388238057, 0.0], [127.03713350639303, 37.680089079758524, 0.0], [127.03707924581163, 37.68009472724667, 0.0], [127.03695479981894, 37.680410023825885, 0.0], [127.03675435325331, 37.68038708012197, 0.0], [127.03675299676354, 37.6801297725768, 0.0], [127.03658476862064, 37.68012982461937, 0.0], [127.03657411837133, 37.67995119924019, 0.0], [127.03665327815506, 37.67997258430239, 0.0], [127.03666607062306, 37.67993663177126, 0.0], [127.03656195275902, 37.67982494247767, 0.0], [127.03642068753211, 37.67978984645388, 0.0], [127.03637961876052, 37.67972147494287, 0.0], [127.03626968193568, 37.6797709701816, 0.0], [127.03621524698671, 37.67972413655419, 0.0], [127.0361418134921, 37.679775421048284, 0.0], [127.0361831898677, 37.68001858367674, 0.0], [127.03627389042845, 37.68004243175123, 0.0], [127.0362582591375, 37.68006964638379, 0.0], [127.03616701014342, 37.68008652100436, 0.0], [127.03612025820414, 37.680207993448356, 0.0], [127.03586123327939, 37.680243829784224, 0.0], [127.03577625564874, 37.680337645709464, 0.0], [127.03571501232014, 37.68052416411608, 0.0], [127.03559120538338, 37.68049068431555, 0.0], [127.03562601434405, 37.680257682976084, 0.0], [127.03549663692868, 37.68018825587048, 0.0], [127.03537310408656, 37.68000692519946, 0.0], [127.03546327402523, 37.67986175321115, 0.0], [127.03540598419339, 37.679769599831204, 0.0], [127.03550448178835, 37.6797409207645, 0.0], [127.03549990754446, 37.67965388909762, 0.0], [127.03519267923423, 37.679608567494164, 0.0], [127.03524546945171, 37.6795288166072, 0.0], [127.0355255768258, 37.67951459114836, 0.0], [127.035533120726, 37.67940124685883, 0.0], [127.03561981372117, 37.67934085652009, 0.0], [127.03559265907641, 37.67920526772836, 0.0], [127.0351927087193, 37.67917087646226, 0.0], [127.03448414784873, 37.67954750184603, 0.0], [127.03445447614554, 37.679099276892416, 0.0], [127.03559682243953, 37.67884610794576, 0.0], [127.03543254850156, 37.678705537329556, 0.0], [127.03559289646984, 37.67858630163623, 0.0], [127.03574535025339, 37.67870157920083, 0.0], [127.03589174413695, 37.67855981526424, 0.0], [127.03592872957812, 37.67862449525731, 0.0], [127.0359645571943, 37.67853988129777, 0.0], [127.03600793334998, 37.6785486101018, 0.0], [127.03609760313235, 37.67831207842626, 0.0], [127.03620961309645, 37.678335831904974, 0.0], [127.03623769408267, 37.67826662901044, 0.0], [127.0355615570205, 37.678025293861225, 0.0], [127.03546108511686, 37.67804269315757, 0.0], [127.03522118719208, 37.67797347661706, 0.0], [127.03508477169733, 37.677871345324355, 0.0], [127.03466438179373, 37.67799805146913, 0.0], [127.03446470861962, 37.67788062031896, 0.0], [127.03401947641974, 37.67797561639323, 0.0], [127.03349903031952, 37.677932060720906, 0.0], [127.03316985851384, 37.67824785035687, 0.0], [127.0332290589852, 37.678310452322556, 0.0], [127.03312628080766, 37.67840111786641, 0.0], [127.03306456261457, 37.67855078572337, 0.0], [127.03313092000116, 37.678647802775735, 0.0], [127.03310593190182, 37.67883770817523, 0.0], [127.0332396760972, 37.678897064781815, 0.0], [127.03323967290903, 37.67914392327769, 0.0], [127.03329799606522, 37.679196619700264, 0.0], [127.03311679064367, 37.679277945300186, 0.0], [127.03311514032359, 37.6793961529096, 0.0], [127.03316764271757, 37.67943650244505, 0.0], [127.0328610186287, 37.6794747855795, 0.0], [127.03286791078145, 37.67942135580573, 0.0], [127.03274071009929, 37.67939679357097, 0.0], [127.03270642733847, 37.679282378812545, 0.0], [127.03246278555696, 37.67920739224327, 0.0], [127.03239823713518, 37.67909649968829, 0.0], [127.03257086786913, 37.679054469008385, 0.0], [127.03275942080218, 37.678868999247086, 0.0], [127.03279145591733, 37.67876060402579, 0.0], [127.03276422527652, 37.678431484849995, 0.0], [127.03280657482301, 37.67832083568774, 0.0], [127.03276688603616, 37.67829039371439, 0.0], [127.03287441610861, 37.677909074120315, 0.0], [127.03288869552661, 37.67763003959254, 0.0], [127.03280191310913, 37.67747968989489, 0.0], [127.03273572009016, 37.6774957453741, 0.0], [127.03264648613103, 37.67744468377485, 0.0], [127.03248927334371, 37.677478691659665, 0.0], [127.03223622213957, 37.67738703864562, 0.0], [127.03209751564397, 37.6772148090522, 0.0], [127.03207687299671, 37.67691001568636, 0.0], [127.03200521363384, 37.676866427767145, 0.0], [127.03167150260332, 37.67689291189396, 0.0], [127.03161917099128, 37.6778325480097, 0.0], [127.0315481160062, 37.67788428165606, 0.0], [127.03133336928214, 37.67833374101613, 0.0], [127.03104590172778, 37.678359220950114, 0.0], [127.03078200999478, 37.67866949129153, 0.0], [127.03048564529217, 37.678849036918336, 0.0], [127.03024281573202, 37.67910983736175, 0.0], [127.03005456720429, 37.679220973281154, 0.0], [127.02979394701808, 37.679207972025615, 0.0], [127.02975594506334, 37.6794370083699, 0.0], [127.02947114687194, 37.67963934352644, 0.0], [127.02931823787031, 37.67968046411288, 0.0], [127.02925507689471, 37.67963047475309, 0.0], [127.02927941187042, 37.679529560573826, 0.0], [127.02922509439983, 37.67948155156702, 0.0], [127.02896280184352, 37.67954675302805, 0.0], [127.02896792393338, 37.67960153117077, 0.0], [127.02920299777578, 37.67980878997008, 0.0], [127.02917115515437, 37.679842583556315, 0.0], [127.02880790018344, 37.67971536102285, 0.0], [127.02860789240596, 37.67947268587922, 0.0], [127.02853083492934, 37.67920449855204, 0.0], [127.02881292934045, 37.67895643030538, 0.0], [127.02925485236696, 37.67892945069841, 0.0], [127.02964766116166, 37.67852964417701, 0.0], [127.02986279486619, 37.67853237312778, 0.0], [127.0298457574141, 37.678920458238096, 0.0], [127.02999533168638, 37.6787610419285, 0.0], [127.0306594688252, 37.67837940855039, 0.0], [127.03085754392609, 37.67818727200024, 0.0], [127.03113656730791, 37.67773752735004, 0.0], [127.03098687731013, 37.67759052704474, 0.0], [127.03114771479744, 37.67754814057128, 0.0], [127.03126700089497, 37.67763253141139, 0.0], [127.03124130292323, 37.677151599400624, 0.0], [127.0308461438198, 37.67715800493621, 0.0], [127.03025747242243, 37.67734861528232, 0.0], [127.03011991390733, 37.67728729321893, 0.0], [127.02987088039357, 37.6773198780974, 0.0], [127.02974542359495, 37.67709718793182, 0.0], [127.02941555895747, 37.676806883603696, 0.0], [127.02943379381585, 37.676764713640736, 0.0], [127.02968745132826, 37.67693458995287, 0.0], [127.02993606273677, 37.677025695343794, 0.0], [127.03052926959263, 37.67705230939359, 0.0], [127.03103639549938, 37.67696974508968, 0.0], [127.03099756849915, 37.67682226529614, 0.0], [127.03111182331777, 37.67679863149498, 0.0], [127.03086372194572, 37.67660210091145, 0.0], [127.03100585458618, 37.676563414090786, 0.0], [127.03126817876479, 37.67660821660941, 0.0], [127.03151715110187, 37.676714198395054, 0.0], [127.03156995294243, 37.67665868508003, 0.0], [127.03177896685058, 37.67662097139215, 0.0], [127.03193836984026, 37.676401993678915, 0.0], [127.03206944716639, 37.676493318494614, 0.0], [127.03240273144638, 37.676262762766626, 0.0], [127.03281684994487, 37.676064980571965, 0.0], [127.03301985363407, 37.67602870823578, 0.0], [127.03348450428467, 37.67683819556127, 0.0], [127.03368201935835, 37.67694824064243, 0.0], [127.03404587812597, 37.67743070155696, 0.0], [127.034482864241, 37.67715776611723, 0.0], [127.0346332020008, 37.6772169180533, 0.0], [127.03456481457059, 37.67688727084241, 0.0], [127.03510098082002, 37.6769155277749, 0.0], [127.03520244537977, 37.67696236701714, 0.0], [127.03511759812329, 37.677138630581645, 0.0], [127.03488958407088, 37.67714633571201, 0.0], [127.03487948415766, 37.677225402181904, 0.0], [127.03547254692914, 37.67732551696148, 0.0], [127.03539558553538, 37.67762659396909, 0.0], [127.03697547361188, 37.678225422060976, 0.0], [127.0373348526557, 37.678301843974644, 0.0], [127.03735216181019, 37.67822948174808, 0.0], [127.03743889300416, 37.67818293826555, 0.0], [127.03774862533106, 37.67816392315415, 0.0], [127.03782130999168, 37.67825119375328, 0.0], [127.03809856317926, 37.67821029589231, 0.0], [127.03810962535317, 37.67811524058736, 0.0], [127.03884980489914, 37.678013108473834, 0.0], [127.0390852518203, 37.678240889603124, 0.0], [127.03943912542793, 37.67839925702908, 0.0], [127.04046242563848, 37.678418384752945, 0.0], [127.040569442345, 37.678403784595744, 0.0], [127.04058057982289, 37.67820258939436, 0.0], [127.04169726357252, 37.67782278904288, 0.0], [127.04196218046303, 37.67767361300375, 0.0], [127.0424084392025, 37.67734899364657, 0.0], [127.04276490540033, 37.67686234531736, 0.0], [127.04326099212628, 37.67674827147126, 0.0], [127.04301904383271, 37.676444294603385, 0.0], [127.0430853477098, 37.67622362411521, 0.0], [127.04283190264371, 37.676091585537186, 0.0], [127.04245019897742, 37.675548674056714, 0.0], [127.04227219031074, 37.67549628291287, 0.0], [127.04232869912758, 37.67535275139765, 0.0], [127.0422490301499, 37.67522428715719, 0.0], [127.04205554651567, 37.67545238977866, 0.0], [127.04209695462127, 37.675306959219334, 0.0], [127.04183310490457, 37.67518073224577, 0.0], [127.04194708373265, 37.67485958763324, 0.0], [127.04130047958283, 37.674152995087105, 0.0], [127.04104118893551, 37.674053344532794, 0.0], [127.04078828621088, 37.6740284730064, 0.0], [127.04075554868064, 37.674066682819856, 0.0], [127.04064355255477, 37.67405951191973, 0.0], [127.04042465572924, 37.674251943636975, 0.0], [127.04015808649618, 37.67410238033313, 0.0], [127.04042569953026, 37.67386281357158, 0.0], [127.04047455692987, 37.673867572793505, 0.0], [127.04050280696839, 37.67370052350462, 0.0], [127.04020455923683, 37.673662239791874, 0.0], [127.04005854442795, 37.67384671676713, 0.0], [127.03991395484191, 37.673940013997495, 0.0], [127.03914401403244, 37.67399980024047, 0.0], [127.03911190455773, 37.673764185404195, 0.0], [127.03964258924658, 37.67364684131552, 0.0], [127.03979842559504, 37.67345379724915, 0.0], [127.03987524932101, 37.67317618365889, 0.0], [127.0396626689751, 37.67286352455928, 0.0], [127.03957129991096, 37.67284724676693, 0.0], [127.03912028405678, 37.67308353622321, 0.0], [127.0388559235178, 37.67302911156091, 0.0], [127.03865724025457, 37.673069717458226, 0.0], [127.03823514416911, 37.67288587116128, 0.0], [127.03825298430162, 37.67274558367018, 0.0], [127.03805567547394, 37.67258283975011, 0.0], [127.03811150838685, 37.672483985718166, 0.0], [127.0383183117995, 37.67236229076404, 0.0], [127.03867534789252, 37.672330374543634, 0.0], [127.03880587729599, 37.672233027314306, 0.0], [127.03890054994591, 37.67228336195547, 0.0], [127.03918730743776, 37.67212038961834, 0.0], [127.03929228779074, 37.671875245105504, 0.0], [127.03926644419559, 37.671096853050116, 0.0], [127.0370783851924, 37.67017601029868, 0.0], [127.03654848551486, 37.670464390228176, 0.0], [127.03606427410233, 37.670652098226874, 0.0], [127.03589076794836, 37.67049474862398, 0.0], [127.03573534877692, 37.670152980605394, 0.0], [127.03571265578326, 37.66935576669085, 0.0], [127.03554062178196, 37.66925918391791, 0.0], [127.03546209649575, 37.66931560728626, 0.0], [127.0353316321772, 37.669553952073265, 0.0], [127.03524835122587, 37.669617944883164, 0.0], [127.03510984402185, 37.66961870506952, 0.0], [127.03507869119905, 37.66940419478255, 0.0], [127.0351326784949, 37.66923317320185, 0.0], [127.03384586786859, 37.66921839613532, 0.0], [127.03393442364006, 37.670080151014226, 0.0], [127.03421018307709, 37.67031162467195, 0.0], [127.03420444441073, 37.67040794098406, 0.0], [127.03411358821933, 37.67051707336268, 0.0], [127.03392203112719, 37.67059124707098, 0.0], [127.0339882831785, 37.670643425631376, 0.0], [127.03393832679491, 37.67071344387771, 0.0], [127.03397827129311, 37.67081938754861, 0.0], [127.03392633701233, 37.67103158143089, 0.0], [127.03336616807772, 37.671285717316735, 0.0], [127.03312582502787, 37.67117874691968, 0.0], [127.03315657908789, 37.67099980536515, 0.0], [127.03311314454172, 37.67092947819599, 0.0], [127.03286062114843, 37.67103506813552, 0.0], [127.03276628080515, 37.671170463114485, 0.0], [127.03251215947763, 37.671180982400735, 0.0], [127.03232922935871, 37.671267278176074, 0.0], [127.0321442463698, 37.67121432403081, 0.0], [127.03190546060328, 37.671312140133836, 0.0], [127.03180490034134, 37.67126315375053, 0.0], [127.03189236009328, 37.6711491587229, 0.0], [127.03117808623361, 37.67096995343235, 0.0], [127.03115436290388, 37.671017417055154, 0.0], [127.03095582673443, 37.671083851790186, 0.0], [127.03084757328412, 37.67142577985942, 0.0], [127.03074877831246, 37.67150945594359, 0.0], [127.03060665624002, 37.671500633309755, 0.0], [127.03046425729839, 37.671409241019056, 0.0], [127.03054801097115, 37.67123625894504, 0.0], [127.03073682214577, 37.67124887995846, 0.0], [127.03076631643276, 37.67119510842055, 0.0], [127.03066359974274, 37.67104953287991, 0.0], [127.0307208537603, 37.671006201985975, 0.0], [127.03071364343016, 37.670853454176175, 0.0], [127.02905645414188, 37.67046182565472, 0.0], [127.02907663691643, 37.670405106049806, 0.0], [127.02893856595792, 37.67036567570469, 0.0], [127.02891606515759, 37.67042368214437, 0.0], [127.02860576922345, 37.670193977067846, 0.0], [127.0284626767425, 37.67030580579479, 0.0], [127.02838622948852, 37.67028494975474, 0.0], [127.02856113860244, 37.67010303987824, 0.0], [127.02864319627709, 37.670085361010656, 0.0], [127.02874223301092, 37.66995079297642, 0.0], [127.0286882218255, 37.66938341433606, 0.0], [127.02834645674072, 37.66946051460644, 0.0], [127.02824584192386, 37.66955991501105, 0.0], [127.02813567959183, 37.66957922074446, 0.0], [127.02811570184139, 37.66950588588896, 0.0], [127.0280322597416, 37.66945022460501, 0.0], [127.02783890110912, 37.66946639577923, 0.0], [127.02776734083604, 37.66936072725029, 0.0], [127.02797836602144, 37.669289503175236, 0.0], [127.02794063846002, 37.66902246299101, 0.0], [127.027856525855, 37.66899112857756, 0.0], [127.02788844976321, 37.66888210313689, 0.0], [127.02792867773509, 37.668853352993544, 0.0], [127.02804498850621, 37.66891062947305, 0.0], [127.02833728140838, 37.66915553895409, 0.0], [127.02846276628291, 37.669006713249615, 0.0], [127.02891073647551, 37.66866275376315, 0.0], [127.0293939490622, 37.66843091028368, 0.0], [127.02950505464194, 37.6682088837866, 0.0], [127.02974534130756, 37.66819396145034, 0.0], [127.02989223696112, 37.66790894878666, 0.0], [127.0297001901078, 37.66779556070693, 0.0], [127.02972202051207, 37.66767878989639, 0.0], [127.03002149420576, 37.667734668341694, 0.0], [127.0302271398179, 37.667550730479505, 0.0], [127.02989870970016, 37.66734457682858, 0.0], [127.02988246607704, 37.667250879780916, 0.0], [127.02993503609416, 37.66719941946614, 0.0], [127.02976610804338, 37.66707044312186, 0.0], [127.03002484751092, 37.667018934738046, 0.0], [127.03033474585578, 37.66707697295912, 0.0], [127.03062643084944, 37.66722168761825, 0.0], [127.030906798409, 37.667118005860864, 0.0], [127.03095463591501, 37.66713952705868, 0.0], [127.03083767365254, 37.6665786109734, 0.0], [127.03088184122078, 37.666490124278084, 0.0], [127.03146688823718, 37.666443126027374, 0.0], [127.03142996329291, 37.66622032473407, 0.0], [127.0311309977226, 37.66600119334277, 0.0], [127.03109864524627, 37.665873803647486, 0.0], [127.03054682849091, 37.66549871345885, 0.0], [127.029940032939, 37.66588555844742, 0.0], [127.02935802122325, 37.66661455789971, 0.0], [127.02912217286409, 37.6666571383737, 0.0], [127.02893849139538, 37.66677250569372, 0.0], [127.02875585290192, 37.666649656290886, 0.0], [127.0287166887629, 37.6664793794482, 0.0], [127.02887896611686, 37.666099042206646, 0.0], [127.02881169844703, 37.665941117665795, 0.0], [127.02862430124084, 37.66581538460028, 0.0], [127.0294053273162, 37.664923729600865, 0.0], [127.02870006462015, 37.66435365665782, 0.0], [127.0286479589574, 37.665170641697756, 0.0], [127.0283076503751, 37.6653345444022, 0.0], [127.02813411234692, 37.66519553705311, 0.0], [127.02779865138669, 37.665258590343186, 0.0], [127.02746719998412, 37.66544777783144, 0.0], [127.02748630061865, 37.66561967915833, 0.0], [127.02742513363783, 37.66572132264541, 0.0], [127.0271776445852, 37.665853819199874, 0.0], [127.02698651975338, 37.66575385304153, 0.0], [127.02690744685768, 37.66520193334496, 0.0], [127.02625525215252, 37.66414850041406, 0.0], [127.02674796365095, 37.66347903605226, 0.0], [127.02668336945166, 37.66316506043159, 0.0], [127.02644792912086, 37.66303870475436, 0.0], [127.02650071143239, 37.66294336985272, 0.0], [127.02661405374276, 37.66296298714109, 0.0], [127.02670240612902, 37.66281863254024, 0.0], [127.02729140168735, 37.66279778238728, 0.0], [127.02743862459766, 37.66269949957348, 0.0], [127.02749308220584, 37.6618890435292, 0.0], [127.02745779111255, 37.66185839109591, 0.0], [127.02701291263187, 37.66173160381221, 0.0], [127.02601060404345, 37.66161902826266, 0.0], [127.02594847615094, 37.66170599798364, 0.0], [127.02579103637632, 37.66164890918719, 0.0], [127.02582704176847, 37.661596551224335, 0.0], [127.02487881094706, 37.66149065501823, 0.0], [127.02439366846822, 37.6615203952987, 0.0], [127.02443036719234, 37.66168864385569, 0.0], [127.02425619029367, 37.66174138428162, 0.0], [127.02458507261073, 37.662068554223545, 0.0], [127.02462558180692, 37.66223089990573, 0.0], [127.02456571479664, 37.66233174321421, 0.0], [127.02467152951499, 37.66237874249061, 0.0], [127.02467948224749, 37.66244289092273, 0.0], [127.02451748770802, 37.66268438316484, 0.0], [127.02452781706658, 37.66273231266855, 0.0], [127.02438242132091, 37.662776758932, 0.0], [127.02425921531308, 37.66274353734874, 0.0], [127.02417069867872, 37.66213863856744, 0.0], [127.02292781165056, 37.66254728359096, 0.0], [127.02302748570793, 37.662730253643936, 0.0], [127.02305410459361, 37.663072348031946, 0.0], [127.02300391648322, 37.663141281888684, 0.0], [127.02305267569777, 37.663224612668884, 0.0], [127.02291601914462, 37.663317348054925, 0.0], [127.0227735471182, 37.663289624448815, 0.0], [127.02269721296392, 37.66348001345178, 0.0], [127.02270982888473, 37.66360326419068, 0.0], [127.02261883305857, 37.66364968057092, 0.0], [127.02262725551968, 37.663777256968245, 0.0], [127.02281233830857, 37.66418509408459, 0.0], [127.0226386196757, 37.664285045784, 0.0], [127.02233767538095, 37.6641635562232, 0.0], [127.022310651198, 37.663987960748486, 0.0], [127.0222585168244, 37.6639879704289, 0.0], [127.02226763132094, 37.66416050455696, 0.0], [127.02215849459694, 37.664186381420706, 0.0], [127.02201350716825, 37.66407666862005, 0.0], [127.02198445843761, 37.66395080766205, 0.0], [127.02192631412595, 37.66394261864584, 0.0], [127.02189818126473, 37.663853067092205, 0.0], [127.02167132446903, 37.66359398558892, 0.0], [127.02155958158299, 37.66362094465171, 0.0], [127.0213164980283, 37.66328140849867, 0.0], [127.0212234070165, 37.663548923248534, 0.0], [127.02064606460272, 37.66396463761286, 0.0], [127.020486884224, 37.66374338382257, 0.0], [127.02036068827486, 37.66379178069622, 0.0], [127.02018635592947, 37.66354406211978, 0.0], [127.02025628272402, 37.66344790115356, 0.0], [127.02001485299117, 37.663352255500484, 0.0], [127.01983478989864, 37.66346841929234, 0.0], [127.01971887752991, 37.66345014964815, 0.0], [127.01967661499913, 37.663177879375056, 0.0], [127.01910139391256, 37.66299939428989, 0.0], [127.01882346476295, 37.66286203689331, 0.0], [127.01846828503895, 37.662923174260264, 0.0], [127.01850274762558, 37.66296083025017, 0.0], [127.01835035218205, 37.66314005565551, 0.0], [127.01832726479388, 37.6632880892362, 0.0], [127.0182090370123, 37.663208549521116, 0.0], [127.01822568720519, 37.66316115600872, 0.0], [127.0181362665467, 37.66316333070099, 0.0], [127.01805668971335, 37.66309955350997, 0.0], [127.01835539155749, 37.66287111378973, 0.0], [127.01833566323201, 37.662838141765825, 0.0], [127.01809257116544, 37.662890882756905, 0.0], [127.01767271028338, 37.66310834573175, 0.0], [127.01745359336236, 37.662921513440196, 0.0], [127.01756725908537, 37.66287834122447, 0.0], [127.0176104267334, 37.66281697922274, 0.0], [127.01755817513019, 37.662795813121456, 0.0], [127.01763794741895, 37.66272922075825, 0.0], [127.0179773784608, 37.662690161891625, 0.0], [127.01971724114148, 37.6629226275891, 0.0], [127.02010451629617, 37.66295455175139, 0.0], [127.02018429273139, 37.662907598640224, 0.0], [127.02035532479195, 37.66294324976323, 0.0], [127.02038327633649, 37.6627771061183, 0.0], [127.02046984641271, 37.66270825819725, 0.0], [127.02041021704383, 37.662646460984696, 0.0], [127.02062433349936, 37.66240771810334, 0.0], [127.02116878017442, 37.66238231895294, 0.0], [127.02138949427388, 37.662458987147524, 0.0], [127.02160605293626, 37.66237425787146, 0.0], [127.02211447971128, 37.6619931482928, 0.0], [127.02241390913866, 37.66199679011869, 0.0], [127.02243874809983, 37.66206300712933, 0.0], [127.02203927365775, 37.66216686950939, 0.0], [127.02176722537288, 37.662411080155636, 0.0], [127.02134250081261, 37.66261026919915, 0.0], [127.02160252936517, 37.66275122732079, 0.0], [127.02265809147185, 37.66220577303197, 0.0], [127.02275250747832, 37.662234948187034, 0.0], [127.02278070475231, 37.662154756128935, 0.0], [127.02301193840303, 37.66203008243385, 0.0], [127.02286930555495, 37.661906698827785, 0.0], [127.02272500344169, 37.6619715068093, 0.0], [127.02279637581587, 37.66184360697055, 0.0], [127.02251469959612, 37.660913352207785, 0.0], [127.02225168687023, 37.661026651208175, 0.0], [127.02214823666783, 37.66111027885829, 0.0], [127.02208413645748, 37.66127435758505, 0.0], [127.02193696533743, 37.66145142494406, 0.0], [127.02175610631102, 37.66152812900465, 0.0], [127.02135385120563, 37.66182362571927, 0.0], [127.02103926888132, 37.661943418635204, 0.0], [127.02073100336374, 37.66195770460656, 0.0], [127.01993721791364, 37.66172682319335, 0.0], [127.01993801811369, 37.66128829508444, 0.0], [127.019493774795, 37.661172970459354, 0.0], [127.01918286545909, 37.66101084247113, 0.0], [127.01908092500956, 37.66114462559544, 0.0], [127.01835738072641, 37.660637329333895, 0.0], [127.01803442816818, 37.660320952533915, 0.0], [127.01785318884512, 37.66022241171844, 0.0], [127.01789114119084, 37.66016041896221, 0.0], [127.01803520807132, 37.660262749375455, 0.0], [127.01816757911651, 37.660264082432626, 0.0], [127.01829883427331, 37.66033722276626, 0.0], [127.0187071592282, 37.66030599084479, 0.0], [127.01879210854271, 37.66038667873365, 0.0], [127.01878879409426, 37.66046139661479, 0.0], [127.01977520520386, 37.66081443024318, 0.0], [127.02013649267244, 37.66119999049806, 0.0], [127.02027769854924, 37.66117492100918, 0.0], [127.02039298060079, 37.661268784216276, 0.0], [127.02086422541485, 37.661294205233126, 0.0], [127.02100722314772, 37.66118435276565, 0.0], [127.02109240203188, 37.661003062710044, 0.0], [127.02104273852254, 37.6609136947982, 0.0], [127.02071055701889, 37.66075248943432, 0.0], [127.02093892774812, 37.66049378157138, 0.0], [127.02122912029009, 37.66072139561835, 0.0], [127.02147073586256, 37.66069216334043, 0.0], [127.02162427265691, 37.66058789516558, 0.0], [127.02153530183561, 37.66056781852874, 0.0], [127.0208984703215, 37.660056261120886, 0.0], [127.02068088766775, 37.6601035075152, 0.0], [127.02066409699907, 37.66003485587281, 0.0], [127.02050091447518, 37.66009074324786, 0.0], [127.02036234547408, 37.66022861397767, 0.0], [127.02023440227485, 37.660259446570656, 0.0], [127.02014213285848, 37.66018918631286, 0.0], [127.02018429116899, 37.659789248395576, 0.0], [127.020145746817, 37.659683377728435, 0.0], [127.02011558967808, 37.65964238945648, 0.0], [127.01980533727291, 37.65965469193652, 0.0], [127.01970225124622, 37.65944496983273, 0.0], [127.02002908734106, 37.65906091311323, 0.0], [127.01967514338297, 37.65899321621359, 0.0], [127.01951525666917, 37.65907784208207, 0.0], [127.01917209037447, 37.65906149602399, 0.0], [127.01881041822794, 37.65889757284086, 0.0], [127.0187127096101, 37.65881856976168, 0.0], [127.01872210152196, 37.65875288909941, 0.0], [127.01876470523936, 37.65872234003847, 0.0], [127.01902288168854, 37.658773567608556, 0.0], [127.01926726223242, 37.658957149796194, 0.0], [127.02041489533258, 37.6587471343128, 0.0], [127.02065237342141, 37.65895666293203, 0.0], [127.02090795211977, 37.65903491404849, 0.0], [127.02091590166732, 37.65910041474902, 0.0], [127.02148430276364, 37.65930024481537, 0.0], [127.02165490266506, 37.65944022894893, 0.0], [127.02181765805595, 37.65949317794657, 0.0], [127.0219731417856, 37.65947044646759, 0.0], [127.02220847035635, 37.65966861994494, 0.0], [127.0220320574966, 37.658999136866115, 0.0], [127.02144883304341, 37.6582385823717, 0.0], [127.02129599417836, 37.658190729592, 0.0], [127.02140655807429, 37.65798023262818, 0.0], [127.0212699085641, 37.657752772586605, 0.0], [127.02071737366145, 37.657877825240774, 0.0], [127.0197710611451, 37.65777337223715, 0.0], [127.01952420149843, 37.65763042574086, 0.0], [127.01956033209149, 37.65754212405356, 0.0], [127.01993048575484, 37.65766072613321, 0.0], [127.02018502137311, 37.657671587205854, 0.0], [127.02073601850816, 37.65755320337059, 0.0], [127.0207438212398, 37.657470240193035, 0.0], [127.01822247347336, 37.65741456282882, 0.0], [127.01780061192261, 37.65766662510909, 0.0], [127.01727062281114, 37.65848281756782, 0.0], [127.01760182243017, 37.658647454588035, 0.0], [127.01745067773572, 37.6588128017461, 0.0], [127.01729198160936, 37.65864632317457, 0.0], [127.01715065915043, 37.65865339529875, 0.0], [127.0169463961078, 37.658972071140575, 0.0], [127.0162380290504, 37.659838178572265, 0.0], [127.01609585121713, 37.66010173130867, 0.0], [127.01634735517483, 37.66021549083422, 0.0], [127.01645868982776, 37.66042908931568, 0.0], [127.01640407461716, 37.66064535860537, 0.0], [127.0159183435436, 37.6612317542183, 0.0], [127.01583681721708, 37.66132193875855, 0.0], [127.01530421835967, 37.661370793975074, 0.0], [127.01519909415951, 37.66145776789423, 0.0], [127.01485546647002, 37.66176200994039, 0.0], [127.01460594417448, 37.66211083424056, 0.0], [127.01306129046321, 37.66379323035145, 0.0], [127.01242508066366, 37.66430056572739, 0.0], [127.01212077255116, 37.66495643785623, 0.0], [127.0117660810773, 37.66538243282081, 0.0], [127.01186187310121, 37.6657615342473, 0.0], [127.01177703582871, 37.66592067307749, 0.0], [127.01149574441826, 37.66605350236963, 0.0], [127.01147128085329, 37.66617504403057, 0.0], [127.01162948658445, 37.66638218462023, 0.0], [127.01150874276992, 37.6669927575984, 0.0], [127.0109499981607, 37.66701235452587, 0.0], [127.01105689232553, 37.66711418049117, 0.0], [127.01047882758407, 37.66723256047011, 0.0], [127.01049890955703, 37.66730214016649, 0.0], [127.01001414577718, 37.667403076669004, 0.0], [127.00995856166296, 37.66747850811398, 0.0], [127.01010193706755, 37.6674717425217, 0.0], [127.01010989437283, 37.66765446036576, 0.0], [127.00990010252528, 37.667704207667, 0.0], [127.00980194100734, 37.66764601171131, 0.0], [127.00972646157504, 37.6677272848147, 0.0], [127.00931622295134, 37.667709025008364, 0.0], [127.00927756519536, 37.668229336831786, 0.0], [127.00912514896035, 37.668525316692204, 0.0], [127.00849853368379, 37.669200455032076, 0.0], [127.00840515219124, 37.66935398547439, 0.0], [127.0083215376585, 37.66972924552148, 0.0], [127.00791255529093, 37.67053778882217, 0.0], [127.00816860445296, 37.67069680895113, 0.0], [127.00779083292498, 37.67100052231414, 0.0], [127.00782271361474, 37.67119740801242, 0.0], [127.00790535240556, 37.67132858566875, 0.0], [127.00762965689499, 37.67144114982167, 0.0], [127.00778365310963, 37.67176358159694, 0.0], [127.0068414050349, 37.6719543107124, 0.0], [127.00692788136882, 37.67223800410868, 0.0], [127.00724024060239, 37.67241210203961, 0.0], [127.00696831824521, 37.67277234109248, 0.0], [127.00683742033378, 37.67271952471056, 0.0], [127.00705314091296, 37.67249851593997, 0.0], [127.00700119544948, 37.67247850287361, 0.0], [127.00667298560315, 37.67278545356264, 0.0], [127.0060222172613, 37.672407076362106, 0.0], [127.00599179483525, 37.672902378516575, 0.0], [127.00575304137053, 37.67340993116918, 0.0], [127.00576574781668, 37.67380206993789, 0.0], [127.00570281687806, 37.673802420018035, 0.0], [127.00566624236575, 37.67387890514221, 0.0], [127.00553729620083, 37.67388161842496, 0.0], [127.00553412690242, 37.674020694102715, 0.0], [127.00547567519322, 37.67405398847774, 0.0], [127.0056013533227, 37.67430185603812, 0.0], [127.00573533716923, 37.67438481642198, 0.0], [127.005815701874, 37.67463639930694, 0.0], [127.00566046029725, 37.67465370325221, 0.0], [127.00559163533893, 37.67447973180991, 0.0], [127.00560243649801, 37.67437599508687, 0.0], [127.0054278364938, 37.67404608149972, 0.0], [127.00529327870206, 37.67402597090301, 0.0], [127.00523123430531, 37.67390370731894, 0.0], [127.0050627148481, 37.674141990993824, 0.0], [127.00527435565327, 37.6743927244019, 0.0], [127.00479354683611, 37.67515540960171, 0.0], [127.00447431186969, 37.67500472359822, 0.0], [127.00435770171114, 37.675186235821464, 0.0], [127.00429516153058, 37.6759598117633, 0.0], [127.0039928405463, 37.67595026829941, 0.0], [127.00383435142771, 37.67536184631874, 0.0], [127.00353570751324, 37.67533470785086, 0.0], [127.003415400235, 37.674507702246984, 0.0], [127.00370717431419, 37.67433278319573, 0.0], [127.003817540589, 37.67420770201544, 0.0], [127.00392260974736, 37.6739684925973, 0.0], [127.00409875455864, 37.67382739623027, 0.0], [127.0042784191719, 37.67355734377017, 0.0], [127.00427159068909, 37.6731274268073, 0.0], [127.00423032770873, 37.67306084596282, 0.0], [127.00411550244401, 37.673032287667645, 0.0], [127.00411855537325, 37.67280731372193, 0.0], [127.00439399306521, 37.67271324576444, 0.0], [127.00464833484943, 37.67231933359328, 0.0], [127.00484794198378, 37.67228770668466, 0.0], [127.00485411509086, 37.6721776502557, 0.0], [127.00557347437501, 37.67194549434902, 0.0], [127.00553673991487, 37.67176115680711, 0.0], [127.00540786439501, 37.67180656994814, 0.0], [127.00499923160477, 37.67159422344479, 0.0], [127.00506103484845, 37.67137941151668, 0.0], [127.00483089662356, 37.67132402854404, 0.0], [127.00477664047384, 37.671349576134645, 0.0], [127.00465599220357, 37.67110698708858, 0.0], [127.00451929156871, 37.6710438325252, 0.0], [127.00442192839975, 37.671104110143645, 0.0], [127.00423898320973, 37.671036992470114, 0.0], [127.0040184107794, 37.671119525755884, 0.0], [127.00383965798369, 37.67103402530537, 0.0], [127.00408233448316, 37.67098464885091, 0.0], [127.0041607686227, 37.670922570392634, 0.0], [127.00436139607822, 37.67097824527598, 0.0], [127.00462911885023, 37.67087129220811, 0.0], [127.00489209200043, 37.67103399980076, 0.0], [127.00515029675203, 37.67100651298299, 0.0], [127.00540025419971, 37.67080596412805, 0.0], [127.00538458772503, 37.670713218973304, 0.0], [127.00626650105129, 37.67031750138692, 0.0], [127.00687474883526, 37.669154409909325, 0.0], [127.00736429389111, 37.669269799056444, 0.0], [127.00754110633936, 37.66919744388443, 0.0], [127.00769308685156, 37.669008411891724, 0.0], [127.00771698025679, 37.6687423535955, 0.0], [127.00763322432377, 37.668808039202595, 0.0], [127.00742534928222, 37.66876020823834, 0.0], [127.00723209838186, 37.66880995044511, 0.0], [127.00718585164334, 37.66877166151325, 0.0], [127.00729135817281, 37.66855145884677, 0.0], [127.00727128894302, 37.668460461220285, 0.0], [127.00735017518139, 37.668445140907096, 0.0], [127.00736955083313, 37.66837810772468, 0.0], [127.00733327085459, 37.6682444959039, 0.0], [127.00728646113332, 37.66825522001405, 0.0], [127.00728872021307, 37.668157914394676, 0.0], [127.00738664893053, 37.66816124285101, 0.0], [127.0075312692467, 37.667945200704715, 0.0], [127.00779648696157, 37.66801211043973, 0.0], [127.00818977151246, 37.66794434116068, 0.0], [127.00811441732479, 37.667667356616626, 0.0], [127.00826127217572, 37.66763719025394, 0.0], [127.00848465806632, 37.667498517563025, 0.0], [127.00911631083328, 37.6669235029346, 0.0], [127.0094290297353, 37.6665736997561, 0.0], [127.00893101636424, 37.66651635768019, 0.0], [127.00878543005985, 37.6664096465762, 0.0], [127.00861218514842, 37.6663672121794, 0.0], [127.0083989586371, 37.66611156468086, 0.0], [127.00842875201951, 37.66597605809936, 0.0], [127.00872230372401, 37.665983696823844, 0.0], [127.00874384741554, 37.66607514294005, 0.0], [127.0088460728606, 37.66600278963996, 0.0], [127.00909975840302, 37.66603505257229, 0.0], [127.00912000997272, 37.66594159653778, 0.0], [127.00923458583956, 37.66584428411301, 0.0], [127.00922551472743, 37.66578492154454, 0.0], [127.00940592283328, 37.665766983818386, 0.0], [127.0094683556758, 37.665899518578655, 0.0], [127.00980551999459, 37.6659052106307, 0.0], [127.00988332641558, 37.66569116275855, 0.0], [127.00988508060715, 37.66565303555509, 0.0], [127.00959254639001, 37.66562827683088, 0.0], [127.00912304037013, 37.66564604859506, 0.0], [127.0079625047713, 37.66531602843218, 0.0], [127.00721357701616, 37.664816595561085, 0.0], [127.00674910184729, 37.665018048015845, 0.0], [127.00666340251131, 37.66480398087846, 0.0], [127.00710569554028, 37.66470590367169, 0.0], [127.00676567878212, 37.66435473270509, 0.0], [127.00682232666372, 37.66385440166858, 0.0], [127.00656041510116, 37.66371227470999, 0.0], [127.00621492875456, 37.6631199879501, 0.0], [127.00645246797929, 37.662946090128315, 0.0], [127.00689390615103, 37.66289642699256, 0.0], [127.00745152131262, 37.66266865361466, 0.0], [127.00760842470132, 37.66273080486442, 0.0], [127.00778561310467, 37.6627048901637, 0.0], [127.00790935739553, 37.66249553552802, 0.0], [127.00724271429672, 37.662395471600874, 0.0], [127.00721029196416, 37.6622912303545, 0.0], [127.0071311341306, 37.66233489280031, 0.0], [127.00676444591615, 37.66208678319317, 0.0], [127.00680715602998, 37.66205403337009, 0.0], [127.00676826364865, 37.66194554670571, 0.0], [127.0064808611551, 37.662133593025445, 0.0], [127.0064754592712, 37.66242514272395, 0.0], [127.00621125819465, 37.662395696385275, 0.0], [127.00614531341166, 37.66264671110636, 0.0], [127.00605226404268, 37.66267365351626, 0.0], [127.00593665898943, 37.662605273723166, 0.0], [127.00536318140759, 37.66256475018135, 0.0], [127.00540397652497, 37.66244122588364, 0.0], [127.00531115145175, 37.66236329402461, 0.0], [127.00561556677599, 37.66233751409385, 0.0], [127.0056954545413, 37.662122180584234, 0.0], [127.0059265369226, 37.662011260827285, 0.0], [127.00591938997653, 37.66189503640975, 0.0], [127.00604836329742, 37.66188115704084, 0.0], [127.00623581106883, 37.6617806013396, 0.0], [127.00635470011568, 37.66182546438172, 0.0], [127.00645335280738, 37.66164248741298, 0.0], [127.00659415838267, 37.66159066124419, 0.0], [127.0065333037306, 37.661325326325084, 0.0], [127.00633038128439, 37.6613421740078, 0.0], [127.00611193270372, 37.66116530394811, 0.0], [127.00615487382241, 37.660960726916926, 0.0], [127.00620203444524, 37.66097543672393, 0.0], [127.00614271646356, 37.66083252081924, 0.0], [127.00581191004157, 37.66073888386133, 0.0], [127.00548477454353, 37.66048833289516, 0.0], [127.00573377549374, 37.66020167627182, 0.0], [127.00567495307469, 37.659940305328334, 0.0], [127.00591661638262, 37.65994321963539, 0.0], [127.00614911384766, 37.66000919924183, 0.0], [127.0065294694554, 37.66026199724102, 0.0], [127.00653310208295, 37.66035191415257, 0.0], [127.0067397124589, 37.660447949225585, 0.0], [127.00699605833582, 37.660314953848584, 0.0], [127.00717026457019, 37.6605225297631, 0.0], [127.0076123584879, 37.66058934234807, 0.0], [127.00802679055549, 37.660733084803326, 0.0], [127.0080300908504, 37.66117978594372, 0.0], [127.00828127452387, 37.66111835016778, 0.0], [127.00823319074544, 37.66101010506186, 0.0], [127.00836252033696, 37.66098230805031, 0.0], [127.00830779581803, 37.66072041380443, 0.0], [127.0088863383184, 37.660570188554516, 0.0], [127.00904161455007, 37.660660634813794, 0.0], [127.00905023450404, 37.66072280141924, 0.0], [127.00851385163251, 37.660920328463234, 0.0], [127.00851172345851, 37.660966256059915, 0.0], [127.00999562208618, 37.66119365750198, 0.0], [127.00987347697055, 37.6611341036712, 0.0], [127.00988082439412, 37.66107142301638, 0.0], [127.0101144790425, 37.66107366542369, 0.0], [127.01019495967589, 37.66067980048446, 0.0], [127.00996504612624, 37.660704360516156, 0.0], [127.01027847073853, 37.66026303974567, 0.0], [127.01028196182014, 37.66007608697993, 0.0], [127.01017835120675, 37.659845805856115, 0.0], [127.01007837773551, 37.65976018849118, 0.0], [127.00986851395257, 37.65993187160257, 0.0], [127.00961702236731, 37.65983512453348, 0.0], [127.0095979700265, 37.65971457485825, 0.0], [127.00972908136102, 37.65961230562996, 0.0], [127.00977779990805, 37.659490761348316, 0.0], [127.00992773485618, 37.65945291093492, 0.0], [127.01003884598944, 37.65950122972942, 0.0], [127.01022749029114, 37.65945306801875, 0.0], [127.01052224131718, 37.659287626743094, 0.0], [127.01061876411178, 37.659003541020255, 0.0], [127.01034369845047, 37.65887174936468, 0.0], [127.0102381897503, 37.658884372571464, 0.0], [127.00984671934125, 37.65860392520314, 0.0], [127.00978371066371, 37.658617533995006, 0.0], [127.00961595910097, 37.65839464709395, 0.0], [127.0096819087289, 37.65832463702293, 0.0], [127.00967464874805, 37.65825336991353, 0.0], [127.00980770422413, 37.658330572357755, 0.0], [127.00994449057262, 37.65832299445271, 0.0], [127.01007347074173, 37.6584262372321, 0.0], [127.01025694464927, 37.65838775143562, 0.0], [127.01024064859193, 37.65742500851894, 0.0], [127.01031353533277, 37.657308708220306, 0.0], [127.01038833450977, 37.656831741520456, 0.0], [127.00989152875944, 37.65698541184164, 0.0], [127.00966238267561, 37.65697705058444, 0.0], [127.0100787145234, 37.65573845072464, 0.0], [127.01050058846793, 37.65546209086022, 0.0], [127.01047187698751, 37.655123054630685, 0.0], [127.01033066143832, 37.65500359692196, 0.0], [127.01022730800636, 37.65498441378398, 0.0], [127.01019570030519, 37.65505784586369, 0.0], [127.00991887724817, 37.655287344000214, 0.0], [127.0097135354955, 37.655304566078954, 0.0], [127.00969099409275, 37.655395115085646, 0.0], [127.0095348511685, 37.65555171548125, 0.0], [127.0094819479638, 37.65573894331519, 0.0], [127.00939288222152, 37.655806521815194, 0.0], [127.0092054958151, 37.65576583574159, 0.0], [127.00909375799199, 37.65521370006067, 0.0], [127.00888047612432, 37.65536978958877, 0.0], [127.00854031489763, 37.65508847970589, 0.0], [127.00799132246404, 37.65491752538682, 0.0], [127.00778291985972, 37.65492726558775, 0.0], [127.00775887525583, 37.654690492855295, 0.0], [127.00783570838902, 37.65468634372531, 0.0], [127.00778253632139, 37.654408665875174, 0.0], [127.00838744443377, 37.65432547056732, 0.0], [127.00852293201689, 37.65437641703139, 0.0], [127.00862948941283, 37.654213016342865, 0.0], [127.0087374860595, 37.65386928612169, 0.0], [127.00918733208475, 37.65364802875325, 0.0], [127.00895958193229, 37.65360623064451, 0.0], [127.00899665992841, 37.653403015932405, 0.0], [127.0093074081605, 37.65340176268043, 0.0], [127.0093021016831, 37.65356436211891, 0.0], [127.00952407690949, 37.65336315734887, 0.0], [127.00968340689117, 37.653366662517854, 0.0], [127.00943679022815, 37.653086475804336, 0.0], [127.00944450155811, 37.65302974991993, 0.0], [127.00958420364957, 37.65293347785698, 0.0], [127.0094553636624, 37.652963491099875, 0.0], [127.00973002576337, 37.652721020159284, 0.0], [127.00968604861892, 37.65267300083553, 0.0], [127.00987122180652, 37.65234832085997, 0.0], [127.01003338185502, 37.65235176970904, 0.0], [127.01006208158279, 37.652297880020036, 0.0], [127.01009833720666, 37.65215698880196, 0.0], [127.0099154384252, 37.65220412693629, 0.0], [127.00983938087602, 37.65205015586071, 0.0], [127.01016880117841, 37.65196660219996, 0.0], [127.01021170724, 37.65180400015525, 0.0], [127.01017686673889, 37.65163251080861, 0.0], [127.01054505145436, 37.65108920450402, 0.0], [127.01056626232013, 37.650996338718144, 0.0], [127.01048188314977, 37.65094972037062, 0.0], [127.01052100316576, 37.650883603919176, 0.0], [127.01061721566813, 37.65093945683633, 0.0], [127.01126875432861, 37.649814446023406, 0.0], [127.0112565419167, 37.649737479976864, 0.0], [127.01083997415496, 37.649139037833685, 0.0], [127.0107162014491, 37.649196377658086, 0.0], [127.01019918540383, 37.64927065549248, 0.0], [127.00973231921022, 37.64928278961283, 0.0], [127.00988009301759, 37.64898279748708, 0.0], [127.00942114402825, 37.64841525857191, 0.0], [127.00924341277005, 37.6484167753825, 0.0], [127.0093381083105, 37.64820426752695, 0.0], [127.00935390791682, 37.6479497978887, 0.0], [127.00912734098976, 37.647903941813624, 0.0], [127.00853323742697, 37.64749812330156, 0.0], [127.00834358116197, 37.64746228460532, 0.0], [127.008171344915, 37.64754983355697, 0.0], [127.00790180580918, 37.64722931855107, 0.0], [127.00741029400035, 37.646937757358394, 0.0], [127.00743240218871, 37.64687145458179, 0.0], [127.00719868383673, 37.64677563005082, 0.0], [127.0066806099846, 37.6473530902509, 0.0], [127.00681336942125, 37.64771887099858, 0.0], [127.0065596941932, 37.64767747364633, 0.0], [127.00629589220874, 37.64785540039705, 0.0], [127.00630482543771, 37.64757393538911, 0.0], [127.00625710729369, 37.64734607996422, 0.0], [127.0059811867117, 37.647240944962164, 0.0], [127.00591625174756, 37.647116492416785, 0.0], [127.0058475188317, 37.64715452030538, 0.0], [127.00488484322277, 37.64698036498916, 0.0], [127.00475798255779, 37.64709391904195, 0.0], [127.00449195196781, 37.64701983973791, 0.0], [127.00446132606636, 37.646923671092964, 0.0], [127.00436376427398, 37.64688691308577, 0.0], [127.00414375849523, 37.64693884468171, 0.0], [127.00388179883721, 37.646896251243675, 0.0], [127.00355900847057, 37.64609451996725, 0.0], [127.00334836624404, 37.64615993561912, 0.0], [127.00318429385453, 37.64613984623009, 0.0], [127.00327278409024, 37.645953522503284, 0.0], [127.00346686874649, 37.645823129409514, 0.0], [127.00314360633733, 37.64575098559899, 0.0], [127.00309533754421, 37.645794232987136, 0.0], [127.00274929001215, 37.64576378345208, 0.0], [127.00250601141539, 37.6454946645085, 0.0], [127.00219169228782, 37.64544177949335, 0.0], [127.00264231932174, 37.645289871705884, 0.0], [127.00330800802371, 37.64531788393592, 0.0], [127.00345848084005, 37.645281932145586, 0.0], [127.00407329862776, 37.64543256447772, 0.0], [127.00407273397694, 37.64548680268654, 0.0], [127.0045676765239, 37.64572383795385, 0.0], [127.00523249987322, 37.64558292628195, 0.0], [127.0051947479874, 37.64539792561139, 0.0], [127.00507048956345, 37.645307356424965, 0.0], [127.00489961770825, 37.64500064945518, 0.0], [127.00449057826768, 37.644784526859446, 0.0], [127.00444371026379, 37.644704836679544, 0.0], [127.00444124448109, 37.644525227034514, 0.0], [127.00464338213044, 37.64444152073402, 0.0], [127.00377485122137, 37.64382559318983, 0.0], [127.00342942813552, 37.6435071894676, 0.0], [127.00353315221948, 37.64331304468418, 0.0], [127.00354000434272, 37.64313794932971, 0.0], [127.00347541856046, 37.64305958306185, 0.0], [127.00354645407404, 37.642792017534994, 0.0], [127.003478566293, 37.642515996884185, 0.0], [127.00279131282575, 37.64270753598786, 0.0], [127.0022900456452, 37.64224596082886, 0.0], [127.00282142339785, 37.641207597834416, 0.0], [127.00321412859506, 37.64070699232052, 0.0], [127.00452095709734, 37.6408299050304, 0.0], [127.00413001652065, 37.64234535488863, 0.0], [127.00510232171976, 37.64207515648036, 0.0], [127.00539935084751, 37.64193898167116, 0.0], [127.00557509578367, 37.641712027244886, 0.0], [127.0056837942738, 37.64123652303248, 0.0], [127.00650179671797, 37.641294127802304, 0.0], [127.006684997817, 37.64151772959752, 0.0], [127.0077262577498, 37.64170987963944, 0.0], [127.00793851839133, 37.64170369775457, 0.0], [127.00864164037989, 37.64166092419331, 0.0], [127.00874684499706, 37.64157049587412, 0.0], [127.00874873858734, 37.64146074711115, 0.0], [127.00844873458148, 37.641271211032006, 0.0], [127.00883458858038, 37.64090566761723, 0.0], [127.00913034740009, 37.641084672773935, 0.0], [127.00913638308033, 37.64072274994522, 0.0], [127.0093455977432, 37.64053211683123, 0.0], [127.00865170542481, 37.640529088381506, 0.0], [127.00878509155913, 37.64026141774662, 0.0], [127.00856889179623, 37.640222685574024, 0.0], [127.00837001073336, 37.64068906844153, 0.0], [127.00843908482979, 37.640832452462746, 0.0], [127.00828940076542, 37.6410256124604, 0.0], [127.0081288626451, 37.64107285470145, 0.0], [127.0079156041381, 37.640976097434255, 0.0], [127.0078507626946, 37.64086356008555, 0.0], [127.00760198647068, 37.64087349040722, 0.0], [127.00761408095494, 37.64065945541989, 0.0], [127.00757162901316, 37.64067716976872, 0.0], [127.00756927086857, 37.6405300861282, 0.0], [127.0076751219553, 37.640479913336215, 0.0], [127.00831278404195, 37.63961523880037, 0.0], [127.00832179085026, 37.6392204664772, 0.0], [127.00799412572762, 37.63905763319701, 0.0], [127.00746717661391, 37.63898449208548, 0.0], [127.00668256667886, 37.638709266200564, 0.0], [127.00556759006894, 37.63870757412199, 0.0], [127.00536547043002, 37.63881620507431, 0.0], [127.00517629578069, 37.63856877540461, 0.0], [127.00522285682504, 37.638027392503005, 0.0], [127.00549969174658, 37.63768916372862, 0.0], [127.00552025629628, 37.63664665441942, 0.0], [127.0053916879098, 37.63639486326436, 0.0], [127.00460412670323, 37.63609533815382, 0.0], [127.00473870399262, 37.635613653483276, 0.0], [127.00517873849137, 37.63575567397503, 0.0], [127.00486164933751, 37.634644062831576, 0.0], [127.004918983508, 37.63448279367584, 0.0], [127.00544005082068, 37.633766293929334, 0.0], [127.00678921876452, 37.63401745057213, 0.0], [127.00745908245104, 37.63394262118805, 0.0], [127.00827117339207, 37.63393566660089, 0.0], [127.00889060402481, 37.633784308927844, 0.0], [127.00951199662484, 37.632629701369446, 0.0], [127.00950450518332, 37.6324957278097, 0.0], [127.00963057095073, 37.6322645286593, 0.0], [127.0095734705606, 37.632239935374784, 0.0], [127.00956541549148, 37.63212704356477, 0.0], [127.00987384115605, 37.631605535620615, 0.0], [127.00940513829902, 37.63087361288374, 0.0], [127.00982554987796, 37.630104371712235, 0.0], [127.01077099900897, 37.630030738238275, 0.0], [127.01100506516772, 37.63017639676902, 0.0], [127.01150571721868, 37.63015865378658, 0.0], [127.01233844074521, 37.62980963999597, 0.0], [127.01233440731065, 37.629722920878976, 0.0], [127.01208980836218, 37.62960878899248, 0.0], [127.01198942070079, 37.62948347175504, 0.0], [127.01201862098053, 37.62927309123558, 0.0], [127.01222089077073, 37.6292945231898, 0.0], [127.01234785857558, 37.62910387141403, 0.0], [127.01205565444016, 37.62889594679515, 0.0], [127.01170809309588, 37.62851533115205, 0.0], [127.01144892750568, 37.628372430010195, 0.0], [127.0111849657634, 37.62809888012665, 0.0], [127.01115748687548, 37.62812574875708, 0.0], [127.01108364092667, 37.62805973159624, 0.0], [127.00985711510106, 37.6279070189769, 0.0], [127.00888947415783, 37.62795258072128, 0.0], [127.0092992548086, 37.62723775564975, 0.0], [127.01020603032663, 37.627275558670476, 0.0], [127.01062410680072, 37.627094170201914, 0.0], [127.01066797722928, 37.62697703118813, 0.0], [127.01051368362435, 37.62684435589353, 0.0], [127.01050418031821, 37.626566629301664, 0.0], [127.01036120842683, 37.6265655124164, 0.0], [127.01035351040481, 37.626411564244556, 0.0], [127.0102055075358, 37.62618881771101, 0.0], [127.01035329721768, 37.626138116973195, 0.0], [127.01037431795737, 37.626105444138894, 0.0], [127.01030435874125, 37.62603141618077, 0.0], [127.01038236840807, 37.62597710074424, 0.0], [127.01002431697894, 37.62589430918086, 0.0], [127.01010839005062, 37.62579813207958, 0.0], [127.01041784083961, 37.62582943645873, 0.0], [127.01048455440032, 37.625766083225265, 0.0], [127.01063726317, 37.62584128443385, 0.0], [127.01071745509964, 37.625755146136335, 0.0], [127.01070937870082, 37.62557462582351, 0.0], [127.01027235138625, 37.62520733062383, 0.0], [127.01045601678868, 37.625084292950184, 0.0], [127.0105654487306, 37.624646799768605, 0.0], [127.0104035774893, 37.6245969151117, 0.0], [127.01021586307255, 37.62495449138239, 0.0], [127.00952341072478, 37.624564461074286, 0.0], [127.00961153856562, 37.624330308839404, 0.0], [127.01073699328239, 37.624283654996546, 0.0], [127.01087574424184, 37.624435558779915, 0.0], [127.01139296391824, 37.62424989682835, 0.0], [127.0116438305303, 37.623628853536445, 0.0], [127.01150927974945, 37.6235944422835, 0.0], [127.01088678864424, 37.623153121354946, 0.0], [127.0111738347511, 37.62294729662773, 0.0], [127.01166308301126, 37.62298819629108, 0.0], [127.01132896706042, 37.62255040252706, 0.0], [127.0104739358097, 37.622988292110335, 0.0], [127.00949226075646, 37.62211946677432, 0.0], [127.00841227752501, 37.62272593001433, 0.0], [127.00775496465667, 37.62226958440934, 0.0], [127.00762964049568, 37.62228578498515, 0.0], [127.00751127407908, 37.62192562954976, 0.0], [127.0072344018659, 37.62193823078607, 0.0], [127.00722165218268, 37.6223068451871, 0.0], [127.00706025142269, 37.62233903837923, 0.0], [127.0070194165618, 37.62203948159665, 0.0], [127.00590583983433, 37.62264480714554, 0.0], [127.00575195833297, 37.622680835482285, 0.0], [127.00518035348493, 37.62266186241766, 0.0], [127.00513560473757, 37.62255673723441, 0.0], [127.00538930955675, 37.62255827687177, 0.0], [127.00532977304388, 37.622396966980475, 0.0], [127.00612162263886, 37.62183306925844, 0.0], [127.00559552957182, 37.620849515667295, 0.0], [127.00437911179444, 37.620385006279335, 0.0], [127.0043388207397, 37.620099865011696, 0.0], [127.00449589093657, 37.619747444708786, 0.0], [127.0040980357585, 37.61891721864133, 0.0], [127.00303331280712, 37.61880094434961, 0.0], [127.00279149270897, 37.61948069492503, 0.0], [127.00270385500258, 37.61946813770657, 0.0], [127.00270470769055, 37.620230194179136, 0.0], [127.00261622500341, 37.62050949607988, 0.0], [127.00262734907538, 37.62066991830155, 0.0], [127.00272318001653, 37.62066764521641, 0.0], [127.00276161497624, 37.62072408411618, 0.0], [127.00282043737565, 37.62141017825556, 0.0], [127.00295021378236, 37.621463350588954, 0.0], [127.00300267699846, 37.621545649334045, 0.0], [127.00292402679416, 37.621687383540696, 0.0], [127.00273589205756, 37.62167918455441, 0.0], [127.00271229677331, 37.62177771597369, 0.0], [127.00247044864138, 37.6219998068009, 0.0], [127.00239264079835, 37.622009501596516, 0.0], [127.00237822509261, 37.62211548246381, 0.0], [127.0025134501752, 37.62220717354912, 0.0], [127.00250183099918, 37.62239516104595, 0.0], [127.00236589704214, 37.62240993314566, 0.0], [127.00231263303185, 37.62235292142865, 0.0], [127.00217514977633, 37.622461535111114, 0.0], [127.00201945621788, 37.62238524767645, 0.0], [127.00183415605528, 37.622411373193394, 0.0], [127.00167174203875, 37.622375143987426, 0.0], [127.00165998830292, 37.62226162205523, 0.0], [127.00130502444588, 37.62226019540835, 0.0], [127.00122127336132, 37.62215224135156, 0.0], [127.00107853737558, 37.62207608676508, 0.0], [127.00113450425735, 37.62198926303894, 0.0], [127.00102718734144, 37.62190616999537, 0.0], [127.00114471094754, 37.6217691315503, 0.0], [127.00130761501303, 37.62182828821417, 0.0], [127.00141742226351, 37.62195507763664, 0.0], [127.0016698539953, 37.622039384459626, 0.0], [127.00164967306813, 37.622183849702445, 0.0], [127.00168196298625, 37.62218812952728, 0.0], [127.00203982942232, 37.6221046611341, 0.0], [127.00222678322298, 37.6218859801491, 0.0], [127.00192564786806, 37.621734661678595, 0.0], [127.00188858426553, 37.62155677734247, 0.0], [127.00206875812418, 37.62148137190451, 0.0], [127.00184645136719, 37.62135455525658, 0.0], [127.00190536983727, 37.62132004562873, 0.0], [127.00159177989309, 37.62105916189568, 0.0], [127.00139794548508, 37.6212178133766, 0.0], [127.00110669634205, 37.62110218435906, 0.0], [127.001172456163, 37.62098300786544, 0.0], [127.00124893896464, 37.62094490436194, 0.0], [127.00119557358782, 37.62053056020285, 0.0], [127.00132795227132, 37.62035761728038, 0.0], [127.00131833798723, 37.62020926123895, 0.0], [127.00097593532895, 37.6200343175721, 0.0], [127.0009485729279, 37.61991431558605, 0.0], [127.00150839936731, 37.61960078401781, 0.0], [127.00150100478541, 37.61948431142108, 0.0], [127.00204973094739, 37.61862711885151, 0.0], [127.00138266002477, 37.61860271402899, 0.0], [127.00126382104513, 37.61879058640526, 0.0], [127.00114137544048, 37.61921712896206, 0.0], [127.00104755213768, 37.61926702432571, 0.0], [127.00100100855214, 37.619449923837024, 0.0], [127.00086006726454, 37.61952426421389, 0.0], [127.00081169217472, 37.619482394255016, 0.0], [127.00065288546469, 37.61955063244787, 0.0], [127.00040167288226, 37.61917396648894, 0.0], [127.00037234357058, 37.619425114155185, 0.0], [127.0002244155133, 37.619371871119824, 0.0], [127.00015309635963, 37.61951729040537, 0.0], [126.99974999438682, 37.619428494761195, 0.0], [126.99975356694785, 37.61934600128363, 0.0], [126.9993832820727, 37.61913216546696, 0.0], [126.99915027291611, 37.61891415035054, 0.0], [126.99874684168536, 37.619255999117684, 0.0], [126.99858718914408, 37.61985238252398, 0.0], [126.99872288802018, 37.619819212014924, 0.0], [126.99879466814451, 37.61967124567884, 0.0], [126.99897160363494, 37.61955321405293, 0.0], [126.99924277015688, 37.61954308034024, 0.0], [126.99907432163201, 37.620009472841346, 0.0], [126.99948573166748, 37.620186710305, 0.0], [126.99950980942361, 37.620232958306474, 0.0], [126.99939844261716, 37.62039876228588, 0.0], [126.99923365977119, 37.62035499439572, 0.0], [126.99903791083806, 37.62051157973183, 0.0], [126.9988728713052, 37.62050722942427, 0.0], [126.99852773575532, 37.62005555227014, 0.0], [126.99823173256033, 37.619942849645234, 0.0], [126.99722077682017, 37.61928813811817, 0.0], [126.99725847116025, 37.619127041874414, 0.0], [126.99732438552141, 37.61908351127374, 0.0], [126.99740863312587, 37.61910037185639, 0.0], [126.99744264176489, 37.61901018265181, 0.0], [126.99787820100532, 37.61909727654203, 0.0], [126.99798446205504, 37.61877998393111, 0.0], [126.99794726953772, 37.618442565144996, 0.0], [126.99846166056473, 37.61713894200622, 0.0], [126.99831456439405, 37.6170782838846, 0.0], [126.99832273086983, 37.6167069016749, 0.0], [126.99866444121741, 37.61677486379212, 0.0], [126.99885971346269, 37.61643774303902, 0.0], [126.99878918458208, 37.616399460127006, 0.0], [126.99867982413251, 37.61649540199879, 0.0], [126.99854350148931, 37.616417355309395, 0.0], [126.99861127096872, 37.616335351837755, 0.0], [126.99838146175254, 37.61617713731496, 0.0], [126.99828439099632, 37.616296303613844, 0.0], [126.99814519950422, 37.61630803936002, 0.0], [126.99810597784581, 37.61602677885801, 0.0], [126.99822160565468, 37.61609031932163, 0.0], [126.99829945742623, 37.61599904354717, 0.0], [126.9982404826057, 37.61592715249054, 0.0], [126.9983164862855, 37.61586705070238, 0.0], [126.9985856321762, 37.61594070294131, 0.0], [126.99863756877, 37.61579402501574, 0.0], [126.99859609318729, 37.61577461509665, 0.0], [126.99860483188796, 37.61560869118293, 0.0], [126.99872297788573, 37.6152746382007, 0.0], [126.99839093834761, 37.61523771715576, 0.0], [126.99846912941827, 37.615088335999225, 0.0], [126.99854029158156, 37.61510634885509, 0.0], [126.99851194979767, 37.61519274264765, 0.0], [126.99873205307546, 37.61522479478461, 0.0], [126.99883308505724, 37.61518550635602, 0.0], [126.99889016022378, 37.61510164468872, 0.0], [126.99909489626855, 37.615058744844404, 0.0], [126.99898015437886, 37.61489807966774, 0.0], [126.9988161835013, 37.61494704361663, 0.0], [126.99871976894859, 37.61476828500416, 0.0], [126.99851666572523, 37.61482138619941, 0.0], [126.99826884308412, 37.61465644569216, 0.0], [126.99814256188263, 37.61477551565238, 0.0], [126.99819938390571, 37.61482297219663, 0.0], [126.99803486172844, 37.61474589741481, 0.0], [126.99795531373753, 37.61484052511531, 0.0], [126.99799283715501, 37.61484483271719, 0.0], [126.99796440447699, 37.614931353082746, 0.0], [126.99771945198107, 37.614917631564126, 0.0], [126.9976597233112, 37.61481231530591, 0.0], [126.99776131821291, 37.61482157727215, 0.0], [126.9977711919876, 37.61466487713717, 0.0], [126.99795097105087, 37.61470547506258, 0.0], [126.998032522562, 37.61465208589052, 0.0], [126.99793974207502, 37.61456023850589, 0.0], [126.99790665567365, 37.61460264459764, 0.0], [126.99779396158772, 37.61457904657542, 0.0], [126.99785243633666, 37.614407970467646, 0.0], [126.99764692905762, 37.61449981847134, 0.0], [126.99748073094123, 37.6144448420524, 0.0], [126.99753424166428, 37.61434980996617, 0.0], [126.99722527907335, 37.614275421454614, 0.0], [126.9971865008431, 37.61443093120819, 0.0], [126.99707361437751, 37.6144157817436, 0.0], [126.99712233919536, 37.61421513473494, 0.0], [126.99731268525595, 37.61424609015564, 0.0], [126.99727876733114, 37.61418830044986, 0.0], [126.99741945545595, 37.61405244671248, 0.0], [126.99726231192933, 37.61394357504871, 0.0], [126.99740899511286, 37.613800747949625, 0.0], [126.99757990102331, 37.613899300884455, 0.0], [126.99778930337337, 37.61370315563973, 0.0], [126.99762901362939, 37.6135834910381, 0.0], [126.99782627635516, 37.613418547110726, 0.0], [126.99820340116906, 37.61360852157394, 0.0], [126.99809481211551, 37.61374259203444, 0.0], [126.99838931541157, 37.61370280351548, 0.0], [126.99847272397025, 37.61361057414912, 0.0], [126.99830973371604, 37.61351934349082, 0.0], [126.99834278835559, 37.61342134516881, 0.0], [126.99852443063553, 37.61352592818532, 0.0], [126.99862769265106, 37.61344409440641, 0.0], [126.9987301230837, 37.61350231629157, 0.0], [126.99861135657544, 37.61357061735786, 0.0], [126.99859733239795, 37.61362905656527, 0.0], [126.9987019826574, 37.61367716044501, 0.0], [126.9989462447245, 37.613575870455335, 0.0], [126.99886902562662, 37.613520350782515, 0.0], [126.9988523560506, 37.613425980855524, 0.0], [126.99909741131063, 37.61292486107786, 0.0], [126.9992040156326, 37.612816815564805, 0.0], [126.9990768556129, 37.612893270170275, 0.0], [126.9988730256195, 37.61282618057708, 0.0], [126.9989144419476, 37.612893702807696, 0.0], [126.99873310155711, 37.6129871930449, 0.0], [126.9986817317103, 37.613077792993, 0.0], [126.99834227378105, 37.613056881467564, 0.0], [126.99867380669468, 37.612702497923834, 0.0], [126.99890189761356, 37.61274263354166, 0.0], [126.99879030998642, 37.61259472557734, 0.0], [126.99867921557627, 37.61259536052493, 0.0], [126.99864267050764, 37.612457806716456, 0.0], [126.99885095902975, 37.61230370052434, 0.0], [126.99881033596827, 37.61222388915165, 0.0], [126.9988970258902, 37.61215630973549, 0.0], [126.99905951571515, 37.61221387600584, 0.0], [126.99895372272853, 37.6121605623427, 0.0], [126.99895214102996, 37.61206075378405, 0.0], [126.99918596097584, 37.61209886983708, 0.0], [126.9994671830341, 37.61202638919273, 0.0], [126.9992010194268, 37.611884055931675, 0.0], [126.99876459333503, 37.611836421246245, 0.0], [126.99856894827721, 37.611945309389064, 0.0], [126.9983301648444, 37.611966973163085, 0.0], [126.99819639129764, 37.612064086286956, 0.0], [126.99792668184976, 37.61208852365494, 0.0], [126.99794591276839, 37.612236002600376, 0.0], [126.99771965998612, 37.61238446134821, 0.0], [126.99778019600151, 37.61241696805681, 0.0], [126.99755723363988, 37.61258515731323, 0.0], [126.99743772299189, 37.61254740772581, 0.0], [126.99690891419004, 37.612670970810285, 0.0], [126.99678403846002, 37.61261880869, 0.0], [126.99500332392434, 37.612621426633496, 0.0], [126.99423364198856, 37.61373815657755, 0.0], [126.99320976075752, 37.613875723142, 0.0], [126.9921285128006, 37.612545604291896, 0.0], [126.99216794073284, 37.61198387027419, 0.0], [126.9917498324816, 37.612180039766315, 0.0], [126.99125711386434, 37.6121416845669, 0.0], [126.99113118087105, 37.611941268465635, 0.0], [126.99119046162717, 37.61189411988257, 0.0], [126.99175289596724, 37.611898549936015, 0.0], [126.99187229949796, 37.61187636206959, 0.0], [126.99189291523172, 37.61181404202532, 0.0], [126.9922491897552, 37.61180632232928, 0.0], [126.9922350467083, 37.611615267433436, 0.0], [126.98987313914064, 37.61163360937788, 0.0], [126.98987312525504, 37.61172106637441, 0.0], [126.9897558608078, 37.611770412541986, 0.0], [126.9807277869658, 37.61183450467622, 0.0], [126.98071439624835, 37.61176696603023, 0.0], [126.97990089440012, 37.61178150582991, 0.0], [126.98001088934203, 37.61194902778705, 0.0], [126.98068744920744, 37.612264609753964, 0.0], [126.98136034240338, 37.61248559683221, 0.0], [126.98177317255563, 37.61267358765549, 0.0], [126.98212615631842, 37.61275896185891, 0.0], [126.98231818791467, 37.61284704602284, 0.0], [126.98232008131399, 37.612927450244044, 0.0], [126.98181028021256, 37.61339049787849, 0.0], [126.98161905017875, 37.613691681638635, 0.0], [126.98130754547982, 37.61391763072697, 0.0], [126.98118431826018, 37.613953198493356, 0.0], [126.98146785888738, 37.61428100642414, 0.0], [126.98119809012809, 37.614498474901474, 0.0], [126.98030292650488, 37.61457603602175, 0.0], [126.98011972806266, 37.61464149465679, 0.0], [126.98033547372718, 37.61495005680694, 0.0], [126.9803099034472, 37.615371585407914, 0.0], [126.98037777837911, 37.61554452236051, 0.0], [126.98031605788158, 37.6160740001767, 0.0], [126.98014480422951, 37.616109350809566, 0.0], [126.98015163565887, 37.61625989646164, 0.0], [126.98001664829636, 37.61657058465108, 0.0], [126.97994275622847, 37.616600889234036, 0.0], [126.97940014365284, 37.61665922615162, 0.0], [126.97918227803925, 37.616584601933944, 0.0], [126.97839080975994, 37.61682201961345, 0.0], [126.97824787674718, 37.61708631112545, 0.0], [126.9782659193904, 37.617453745170934, 0.0], [126.97834282857512, 37.617668932875965, 0.0], [126.97831395181237, 37.61772137311119, 0.0], [126.9779876156447, 37.617445428027345, 0.0], [126.97801942399214, 37.617288104798085, 0.0], [126.97798442242093, 37.61697380894783, 0.0], [126.97730270524592, 37.615279475919486, 0.0], [126.9771014873869, 37.61557408225437, 0.0], [126.97698948493547, 37.61562962216334, 0.0], [126.97696458458253, 37.615887099243515, 0.0], [126.97651805644432, 37.616317827850665, 0.0], [126.97670055294505, 37.616438607338964, 0.0], [126.97712754729197, 37.617246389233195, 0.0], [126.97707959399592, 37.617338133154284, 0.0], [126.97719851683965, 37.61742917706657, 0.0], [126.97702221785062, 37.617806452584766, 0.0], [126.97668619993057, 37.6177045086675, 0.0], [126.97622561659104, 37.61769230168387, 0.0], [126.97590477441354, 37.617471140604984, 0.0], [126.9750663258251, 37.61742500574695, 0.0], [126.97483754106509, 37.61735284869794, 0.0], [126.97476340340155, 37.617305386814095, 0.0], [126.97448565440659, 37.6165785921346, 0.0], [126.97403776743957, 37.61659011134889, 0.0], [126.9738801606464, 37.61640105774148, 0.0], [126.9736106680442, 37.61628356963818, 0.0], [126.97346210524269, 37.616026358691336, 0.0], [126.97320115903601, 37.61586907490561, 0.0], [126.97308474485222, 37.61551734023555, 0.0], [126.97303337815248, 37.61549028971117, 0.0], [126.97240021280861, 37.61543276906065, 0.0], [126.97219086090931, 37.6153382044517, 0.0], [126.97076974368684, 37.61515653809749, 0.0], [126.97044357873534, 37.61505145240161, 0.0], [126.97017649967107, 37.615199215174336, 0.0], [126.97007771435128, 37.61519523294449, 0.0], [126.9696740640681, 37.61499116089334, 0.0], [126.96889854110829, 37.614711302664766, 0.0], [126.96815279279586, 37.614042510481774, 0.0], [126.96800417124403, 37.614319900092276, 0.0], [126.96785446209442, 37.614422055253854, 0.0], [126.96775233033483, 37.61442943269213, 0.0], [126.96795414522799, 37.614847239159396, 0.0], [126.96787626393301, 37.61502779125057, 0.0], [126.9672502057621, 37.61544490933687, 0.0], [126.96683879596371, 37.615039113475575, 0.0], [126.96611288754771, 37.61500812974296, 0.0], [126.96555675826959, 37.61474654228517, 0.0], [126.96520961741403, 37.614473681858584, 0.0], [126.96414034687515, 37.61456256231731, 0.0], [126.9639117094733, 37.61462046692062, 0.0], [126.96363827157016, 37.61399558613839, 0.0], [126.96308103790406, 37.613464368943355, 0.0], [126.96267088615787, 37.61346251920285, 0.0], [126.96270272594691, 37.6135535579152, 0.0], [126.9625799449981, 37.613610369047166, 0.0], [126.96224075527873, 37.61358293016637, 0.0], [126.96179268241575, 37.61392104736948, 0.0], [126.96179175366689, 37.61405399604157, 0.0], [126.96188950840961, 37.61397366745252, 0.0], [126.96206299965313, 37.61440740400154, 0.0], [126.96230310007891, 37.61441352053379, 0.0], [126.9622968782815, 37.61459355175915, 0.0], [126.96235963040778, 37.614605763293994, 0.0], [126.96232605936254, 37.614691273586516, 0.0], [126.96216377418372, 37.61471832052078, 0.0], [126.96195668163466, 37.614619395521316, 0.0], [126.9617865465724, 37.61477236284491, 0.0], [126.96178427041659, 37.61508815815793, 0.0], [126.9620860595996, 37.615050603595485, 0.0], [126.96208716559796, 37.615123727946724, 0.0], [126.96195016520386, 37.615226249873764, 0.0], [126.96198805081097, 37.615420315004144, 0.0], [126.96209416725077, 37.61546264251932, 0.0], [126.96209754334198, 37.615632587304624, 0.0], [126.96195321507084, 37.615883923796616, 0.0], [126.96210941770447, 37.61588210945723, 0.0], [126.96201379164613, 37.61607068876145, 0.0], [126.96187028447586, 37.61615793656793, 0.0], [126.96171496216792, 37.61599464468432, 0.0], [126.96139310642192, 37.61610414978759, 0.0], [126.9613424566024, 37.61618873365906, 0.0], [126.95994183084098, 37.61545686870145, 0.0], [126.96036955974307, 37.61520344646358, 0.0], [126.96031380482586, 37.615154621044425, 0.0], [126.96035643340824, 37.615059149702496, 0.0], [126.96025805502146, 37.61497342140584, 0.0], [126.96031853791963, 37.614890265608345, 0.0], [126.96029923164934, 37.614840857855825, 0.0], [126.96019629156395, 37.61477115878252, 0.0], [126.96024323146658, 37.61472254887367, 0.0], [126.95998688925339, 37.61445126376611, 0.0], [126.95994704417669, 37.6145109032801, 0.0], [126.95999516091688, 37.614627652165886, 0.0], [126.95967209121743, 37.61479092994062, 0.0], [126.95952543448017, 37.614659082891094, 0.0], [126.95932952445581, 37.61494183945616, 0.0], [126.95915098750987, 37.61486339080382, 0.0], [126.95900123726705, 37.614981600856346, 0.0], [126.9586660646543, 37.61480980538716, 0.0], [126.95874855179802, 37.61463167542046, 0.0], [126.95856230248758, 37.61457444947953, 0.0], [126.9584655090822, 37.61441630979885, 0.0], [126.95900982335087, 37.61415602470543, 0.0], [126.95917095009241, 37.61387511199725, 0.0], [126.95922252670364, 37.61363888390197, 0.0], [126.95937912883488, 37.61332159643898, 0.0], [126.95924549343032, 37.613283581278665, 0.0], [126.95794566935436, 37.61360509135228, 0.0], [126.95754141762687, 37.61357131734594, 0.0], [126.95749787750164, 37.61370953850453, 0.0], [126.95731122772624, 37.61366483465543, 0.0], [126.95703335389909, 37.61370409325141, 0.0], [126.95740144486285, 37.61398265328116, 0.0], [126.9575901816231, 37.614003310748906, 0.0], [126.95766739880462, 37.61391528667346, 0.0], [126.95774781623516, 37.614007703654536, 0.0], [126.95771671237851, 37.614147064537704, 0.0], [126.95782055723845, 37.61419236798317, 0.0], [126.95774460835304, 37.614302323048314, 0.0], [126.95751189333423, 37.61439253293221, 0.0], [126.95734359261695, 37.61461138110824, 0.0], [126.95693097409409, 37.61448780941234, 0.0], [126.9567575172083, 37.61448111987408, 0.0], [126.95634499903797, 37.61458631627066, 0.0], [126.9568009165651, 37.61478773335102, 0.0], [126.9570844731578, 37.61481927548274, 0.0], [126.95709353173206, 37.61486031004181, 0.0], [126.95704377982156, 37.614910457856574, 0.0], [126.95706626189595, 37.61494635345557, 0.0], [126.95678470351572, 37.6149936317261, 0.0], [126.95540197202219, 37.616137661114735, 0.0], [126.95539445801191, 37.61627599089451, 0.0], [126.95551552343217, 37.61640870740899, 0.0], [126.9557941025282, 37.61655121508305, 0.0], [126.95558646291563, 37.61672003249854, 0.0], [126.95538197185081, 37.61653923403541, 0.0], [126.95520822731297, 37.61666078960717, 0.0], [126.95506620350201, 37.61653469547763, 0.0], [126.95484308740824, 37.61649091174422, 0.0], [126.95443069383974, 37.61671130830125, 0.0], [126.9544283156358, 37.6167905285462, 0.0], [126.95458160386185, 37.616996707128216, 0.0], [126.9544877925722, 37.61702063575839, 0.0], [126.95421333785588, 37.61693436506328, 0.0], [126.95400307880172, 37.6167431649467, 0.0], [126.95396277071325, 37.6166500774995, 0.0], [126.95400196823314, 37.61692339591169, 0.0], [126.95393239962017, 37.61708459921514, 0.0], [126.95372140215856, 37.61707954946887, 0.0], [126.9537436243303, 37.617129310668524, 0.0], [126.95364237691821, 37.617129269165446, 0.0], [126.95366567219098, 37.617186761618676, 0.0], [126.95358771599123, 37.6173920004094, 0.0], [126.95368123511105, 37.61747113465693, 0.0], [126.95381482456581, 37.61750057064861, 0.0], [126.95378520788994, 37.617602711103096, 0.0], [126.9536762950012, 37.61760334980688, 0.0], [126.95306708140414, 37.61708684158111, 0.0], [126.95312800665712, 37.61700000330435, 0.0], [126.95355638877648, 37.61685924649493, 0.0], [126.95362016176288, 37.61669995715531, 0.0], [126.95374304676528, 37.61671464824411, 0.0], [126.9539618174341, 37.61654631102486, 0.0], [126.95397573776796, 37.61645687614992, 0.0], [126.95389665417845, 37.61630135290868, 0.0], [126.95422758877969, 37.61591046917921, 0.0], [126.95421266714486, 37.61516714565767, 0.0], [126.9542599906846, 37.61491374498797, 0.0], [126.95433566901315, 37.61479027807639, 0.0], [126.95345675220179, 37.614365400880295, 0.0], [126.95304173969588, 37.61438890658053, 0.0], [126.95301854716867, 37.61422661311436, 0.0], [126.95275171778941, 37.6142261042822, 0.0], [126.95263847289763, 37.61433504212183, 0.0], [126.95260776702821, 37.61443888531847, 0.0], [126.95251385720829, 37.61444616241501, 0.0], [126.95247449991557, 37.614306494061715, 0.0], [126.95254161059486, 37.61426703205724, 0.0], [126.95246259772831, 37.61425262802243, 0.0], [126.95250328329105, 37.614163835746346, 0.0], [126.9524491596583, 37.61408913044903, 0.0], [126.95268703906696, 37.613694309260076, 0.0], [126.9528237641875, 37.613560338293446, 0.0], [126.95281317130824, 37.613460441577175, 0.0], [126.95287749882702, 37.613381777161074, 0.0], [126.9530590322792, 37.613311620226014, 0.0], [126.95314462582468, 37.61314906387151, 0.0], [126.95296787960557, 37.613033970244395, 0.0], [126.95296647969899, 37.612903969068114, 0.0], [126.95286600778326, 37.6128168025959, 0.0], [126.95284314079477, 37.61271194567784, 0.0], [126.95332670193517, 37.61248290773883, 0.0], [126.95353872294203, 37.612481786918806, 0.0], [126.9542955244976, 37.61268699336438, 0.0], [126.95438059343726, 37.61265020378701, 0.0], [126.95449120253183, 37.612722246304706, 0.0], [126.95470625579364, 37.6110100885647, 0.0], [126.95469462787682, 37.610029509339924, 0.0], [126.9549178303003, 37.60937730471759, 0.0], [126.95470318302691, 37.609354028368706, 0.0], [126.95458777151825, 37.609290193057795, 0.0], [126.9546109592887, 37.609247522653654, 0.0], [126.95444564070878, 37.60899838091339, 0.0], [126.9537163192794, 37.609143379263266, 0.0], [126.95376000087333, 37.60923317099247, 0.0], [126.9537286193465, 37.60930319139801, 0.0], [126.9535353775795, 37.60928000299699, 0.0], [126.95325958293952, 37.609417786011136, 0.0], [126.95321770757381, 37.60958307249011, 0.0], [126.95307339951343, 37.609705122923835, 0.0], [126.95308759045786, 37.60939085741924, 0.0], [126.95276976916277, 37.60934994867267, 0.0], [126.95318116672694, 37.60925973967376, 0.0], [126.95309131768711, 37.60914334076431, 0.0], [126.9535990607694, 37.60915639615483, 0.0], [126.95349880327848, 37.609057383066464, 0.0], [126.95363207281837, 37.608910730303734, 0.0], [126.95371165818453, 37.60888903034577, 0.0], [126.95377361965592, 37.609011291817474, 0.0], [126.95379195742136, 37.60897296971959, 0.0], [126.95404971172803, 37.608918971621556, 0.0], [126.95413136885726, 37.60882709546308, 0.0], [126.9542199964793, 37.608440393584935, 0.0], [126.95433517586848, 37.60845777404803, 0.0], [126.95435213850544, 37.60831668558039, 0.0], [126.95428779847983, 37.60822916724928, 0.0], [126.95411141890153, 37.608283045687266, 0.0], [126.95405533939541, 37.6081191516742, 0.0], [126.95432370053962, 37.60803030035655, 0.0], [126.95431975284882, 37.60813379464557, 0.0], [126.95441471166961, 37.60833326298842, 0.0], [126.95438070981254, 37.608464649084404, 0.0], [126.95456442976263, 37.60844387341947, 0.0], [126.95450561625712, 37.60875298636688, 0.0], [126.95491262044284, 37.608652218844824, 0.0], [126.95513582318652, 37.60884664009841, 0.0], [126.95550538815414, 37.60850150134737, 0.0], [126.95555829293049, 37.60836559989104, 0.0], [126.95533117996916, 37.608360501278675, 0.0], [126.9554827519299, 37.608055858426624, 0.0], [126.95554788380808, 37.60809180511211, 0.0], [126.95558957573564, 37.60792039229632, 0.0], [126.95568956301041, 37.60796166887573, 0.0], [126.95577441553438, 37.607731546193214, 0.0], [126.95583197932378, 37.6069768422452, 0.0], [126.95533745364258, 37.60696726186682, 0.0], [126.95525032287576, 37.60708980605594, 0.0], [126.95471624878336, 37.60684754622388, 0.0], [126.95436425173494, 37.60691799131958, 0.0], [126.95432274163299, 37.60684011832295, 0.0], [126.95446834628851, 37.60673588004238, 0.0], [126.9542160710247, 37.6065357239105, 0.0], [126.95402058055136, 37.60653454564772, 0.0], [126.95422562630577, 37.606490291901245, 0.0], [126.95451258270538, 37.606716436215606, 0.0], [126.95457549105781, 37.60670477521045, 0.0], [126.95466548979037, 37.60634234505298, 0.0], [126.95486905636302, 37.6062691872935, 0.0], [126.95493709165801, 37.60633520020683, 0.0], [126.954946659941, 37.60646414411248, 0.0], [126.95516733319523, 37.60659644054343, 0.0], [126.955173274636, 37.60668633786485, 0.0], [126.95548744858124, 37.60675685934943, 0.0], [126.95548746763319, 37.606726737561196, 0.0], [126.95587402836901, 37.60675436102347, 0.0], [126.95574648418193, 37.60618558444224, 0.0], [126.95563905128921, 37.60628530892456, 0.0], [126.95530534878681, 37.60612353348783, 0.0], [126.95511479570996, 37.60601408744249, 0.0], [126.95505492915869, 37.605929111201455, 0.0], [126.95506277602436, 37.60585641380745, 0.0], [126.95493687180566, 37.605739632525705, 0.0], [126.9551576440938, 37.60540109466518, 0.0], [126.95501839925669, 37.60530246344844, 0.0], [126.95510678012552, 37.6052095891629, 0.0], [126.95547028320301, 37.6051407352843, 0.0], [126.95521966918746, 37.60447236795313, 0.0], [126.95498123710189, 37.60405308127518, 0.0], [126.95448187724436, 37.60416020130398, 0.0], [126.9540137464568, 37.603976138830326, 0.0], [126.95363008784058, 37.6038834063239, 0.0], [126.95361346032936, 37.60360256546979, 0.0], [126.95331885999245, 37.603257388546105, 0.0], [126.95326014294638, 37.603066852618376, 0.0], [126.95309848526489, 37.60296013662088, 0.0], [126.95314495523291, 37.60281561112023, 0.0], [126.95362341713793, 37.60268313628482, 0.0], [126.9537139117049, 37.60262542866362, 0.0], [126.9535747463997, 37.602557466899434, 0.0], [126.95376526209076, 37.602512790584385, 0.0], [126.95357793445777, 37.60243787919564, 0.0], [126.95355630037764, 37.60214321105728, 0.0], [126.95340447349285, 37.602148235996886, 0.0], [126.95330725549415, 37.6020986770643, 0.0], [126.95338981619771, 37.60198226558219, 0.0], [126.9538832000361, 37.60184268770193, 0.0], [126.9540405623064, 37.60173570467471, 0.0], [126.95406831473362, 37.60149054944462, 0.0], [126.95428163721978, 37.601334900164375, 0.0], [126.95368640148266, 37.601232750976344, 0.0], [126.95355698347181, 37.601418055127105, 0.0], [126.95332726791753, 37.60131869109142, 0.0], [126.95360780509407, 37.60087173009453, 0.0], [126.95377256874325, 37.60073316353765, 0.0], [126.95391502352318, 37.60087993460022, 0.0], [126.95416154574187, 37.60101092125067, 0.0], [126.95453541846342, 37.60046077691711, 0.0], [126.95448960417652, 37.60031189891984, 0.0], [126.9544322691213, 37.600355060492255, 0.0], [126.95442529581597, 37.600296035503284, 0.0], [126.95402596040971, 37.60028647604329, 0.0], [126.95426587220905, 37.60008350046699, 0.0], [126.95447258511213, 37.600130560620656, 0.0], [126.95454424748593, 37.60025725802116, 0.0], [126.95488081588253, 37.600051483039216, 0.0], [126.95482274873301, 37.600035590980156, 0.0], [126.95495350288563, 37.59991513851925, 0.0], [126.95496989012835, 37.599843775723926, 0.0], [126.9551126077515, 37.599837480873546, 0.0], [126.95510415029553, 37.59962012403102, 0.0], [126.95544070823141, 37.59945216853531, 0.0], [126.95539207894635, 37.59927498027102, 0.0], [126.95560485437827, 37.59923980012577, 0.0], [126.95561495740694, 37.59918843874406, 0.0], [126.95619392812308, 37.599001060117956, 0.0], [126.95682896693283, 37.599008560566084, 0.0], [126.95659859972943, 37.598868835111325, 0.0], [126.95675171308613, 37.5987671052706, 0.0], [126.95653672720375, 37.598510099481665, 0.0], [126.95646904534908, 37.59822809075411, 0.0], [126.95602237736746, 37.59845634806055, 0.0], [126.95601089893933, 37.59856255155423, 0.0], [126.95609820278757, 37.59878893004841, 0.0], [126.9560622243107, 37.598854102450964, 0.0], [126.95596580221326, 37.59890623234574, 0.0], [126.9558052478651, 37.59880317010703, 0.0], [126.95591157093283, 37.59859220028499, 0.0], [126.95586123238353, 37.59852628297893, 0.0], [126.95572801099232, 37.59861289687622, 0.0], [126.95562220832916, 37.59773706334346, 0.0], [126.95524754934685, 37.597272339994156, 0.0], [126.95394553252777, 37.59712531648105, 0.0], [126.95385360825422, 37.59705302089802, 0.0], [126.9535623441747, 37.59708724957818, 0.0], [126.95356355787072, 37.59715875048482, 0.0], [126.95343548723298, 37.59717473583274, 0.0], [126.95338991647208, 37.59697036919682, 0.0], [126.95294134651934, 37.596866341959206, 0.0], [126.95238114207677, 37.596568425855914, 0.0], [126.95239305362175, 37.59679314583734, 0.0], [126.95226739122634, 37.596750008602285, 0.0], [126.95206692634117, 37.59680828991442, 0.0], [126.95186932425804, 37.59675145406485, 0.0], [126.95172984716311, 37.59682634852825, 0.0], [126.95154723259371, 37.59708229307037, 0.0], [126.95166564261294, 37.59711667239393, 0.0], [126.95166972230105, 37.59714933522037, 0.0], [126.95159463020181, 37.59713662623306, 0.0], [126.95154915413109, 37.597274394921904, 0.0], [126.95164397753467, 37.59729421165389, 0.0], [126.9516318762429, 37.59733597585421, 0.0], [126.95153113343866, 37.59738473898601, 0.0], [126.95164607626755, 37.59747146382517, 0.0], [126.95157196472462, 37.597535942117894, 0.0], [126.95154520764683, 37.59765833797457, 0.0], [126.95148875035417, 37.59765157423082, 0.0], [126.95143579461539, 37.5977290543529, 0.0], [126.95165740861302, 37.59784814184255, 0.0], [126.9516406611924, 37.59798364915773, 0.0], [126.95168738689982, 37.59799424699037, 0.0], [126.95158952025571, 37.598125165435576, 0.0], [126.95173256082613, 37.59887320389341, 0.0], [126.95186067350939, 37.5989901332324, 0.0], [126.9518168028575, 37.59917317657572, 0.0], [126.95215537585275, 37.59939407285083, 0.0], [126.95190962173858, 37.59955182559274, 0.0], [126.9516595025847, 37.599513896282375, 0.0], [126.95166011877552, 37.59947315673876, 0.0], [126.95137809496586, 37.59962819356123, 0.0], [126.95136856758408, 37.599852220778935, 0.0], [126.95119448783858, 37.59986423570061, 0.0], [126.95124352327561, 37.59997386934543, 0.0], [126.95133900461904, 37.59997735889252, 0.0], [126.95119262360481, 37.60026175973673, 0.0], [126.95133994814279, 37.600363804982074, 0.0], [126.95143130927762, 37.60055112175123, 0.0], [126.9513542270958, 37.600617815972186, 0.0], [126.95153468818636, 37.600735975949505, 0.0], [126.95134135009546, 37.60095747227686, 0.0], [126.95154229462614, 37.601214607814185, 0.0], [126.95168027107877, 37.60151619661582, 0.0], [126.95160720633801, 37.60158444373521, 0.0], [126.95165537691102, 37.601792075911234, 0.0], [126.95178151997877, 37.60180292369624, 0.0], [126.95180118757882, 37.60192538553865, 0.0], [126.95140712038533, 37.60200428028277, 0.0], [126.95159744185054, 37.602657213355386, 0.0], [126.95285577428498, 37.60334621930672, 0.0], [126.95270647682861, 37.60436643540154, 0.0], [126.95191314477907, 37.604478520014595, 0.0], [126.95152868699628, 37.60520040534538, 0.0], [126.95143403468845, 37.605842279133306, 0.0], [126.95132321367011, 37.60603854716237, 0.0], [126.95062668270708, 37.60687572942106, 0.0], [126.95053001200782, 37.606943090747556, 0.0], [126.95026211487065, 37.60668250066385, 0.0], [126.95005207493892, 37.60656065962077, 0.0], [126.94982487844837, 37.60684810865769, 0.0], [126.9498249336111, 37.606768326839166, 0.0], [126.94967766905735, 37.60695550371325, 0.0], [126.94970837170123, 37.60708565520138, 0.0], [126.94958776365947, 37.607455472991546, 0.0], [126.9489976107499, 37.60753815610746, 0.0], [126.94766687141804, 37.60801350207314, 0.0], [126.94745290210076, 37.608109394415024, 0.0], [126.94728901505623, 37.60828263231669, 0.0], [126.9467193460861, 37.608633770084225, 0.0], [126.94650134801739, 37.60882968593518, 0.0], [126.94606060131719, 37.60956215880712, 0.0], [126.94589493522263, 37.610090380521115, 0.0], [126.9454241266782, 37.610824034627456, 0.0], [126.94536977523822, 37.611170624279616, 0.0], [126.94536450022106, 37.61218968456592, 0.0], [126.94529644673851, 37.61277148790366, 0.0], [126.94537031867289, 37.61341513752391, 0.0], [126.9449644349919, 37.61344499954957, 0.0], [126.94452798618823, 37.613751731839976, 0.0], [126.944352256362, 37.61371300324471, 0.0], [126.9441648640362, 37.61382210383925, 0.0], [126.9438576430535, 37.613812277516224, 0.0], [126.94355791915487, 37.613865157600046, 0.0], [126.94304361245742, 37.61385519073298, 0.0], [126.9423722989154, 37.613740120157374, 0.0], [126.94188790217792, 37.61336604977804, 0.0], [126.9410863791995, 37.61336225624574, 0.0], [126.9407488272294, 37.61349485816854, 0.0], [126.9405089322017, 37.61369140161816, 0.0], [126.94050883457815, 37.61381059411789, 0.0], [126.94035894579066, 37.61387607223503, 0.0], [126.94022407424013, 37.61389984076858, 0.0], [126.93979712803812, 37.613798304284664, 0.0], [126.93961731726202, 37.613810129665374, 0.0], [126.93931752375669, 37.61395896230476, 0.0], [126.93912256903785, 37.61416148678705, 0.0], [126.93915118225776, 37.614427604937916, 0.0], [126.93890292352538, 37.6141435821823, 0.0], [126.9384413549446, 37.614205358161655, 0.0], [126.9383508998645, 37.61410327567008, 0.0], [126.93743382764853, 37.61450691595316, 0.0], [126.93649489209116, 37.61431579778206, 0.0], [126.93558505824625, 37.6142207894134, 0.0], [126.93489087525157, 37.61420427063338, 0.0], [126.93489163579827, 37.61428568581812, 0.0], [126.93471198333194, 37.614307478679336, 0.0], [126.9347190994265, 37.61420414102974, 0.0], [126.93467254253996, 37.614203905380414, 0.0], [126.9346759614449, 37.61431250323009, 0.0], [126.9343476857878, 37.614360789419756, 0.0], [126.93429514601189, 37.614346073792575, 0.0], [126.93427261348461, 37.61420314788578, 0.0], [126.93426627321912, 37.614336507381864, 0.0], [126.93360503922723, 37.614351626328045, 0.0], [126.93381947815526, 37.615437341461174, 0.0], [126.93458834964804, 37.616934009872594, 0.0], [126.93465198641633, 37.6169035620392, 0.0], [126.93453181163163, 37.616678397255136, 0.0], [126.93482582348318, 37.61666467954548, 0.0], [126.9350127091813, 37.61648870682297, 0.0], [126.93534838090798, 37.61685915345313, 0.0], [126.93529210388252, 37.6169441470724, 0.0], [126.93505930562876, 37.61697376657803, 0.0], [126.93501997493802, 37.61701907418509, 0.0], [126.93552159150026, 37.61698400979989, 0.0], [126.93570604745831, 37.61691592708398, 0.0], [126.93588674536659, 37.61699981865969, 0.0], [126.93604959295999, 37.61690260272668, 0.0], [126.93608286322586, 37.61693739922544, 0.0], [126.93586685910643, 37.61720216759908, 0.0], [126.93571963895856, 37.617173074264954, 0.0], [126.93568655570135, 37.617441277569625, 0.0], [126.93594341903444, 37.617598100850394, 0.0], [126.93629020129288, 37.61764379282493, 0.0], [126.9362394800869, 37.61774863744237, 0.0], [126.93631812404946, 37.61783553702799, 0.0], [126.93660104128502, 37.61786326309305, 0.0], [126.93656006463075, 37.618092359563654, 0.0], [126.93657267929969, 37.61895595592293, 0.0], [126.93670462278692, 37.61897260712208, 0.0], [126.93677477575186, 37.61905724766688, 0.0], [126.93677546609842, 37.61917662767008, 0.0], [126.93667259947615, 37.61932820574056, 0.0], [126.93677152023999, 37.61967729983864, 0.0], [126.93649964136382, 37.61971391114725, 0.0], [126.93624208651995, 37.61943086074412, 0.0], [126.93613120092522, 37.61942557366539, 0.0], [126.93576134135611, 37.61920769117808, 0.0], [126.93579254403635, 37.61901823237966, 0.0], [126.93572557028499, 37.618926295710864, 0.0], [126.93537605207317, 37.618893574542014, 0.0], [126.93544193272317, 37.61932436839463, 0.0], [126.93534018750748, 37.6195875343869, 0.0], [126.93460938247732, 37.61994239671969, 0.0], [126.93457036944456, 37.62041307363028, 0.0], [126.93465010789775, 37.62041645174041, 0.0], [126.93467308390545, 37.62056413501265, 0.0], [126.9345588981646, 37.62057425251591, 0.0], [126.93454406915119, 37.62075369982568, 0.0], [126.93459810986847, 37.62096942696631, 0.0], [126.93420184562584, 37.621369508451224, 0.0], [126.93421453912408, 37.62147062178743, 0.0], [126.93483751980531, 37.6213634882461, 0.0], [126.93474667922652, 37.62170170968599, 0.0], [126.93481738102082, 37.62202387964896, 0.0], [126.93495535598001, 37.62183449719715, 0.0], [126.93513021962424, 37.62174395780528, 0.0], [126.93525499125896, 37.62180300492557, 0.0], [126.9355675573869, 37.62162203025564, 0.0], [126.9358518441015, 37.62204006245043, 0.0], [126.93582821161023, 37.622378637550135, 0.0], [126.93597036925715, 37.62238051863818, 0.0], [126.93599030210027, 37.6226420844779, 0.0], [126.93587504990249, 37.62270175543582, 0.0], [126.93552335086139, 37.62255286988641, 0.0], [126.93625711027848, 37.62310641668248, 0.0], [126.93676871550693, 37.62317228960644, 0.0], [126.93668533974454, 37.62357047705571, 0.0], [126.9367369175539, 37.623788542069214, 0.0], [126.93719518767794, 37.62423333638379, 0.0], [126.93707680537233, 37.62437517652114, 0.0], [126.9371442887465, 37.6245395515946, 0.0], [126.9372198617464, 37.62504657398216, 0.0], [126.93768862523281, 37.62613604935217, 0.0], [126.93772667860041, 37.62614550364189, 0.0], [126.93821440761424, 37.628024847488796, 0.0], [126.93865961810944, 37.62915526316464, 0.0], [126.9387892757309, 37.62998655635782, 0.0], [126.9386793288067, 37.630192030902435, 0.0], [126.93838651366583, 37.630279179294405, 0.0], [126.9371951876318, 37.630067545690856, 0.0], [126.93678821114825, 37.62995091687006, 0.0], [126.93640186756647, 37.62977427243179, 0.0], [126.93546796425925, 37.629077640581976, 0.0], [126.93529254073081, 37.62901722193161, 0.0], [126.93494997686082, 37.62906175371542, 0.0], [126.9347707275572, 37.62917465362813, 0.0], [126.93410381033534, 37.629930789698804, 0.0], [126.9336455576764, 37.63058027627377, 0.0], [126.93338799370432, 37.631147024217114, 0.0], [126.9335924561896, 37.63129526338589, 0.0], [126.93374256982594, 37.63128651900305, 0.0], [126.93403127223674, 37.631085073139005, 0.0], [126.93427404994088, 37.63129431972788, 0.0], [126.93445095337731, 37.631301222984874, 0.0], [126.93468224860285, 37.63146967514097, 0.0], [126.9348424180327, 37.63162964440898, 0.0], [126.93483234897192, 37.6317804175053, 0.0], [126.93571404439315, 37.63200130059043, 0.0], [126.93670917496647, 37.63212654624254, 0.0], [126.93710923219778, 37.631953867778485, 0.0], [126.93743409581849, 37.6321415384262, 0.0], [126.93793069031845, 37.63208180227273, 0.0], [126.93827410027896, 37.63244427018832, 0.0], [126.93915733605091, 37.63267539030071, 0.0], [126.93922261632704, 37.63318744899206, 0.0], [126.9389123799246, 37.63378400450015, 0.0], [126.9389186371955, 37.633888160992555, 0.0], [126.93811859484963, 37.63413126805261, 0.0], [126.93759956073929, 37.63378636349618, 0.0], [126.93707167498036, 37.63399032835263, 0.0], [126.9364197546032, 37.63416827355731, 0.0], [126.9366889310815, 37.63456359111709, 0.0], [126.936809650528, 37.634491579324404, 0.0], [126.93700200159572, 37.6345136688035, 0.0], [126.93706007501483, 37.63456631706892, 0.0], [126.93709394883483, 37.63509160539036, 0.0], [126.93738009565708, 37.63540453647748, 0.0], [126.93729707134314, 37.63547403724229, 0.0], [126.9370805621853, 37.63549382165855, 0.0], [126.93678831826982, 37.63570423879927, 0.0], [126.936699994201, 37.635991764724785, 0.0], [126.93676833145724, 37.63609861251125, 0.0], [126.93710554455312, 37.63614732379125, 0.0], [126.93769779594712, 37.636820045086864, 0.0], [126.93821495804241, 37.637219069838004, 0.0], [126.93827178832743, 37.63744505622878, 0.0], [126.93841037507771, 37.63741530766326, 0.0], [126.93846242772584, 37.63735695245514, 0.0], [126.93861325603977, 37.637454518632545, 0.0], [126.93884712799614, 37.637422478347034, 0.0], [126.93927360843463, 37.63724782374666, 0.0], [126.93936820004319, 37.63739770643374, 0.0], [126.93957371630421, 37.63740240986567, 0.0], [126.93974828826178, 37.63701282860098, 0.0], [126.93979880108792, 37.637033937960524, 0.0], [126.93999930235881, 37.63693547621064, 0.0], [126.94007800431466, 37.63698254789402, 0.0], [126.94043102360948, 37.63699525418252, 0.0], [126.9404882012779, 37.63717881355917, 0.0], [126.94050236841682, 37.6375898460613, 0.0], [126.94014809715331, 37.63757957214737, 0.0], [126.94008575360233, 37.63775324738007, 0.0], [126.94019216790187, 37.63785781683608, 0.0], [126.94007222089733, 37.63809029668296, 0.0], [126.94009178722061, 37.63826942070684, 0.0], [126.94014399848542, 37.63829224240112, 0.0], [126.94013389659398, 37.638452602250325, 0.0], [126.9400863177007, 37.63858169631438, 0.0], [126.93994297081457, 37.63861090327005, 0.0], [126.93984177795993, 37.63871566175788, 0.0], [126.9400512017297, 37.638794174265904, 0.0], [126.93989452413389, 37.63883197881165, 0.0], [126.94001963582389, 37.639207751329295, 0.0], [126.9399446582812, 37.639313486981784, 0.0], [126.9402174099929, 37.63940219464751, 0.0], [126.94042099924428, 37.6396907032188, 0.0], [126.94055957230475, 37.63968302666303, 0.0], [126.94058473361908, 37.639395537413556, 0.0], [126.94068591723465, 37.639386490046114, 0.0], [126.94070963084167, 37.63948299656406, 0.0], [126.94080390329266, 37.639474035308616, 0.0], [126.94078914162463, 37.63937600201805, 0.0], [126.94084677365197, 37.63942216120492, 0.0], [126.94119845240485, 37.639426396248396, 0.0], [126.94150816149285, 37.63963161660426, 0.0], [126.94096637936987, 37.63974828635071, 0.0], [126.94074323410759, 37.64009657961522, 0.0], [126.94054950205066, 37.64008215370227, 0.0], [126.9407904686519, 37.640390231957, 0.0], [126.94081404571068, 37.64051575083673, 0.0], [126.9410352633316, 37.640449822812926, 0.0], [126.94149685658034, 37.64072701856304, 0.0], [126.94208051239197, 37.64053675762824, 0.0], [126.94273323722797, 37.640396711612084, 0.0], [126.9429073004656, 37.64049978102781, 0.0], [126.94302821959178, 37.64046695481242, 0.0], [126.9434998770182, 37.64063224725468, 0.0], [126.94363240035246, 37.64082863397594, 0.0], [126.94321229746559, 37.64123765232985, 0.0], [126.94280338579449, 37.641386651067975, 0.0], [126.94225041672257, 37.641451785098326, 0.0], [126.94207278258547, 37.641563056707746, 0.0], [126.94185736613257, 37.642008615418035, 0.0], [126.94192956409753, 37.642134743525354, 0.0], [126.94202732130199, 37.642164345139676, 0.0], [126.94203697972918, 37.64241500221017, 0.0], [126.94189386977511, 37.642706936118365, 0.0], [126.94171996765974, 37.642681350062226, 0.0], [126.94122127455928, 37.642729388981024, 0.0], [126.94110437576269, 37.64283032903391, 0.0], [126.94075579327723, 37.642900065478734, 0.0], [126.94050798908356, 37.6430472473669, 0.0], [126.94052216934026, 37.64316420137771, 0.0], [126.9403797953858, 37.64337865012293, 0.0], [126.94020236992237, 37.64347562920025, 0.0], [126.94016931872395, 37.64379209825588, 0.0], [126.94042603008471, 37.64409727921254, 0.0], [126.94053028964049, 37.64390340290332, 0.0], [126.94059743393214, 37.6439467022994, 0.0], [126.9407034977079, 37.64443519439297, 0.0], [126.94049594519736, 37.644528149011535, 0.0], [126.94043732189746, 37.64438970374773, 0.0], [126.94028435677379, 37.64463606517777, 0.0], [126.94012645248388, 37.64473056792537, 0.0], [126.93991601910864, 37.64471590845565, 0.0], [126.93982906914022, 37.644752965857386, 0.0], [126.93987450749275, 37.645122216355546, 0.0], [126.93982213334486, 37.64554443704855, 0.0], [126.93996780489476, 37.645506930158206, 0.0], [126.93988035252245, 37.645631300069326, 0.0], [126.93978530840664, 37.64567026317495, 0.0], [126.93966568500628, 37.64592130945721, 0.0], [126.93916788074104, 37.64654819171939, 0.0], [126.93880022703657, 37.64687951295371, 0.0], [126.93888817722969, 37.64696123065472, 0.0], [126.93915305685682, 37.64701074489543, 0.0], [126.93939268501947, 37.64717782200294, 0.0], [126.93964781808891, 37.64723444720465, 0.0], [126.93960607036362, 37.64728992514285, 0.0], [126.93926509560377, 37.64731443275745, 0.0], [126.93924476203719, 37.64737469747898, 0.0], [126.93930364938946, 37.64741635397254, 0.0], [126.93928510888821, 37.647637083427014, 0.0], [126.93934445821353, 37.64766918886641, 0.0], [126.93922442503661, 37.647982844648865, 0.0], [126.93930633913345, 37.64799676391402, 0.0], [126.93916904168164, 37.64822166443301, 0.0], [126.93919940237959, 37.648501614041294, 0.0], [126.93904130398904, 37.648668571566816, 0.0], [126.93884937278455, 37.64850665456372, 0.0], [126.93880885492041, 37.64858501748669, 0.0], [126.93889480595533, 37.64864795089269, 0.0], [126.93874576809979, 37.64881977864844, 0.0], [126.93885383546592, 37.64885983962557, 0.0], [126.93875802463712, 37.64920206875531, 0.0], [126.93887675566086, 37.64922789972745, 0.0], [126.93887450855927, 37.64934079087897, 0.0], [126.93864896364353, 37.64953266883314, 0.0], [126.93837135448948, 37.64955732480737, 0.0], [126.93837639960923, 37.649714700779015, 0.0], [126.93823792864117, 37.64971444615841, 0.0], [126.93808747544645, 37.65034594952106, 0.0], [126.93817297802411, 37.65040645040901, 0.0], [126.93822581691957, 37.650633074414785, 0.0], [126.93834305006254, 37.650559437649825, 0.0], [126.93894694335343, 37.651198820627094, 0.0], [126.93810769061355, 37.65122558226796, 0.0], [126.9382449228701, 37.65159952986995, 0.0], [126.93834430315168, 37.65159960739531, 0.0], [126.93920965259366, 37.65236429468257, 0.0], [126.93982723755242, 37.65236937056044, 0.0], [126.9399840580794, 37.6522588231338, 0.0], [126.94003468981195, 37.6522847983285, 0.0], [126.94017382826215, 37.65203097474207, 0.0], [126.94022991045837, 37.65176773995779, 0.0], [126.9408190225911, 37.651248992332334, 0.0], [126.94100996501982, 37.65152541930561, 0.0], [126.94076328688624, 37.65164458163068, 0.0], [126.94042207521507, 37.65193524042625, 0.0], [126.94027874559168, 37.65218861088581, 0.0], [126.94018757785838, 37.65226100142316, 0.0], [126.93992310822657, 37.65278811425933, 0.0], [126.94017954990255, 37.652927628343484, 0.0], [126.94046120795866, 37.65293847823049, 0.0], [126.94106469511229, 37.652805324561776, 0.0], [126.94109130571447, 37.6527074037172, 0.0], [126.94158565415809, 37.652611748422814, 0.0], [126.94180329260868, 37.65238958874618, 0.0], [126.94271740845062, 37.65199767324785, 0.0], [126.94281523415145, 37.65210286567567, 0.0], [126.94298801270095, 37.652115520637594, 0.0], [126.94339865929331, 37.6520261215027, 0.0], [126.94405730770211, 37.651533519731764, 0.0], [126.94413522840739, 37.65117588031046, 0.0], [126.94410215367509, 37.65114243733866, 0.0], [126.94421643536317, 37.650950639537555, 0.0], [126.94420588392205, 37.650544930610984, 0.0], [126.94437097212753, 37.65029146215243, 0.0], [126.94459714367754, 37.65018304862519, 0.0], [126.94478576909034, 37.64984049898217, 0.0], [126.94460342587286, 37.649730996679445, 0.0], [126.94454507516292, 37.649396102101214, 0.0], [126.9447495673838, 37.64944980898284, 0.0], [126.94494162655143, 37.64974661049574, 0.0], [126.94540211141404, 37.64939255956523, 0.0], [126.9457090212154, 37.64937949327252, 0.0], [126.94612240566036, 37.64944496716075, 0.0], [126.9461252516418, 37.649559205551405, 0.0], [126.94684748234951, 37.64963173376649, 0.0], [126.947168889718, 37.64950576398395, 0.0], [126.9470735505252, 37.64978023093544, 0.0], [126.94700719449534, 37.650432641773286, 0.0], [126.94658970550216, 37.65061895888412, 0.0], [126.94600443550571, 37.65043230744077, 0.0], [126.9458220779146, 37.650517128906735, 0.0], [126.94572073112047, 37.65071242765438, 0.0], [126.9454663974868, 37.65098772069409, 0.0], [126.94537311503704, 37.65098712712715, 0.0], [126.94534060260558, 37.65132094056455, 0.0], [126.94538050684163, 37.651403173791856, 0.0], [126.9455427412743, 37.65142210819868, 0.0], [126.94597952178285, 37.651838790476084, 0.0], [126.94598174910342, 37.651950980794545, 0.0], [126.94582044143033, 37.65199830830256, 0.0], [126.94573776560519, 37.651901564717626, 0.0], [126.94526951796217, 37.651922064678075, 0.0], [126.94496873762233, 37.651965257727056, 0.0], [126.94459495695577, 37.65211187404035, 0.0], [126.9446119676334, 37.652213646971425, 0.0], [126.9445548700471, 37.65234234169392, 0.0], [126.94436600507944, 37.652484162933966, 0.0], [126.94430217095541, 37.65270775412812, 0.0], [126.94451285875762, 37.65307384104116, 0.0], [126.94443937103904, 37.65308811367753, 0.0], [126.9443360319864, 37.65297184629716, 0.0], [126.94416728171537, 37.65296431292531, 0.0], [126.9441169652724, 37.652908257215834, 0.0], [126.94375488061699, 37.65282573153615, 0.0], [126.9434734802041, 37.65300515748542, 0.0], [126.94347520837212, 37.6531159790424, 0.0], [126.94291170466265, 37.65322956495182, 0.0], [126.94286673236664, 37.65311806506018, 0.0], [126.94273531730322, 37.65314183167294, 0.0], [126.94268911240576, 37.65315737679116, 0.0], [126.94269449915643, 37.653256932760065, 0.0], [126.94254778870307, 37.65328779970235, 0.0], [126.94246481989894, 37.653192564904536, 0.0], [126.94220826546317, 37.65328202879592, 0.0], [126.9421447094532, 37.653261094054436, 0.0], [126.94116798406534, 37.653559271785284, 0.0], [126.9411127143487, 37.65366096322816, 0.0], [126.94105506468254, 37.65362309281248, 0.0], [126.9408364190921, 37.65382245698802, 0.0], [126.94032295306305, 37.653484560562084, 0.0], [126.93997992469384, 37.653670081564485, 0.0], [126.94050666888648, 37.65436472388221, 0.0], [126.94044895860604, 37.65453114339397, 0.0], [126.94059036094077, 37.6548381794934, 0.0], [126.94069671509318, 37.654907067863384, 0.0], [126.94075122820412, 37.65504098122792, 0.0], [126.94087519894941, 37.65504609088208, 0.0], [126.94103908069623, 37.65530727676389, 0.0], [126.94128132646027, 37.655499488734584, 0.0], [126.94203754301303, 37.65591612326518, 0.0], [126.94219672437465, 37.656109011203185, 0.0], [126.94222044299177, 37.656209572284965, 0.0], [126.94245384585857, 37.65641258845298, 0.0], [126.94277695417159, 37.65653465210447, 0.0], [126.942209527464, 37.656912761344934, 0.0], [126.94280019750163, 37.6572529466333, 0.0], [126.9433749875123, 37.65750258556663, 0.0], [126.94398628852066, 37.657690188401155, 0.0], [126.94706509195649, 37.6583828234212, 0.0], [126.94728347322044, 37.65846491266259, 0.0], [126.94731993198278, 37.65854152092397, 0.0], [126.94790202480127, 37.65877367989576, 0.0], [126.94800508469396, 37.658571926826916, 0.0], [126.94792053712811, 37.658262079638504, 0.0], [126.94804236701282, 37.65800724029688, 0.0], [126.94799412004303, 37.6575856869763, 0.0], [126.94786601840987, 37.657359737350596, 0.0], [126.94790817912494, 37.6572286827375, 0.0], [126.94836102366943, 37.65709482280116, 0.0], [126.94889439021169, 37.65705751847559, 0.0], [126.94952610520107, 37.6567333125702, 0.0], [126.94977304057598, 37.65621391925267, 0.0], [126.95054158937965, 37.65576606401391, 0.0], [126.950674856705, 37.65573277296938, 0.0], [126.9510924174415, 37.65605113211693, 0.0], [126.95050455610121, 37.65635493280815, 0.0], [126.95051480749198, 37.656591160217666, 0.0], [126.95056719128148, 37.65690843064878, 0.0], [126.95066188289888, 37.65701467632807, 0.0], [126.95088657207836, 37.656852788696426, 0.0], [126.95107912001943, 37.65679171287806, 0.0], [126.9511989308281, 37.65687114682165, 0.0], [126.95089877350146, 37.65700867138404, 0.0], [126.95073502181104, 37.65716769354313, 0.0], [126.95065021342523, 37.65714287071256, 0.0], [126.95062285141111, 37.65720084764912, 0.0], [126.95071894963705, 37.65771976925587, 0.0], [126.9509534424477, 37.65824319179128, 0.0], [126.9513622535077, 37.65820811137645, 0.0], [126.9514298024987, 37.65826695532228, 0.0], [126.95156941655362, 37.658208469037, 0.0], [126.95163740365383, 37.65825724972836, 0.0], [126.95162187490466, 37.65831166214783, 0.0], [126.9514161544519, 37.65842290698638, 0.0], [126.95113787398328, 37.658376489094984, 0.0], [126.95107727282503, 37.65844989278089, 0.0], [126.95132353057139, 37.65871067613445, 0.0], [126.95145326349764, 37.658703090910755, 0.0], [126.95137739849879, 37.65890795871494, 0.0], [126.95137865439497, 37.65923122898762, 0.0], [126.95157537380712, 37.65944906817102, 0.0], [126.95172996615827, 37.65952618009279, 0.0], [126.95180989390697, 37.659711904122894, 0.0], [126.9520485448439, 37.659831434442, 0.0], [126.9522115194922, 37.65989354144504, 0.0], [126.95240572897633, 37.65986711571513, 0.0], [126.95280398782248, 37.65991352843353, 0.0], [126.95292221820091, 37.6600465716927, 0.0], [126.95310966824461, 37.65999373418079, 0.0], [126.9531262945037, 37.65992360924505, 0.0], [126.95324300708972, 37.66001989875679, 0.0], [126.953236142307, 37.6601559166411, 0.0], [126.95318534968465, 37.66022332432797, 0.0], [126.95303726778336, 37.66019335169919, 0.0], [126.9530702071315, 37.660498542992826, 0.0], [126.95282490122922, 37.660618974220526, 0.0], [126.95280761349088, 37.66074841897394, 0.0], [126.95274020925675, 37.66082601015619, 0.0], [126.95249032698172, 37.66070592616857, 0.0], [126.95129824011603, 37.66107552645954, 0.0], [126.95114808060002, 37.661248466649354, 0.0], [126.95061901168296, 37.661616221024985, 0.0], [126.95098507145373, 37.66226869740614, 0.0], [126.95103913103091, 37.662109307924965, 0.0], [126.95136608623713, 37.66201142219853, 0.0], [126.9515430434372, 37.66189586613785, 0.0], [126.95203662170427, 37.66203643695445, 0.0], [126.95208958591019, 37.66215054006273, 0.0], [126.95179285498448, 37.662252684648564, 0.0], [126.95190905500532, 37.662629583620735, 0.0], [126.95265401285148, 37.66230736480241, 0.0], [126.95272682192999, 37.66231891790325, 0.0], [126.95259897849957, 37.662651360272214, 0.0], [126.95233172707357, 37.662816506351625, 0.0], [126.95208646823428, 37.663126770951926, 0.0], [126.95155407864723, 37.66311620365622, 0.0], [126.95204866631315, 37.663755097132885, 0.0], [126.95217259757511, 37.6636831219515, 0.0], [126.95210675007739, 37.66342567716316, 0.0], [126.95237900672477, 37.663406816563636, 0.0], [126.95241900475237, 37.663543177162964, 0.0], [126.95251101221035, 37.66340259190809, 0.0], [126.95290078730555, 37.66334955083297, 0.0], [126.95318873515735, 37.66348003059376, 0.0], [126.95315893619727, 37.66349411004409, 0.0], [126.95325127780643, 37.66352866250939, 0.0], [126.95324261379982, 37.66359072135962, 0.0], [126.95333326862577, 37.663598349490314, 0.0], [126.95335840508515, 37.663670268726975, 0.0], [126.95345683388672, 37.66370087887815, 0.0], [126.95344571531099, 37.663800359550606, 0.0], [126.9533182136567, 37.6638132643107, 0.0], [126.95308005314926, 37.663979839380026, 0.0], [126.95304746448477, 37.664085587456825, 0.0], [126.95306149057642, 37.664283277436, 0.0], [126.95317993999461, 37.66436983793565, 0.0], [126.95315913954026, 37.66446308874997, 0.0], [126.95326743298072, 37.66469288125188, 0.0], [126.95328283464589, 37.66485044039503, 0.0], [126.95318619740702, 37.66489426941256, 0.0], [126.95318735045382, 37.6650557878498, 0.0], [126.95330383798448, 37.66532082066367, 0.0], [126.95329378634635, 37.665389939500685, 0.0], [126.95324117931449, 37.66541346194558, 0.0], [126.95403667836804, 37.666639513568235, 0.0], [126.9546122044047, 37.66771113445365, 0.0], [126.95481714858961, 37.668311400021615, 0.0], [126.95505555542961, 37.66941759861514, 0.0], [126.95533634038102, 37.6694290688964, 0.0], [126.95533773566298, 37.66963983701, 0.0], [126.9552055472816, 37.66964757913369, 0.0], [126.95516291858297, 37.66954809258084, 0.0], [126.95508117002531, 37.66954014465358, 0.0], [126.95517449555717, 37.66997371815569, 0.0], [126.9553491860094, 37.670064153248084, 0.0], [126.95558810738149, 37.67034132202381, 0.0], [126.95553634562334, 37.67042693929785, 0.0], [126.95553588714186, 37.67067500397132, 0.0], [126.9554593131742, 37.67079793890381, 0.0], [126.95572307580127, 37.67116129548495, 0.0], [126.95575542574782, 37.671307230395875, 0.0], [126.95565312064977, 37.67134038870079, 0.0], [126.95573891384367, 37.67154751278307, 0.0], [126.95589630279592, 37.671553736170125, 0.0], [126.95576618535084, 37.67171002314043, 0.0], [126.95580553565688, 37.67191943223923, 0.0], [126.95585668975885, 37.671956887772865, 0.0], [126.95585182982867, 37.6721573436632, 0.0], [126.95579874894217, 37.672266475141186, 0.0], [126.95585029254609, 37.67229596651965, 0.0], [126.95578134277054, 37.67238418061742, 0.0], [126.95577331297945, 37.67286460465393, 0.0], [126.95612192060273, 37.673102720766735, 0.0], [126.95621990289816, 37.673230093312895, 0.0], [126.95638176331609, 37.673311693254746, 0.0], [126.95631008686054, 37.673413780963955, 0.0], [126.9560556612738, 37.673371130448395, 0.0], [126.9559117383518, 37.67333717147488, 0.0], [126.95576198841418, 37.67318284980312, 0.0], [126.95579379895419, 37.67417380758663, 0.0], [126.9558340999357, 37.67415586238994, 0.0], [126.95605872443016, 37.674295978228514, 0.0], [126.95661026425742, 37.67452243432845, 0.0], [126.95679527213865, 37.6744587964353, 0.0], [126.95692180932468, 37.674492891498744, 0.0], [126.95691345440477, 37.6745522903066, 0.0], [126.95720629664378, 37.67456183328911, 0.0], [126.95738163307253, 37.674366523389416, 0.0], [126.95747175495406, 37.674374449664086, 0.0], [126.95750139926982, 37.674408733798735, 0.0], [126.95740937407447, 37.67459007440741, 0.0], [126.95747083062625, 37.67459608867848, 0.0], [126.9576091639765, 37.6747560628803, 0.0], [126.95785045109096, 37.67482740117092, 0.0], [126.95790663979398, 37.6751771968558, 0.0], [126.9572903986959, 37.67507275411969, 0.0], [126.95719299666673, 37.675139423382745, 0.0], [126.95705539287901, 37.675145778005756, 0.0], [126.95707206016891, 37.67508867619091, 0.0], [126.95690512239084, 37.67510110485826, 0.0], [126.95691075317264, 37.67523996437367, 0.0], [126.95696876191703, 37.67528781085803, 0.0], [126.95685012784466, 37.67558560462658, 0.0], [126.95698792128175, 37.675704583681885, 0.0], [126.95708222328255, 37.675696668809174, 0.0], [126.95711089533097, 37.67578459658857, 0.0], [126.95723176366228, 37.67584563750784, 0.0], [126.95780599470251, 37.67668083490775, 0.0], [126.95807551118553, 37.67722337504484, 0.0], [126.9581828666013, 37.67752481671127, 0.0], [126.9581561103433, 37.6775703542235, 0.0], [126.95820577277918, 37.677784149622205, 0.0], [126.95831302429416, 37.678032525817756, 0.0], [126.95851251680585, 37.67831461153488, 0.0], [126.9586126956588, 37.6782774427582, 0.0], [126.9585277600473, 37.67812884548526, 0.0], [126.95872451478864, 37.6781713531091, 0.0], [126.95943976444129, 37.67879346181477, 0.0], [126.95983572710324, 37.6787738415289, 0.0], [126.95995780637244, 37.67832994710668, 0.0], [126.96011797300582, 37.67830887725906, 0.0], [126.96009692299334, 37.6778879286681, 0.0], [126.96024856604637, 37.677901343231554, 0.0], [126.9603103817993, 37.677961189560236, 0.0], [126.96023952848986, 37.67800048864332, 0.0], [126.96024739718726, 37.678047967019275, 0.0], [126.96016418548433, 37.67803931556678, 0.0], [126.96015182928605, 37.67807903466537, 0.0], [126.9603139497577, 37.67814853904957, 0.0], [126.96056753553971, 37.67924604437978, 0.0], [126.96108765626508, 37.67898171715571, 0.0], [126.96125279088251, 37.67901838958877, 0.0], [126.96119307554005, 37.67916010045264, 0.0], [126.96107481215567, 37.679234408259795, 0.0], [126.96073244899607, 37.679325847827165, 0.0], [126.96111353967358, 37.67927004711391, 0.0], [126.96123489328882, 37.67920657023553, 0.0], [126.9614320201729, 37.67896415861591, 0.0], [126.96144687924756, 37.679010329453796, 0.0], [126.96139338362856, 37.67903326824138, 0.0], [126.96146530207346, 37.67909203613945, 0.0], [126.96137355457246, 37.67922795219142, 0.0], [126.96121328812244, 37.67939164958754, 0.0], [126.96082002043306, 37.67959475503032, 0.0], [126.96018405474224, 37.679658421566295, 0.0], [126.95995177040625, 37.679773042792846, 0.0], [126.95941921889448, 37.679803856572335, 0.0], [126.95957062740392, 37.68006053870484, 0.0], [126.95981078875931, 37.68006751113787, 0.0], [126.96007555180755, 37.68027909822138, 0.0], [126.96022216480623, 37.68047949931102, 0.0], [126.96020083242769, 37.680535441792266, 0.0], [126.96032690289954, 37.68073970014403, 0.0], [126.9606311408144, 37.68091377393232, 0.0], [126.96073068153981, 37.681166873390616, 0.0], [126.9607345801948, 37.68149981951278, 0.0], [126.96080655772448, 37.68157794049237, 0.0], [126.96078095254605, 37.68171514985912, 0.0], [126.96068341807128, 37.68181609342788, 0.0], [126.96094458880485, 37.68221153944214, 0.0], [126.96112257431864, 37.68206445474378, 0.0], [126.96124770933515, 37.68213735898512, 0.0], [126.96114606927473, 37.68224460429013, 0.0], [126.96106065146071, 37.682232822981696, 0.0], [126.96098033736965, 37.68229482516327, 0.0], [126.96102310669042, 37.68243492485609, 0.0], [126.9611227439569, 37.682303907883615, 0.0], [126.96136729577037, 37.68228126875501, 0.0], [126.96146827262521, 37.682486751508954, 0.0], [126.96136184511948, 37.682507924392894, 0.0], [126.96139406915735, 37.682582003041325, 0.0], [126.96148595713387, 37.682549908137034, 0.0], [126.96156194431855, 37.68274319888859, 0.0], [126.96150758450177, 37.68276718290608, 0.0], [126.96149327537722, 37.68287528510264, 0.0], [126.96164283906086, 37.68302343881375, 0.0], [126.96164037884203, 37.68317177183013, 0.0], [126.96183151639397, 37.6832964137416, 0.0], [126.96215839339233, 37.68324280223613, 0.0], [126.96221575899439, 37.68327329259867, 0.0], [126.96227074094233, 37.683765155784585, 0.0], [126.96137320109194, 37.683838361405286, 0.0], [126.96166682141707, 37.686362143812715, 0.0], [126.96169252569034, 37.687309198060994, 0.0], [126.9618233579699, 37.68775674473831, 0.0], [126.96207216055055, 37.68817311080293, 0.0], [126.96328827845335, 37.68961024775867, 0.0], [126.96375488208302, 37.69080279875593, 0.0], [126.9640686766883, 37.69136683562292, 0.0], [126.96424999731053, 37.69124870596206, 0.0], [126.96405659892282, 37.69096738726097, 0.0], [126.96370683083158, 37.689977316709964, 0.0], [126.96353250638579, 37.68963833398814, 0.0], [126.9631888134009, 37.68916140257477, 0.0], [126.96261704175562, 37.6885493936738, 0.0], [126.9629254968223, 37.68870797510684, 0.0], [126.96314979543077, 37.68871160756859, 0.0], [126.96325945635508, 37.68889935125633, 0.0], [126.96340009716984, 37.688922479424534, 0.0], [126.96342049620279, 37.6891398093335, 0.0], [126.96334087632782, 37.689265558982704, 0.0], [126.96364791134427, 37.68963910048945, 0.0], [126.96367334519395, 37.68980961754794, 0.0], [126.96390204152176, 37.689933564269516, 0.0], [126.96395563361611, 37.68989080375261, 0.0], [126.96401830430733, 37.68994317002331, 0.0], [126.96427673981475, 37.690748989144545, 0.0], [126.96455249037612, 37.69102181059044, 0.0], [126.96513070743946, 37.69048247905936, 0.0], [126.96535675676266, 37.69034713328119, 0.0], [126.96546510141764, 37.69034470684438, 0.0], [126.96555484616405, 37.690401360053066, 0.0], [126.96587355023091, 37.69073138116043, 0.0], [126.96605303826829, 37.690852085875704, 0.0], [126.96620625275855, 37.690884133993336, 0.0], [126.96640439399866, 37.690854641573935, 0.0], [126.96712582635375, 37.690566786707585, 0.0], [126.96825530971759, 37.69022329943105, 0.0], [126.96848352407396, 37.69004766714665, 0.0], [126.96870285925468, 37.68972188368273, 0.0], [126.96920362267545, 37.68992355119932, 0.0], [126.96925777791893, 37.69014382616748, 0.0], [126.96967485504986, 37.69046635078883, 0.0], [126.96976052125856, 37.69068275090137, 0.0], [126.97001716370362, 37.69086796922197, 0.0], [126.97024476423705, 37.69117834916594, 0.0], [126.97061204860849, 37.69127073341094, 0.0], [126.97074983977018, 37.691404518550804, 0.0], [126.97063974969576, 37.69181326856493, 0.0], [126.97068215761655, 37.69199410388351, 0.0], [126.97086548671179, 37.69217309114477, 0.0], [126.97082191199239, 37.692785534155796, 0.0], [126.97104860676578, 37.6928657607859, 0.0], [126.9713576851925, 37.69288790525523, 0.0], [126.97242883841444, 37.69274790230338, 0.0], [126.97247332347645, 37.69261797577379, 0.0], [126.9723756319079, 37.692160042909876, 0.0], [126.97246551555223, 37.69199897221823, 0.0], [126.97253843151618, 37.692052489332355, 0.0], [126.97266759165296, 37.69237843720494, 0.0], [126.97306103033955, 37.692709369756884, 0.0], [126.97332097448685, 37.69275001999782, 0.0], [126.9739690965171, 37.692618541239035, 0.0], [126.9738219709316, 37.69284005575859, 0.0], [126.97337691870747, 37.69313584600552, 0.0], [126.97323738488787, 37.693181222026205, 0.0], [126.97289889805198, 37.693147813327535, 0.0], [126.9724100170697, 37.69341857871463, 0.0], [126.97222929450363, 37.69365599351616, 0.0], [126.97218566337763, 37.69414790307345, 0.0], [126.97263550295342, 37.69448660647553, 0.0], [126.97282103292312, 37.69472297627868, 0.0], [126.97302397267198, 37.694768543234865, 0.0], [126.97322651619659, 37.69489997029716, 0.0], [126.97339915918988, 37.694920274966044, 0.0], [126.97377777329282, 37.69476170377997, 0.0], [126.97383622696631, 37.694779953304725, 0.0], [126.97399779234782, 37.69504495674568, 0.0], [126.97428132357828, 37.695190691267634, 0.0], [126.97433944330278, 37.69553441547786, 0.0], [126.97465831069651, 37.69567788654241, 0.0], [126.97473367009526, 37.695888072820225, 0.0], [126.9747928538378, 37.695929052985015, 0.0], [126.97512896145764, 37.69593292181355, 0.0], [126.97542978155552, 37.69581159250908, 0.0], [126.97566319514671, 37.69578667782253, 0.0], [126.97601240071108, 37.699777893615824, 0.0], [126.97612658830981, 37.69981286320389, 0.0], [126.97628553298685, 37.70004882898793, 0.0], [126.97784887581352, 37.700325773456974, 0.0], [126.97789372401947, 37.700428213112595, 0.0], [126.97837495733955, 37.70055425552148, 0.0], [126.9785591715898, 37.70082059926701, 0.0], [126.9789372038512, 37.7011856275271, 0.0], [126.97966471473077, 37.70165010566523, 0.0], [126.97989569811212, 37.701613053618324, 0.0], [126.98023836412541, 37.70141652426153, 0.0], [126.98032080810754, 37.70143246977719, 0.0], [126.98033033863146, 37.70149317014523, 0.0], [126.97998933539188, 37.70182011459811, 0.0], [126.97961307821477, 37.701909574234165, 0.0], [126.97889027186811, 37.701665132139794, 0.0], [126.97784447939095, 37.7011721688838, 0.0], [126.97765414438683, 37.70114883146784, 0.0], [126.97735828591675, 37.70123061374183, 0.0], [126.97717069401494, 37.70114038946253, 0.0], [126.97694534451648, 37.700942488097276, 0.0], [126.9758566454245, 37.70087490245091, 0.0], [126.9756246912079, 37.700930008457355, 0.0], [126.97542983142985, 37.70110675348193, 0.0], [126.97541449335291, 37.70128656472695, 0.0], [126.97527118775524, 37.701476212371425, 0.0], [126.97527881392037, 37.70152325317376, 0.0], [126.97620055211488, 37.70154902646979, 0.0], [126.97644090217078, 37.70165248908786, 0.0], [126.9768010577083, 37.70208259891364, 0.0], [126.97688297230034, 37.702295098478274, 0.0], [126.97712966981416, 37.702519609808945, 0.0], [126.9773329751028, 37.70287307388746, 0.0], [126.977556735081, 37.7030305997358, 0.0], [126.9774283982803, 37.70343316080483, 0.0], [126.97747684044, 37.70375246560641, 0.0], [126.97735345384382, 37.704026731218136, 0.0], [126.9774757561307, 37.70419553368593, 0.0], [126.9780323302195, 37.704610845758225, 0.0], [126.97950987246236, 37.70491705648142, 0.0], [126.98009515244759, 37.704547939063275, 0.0], [126.98044504095093, 37.704800435692356, 0.0], [126.9807759516884, 37.70512525662416, 0.0], [126.98081572012197, 37.70532946757395, 0.0], [126.98099403745564, 37.705303134427865, 0.0], [126.98106894990762, 37.70534232391188, 0.0], [126.98131636652194, 37.70580126443546, 0.0], [126.98158378380751, 37.705942221715674, 0.0], [126.98178675519826, 37.705919648846056, 0.0], [126.98211687234377, 37.70567254245576, 0.0], [126.98244884096628, 37.70558368812906, 0.0], [126.98271918868183, 37.70539836853803, 0.0], [126.9828405909512, 37.7053712592204, 0.0], [126.98282823678541, 37.70547901171967, 0.0], [126.98254299379188, 37.705865174416736, 0.0], [126.98244775407694, 37.70610738519233, 0.0], [126.9824619745805, 37.706154858247714, 0.0], [126.9826449951214, 37.7062317486603, 0.0], [126.98265351774229, 37.70629956665243, 0.0], [126.9825055367714, 37.706399768398484, 0.0], [126.98223236488157, 37.70648035092417, 0.0], [126.98207963450818, 37.70661896650419, 0.0], [126.98210046979179, 37.706732003141525, 0.0], [126.98227207684303, 37.706924930230315, 0.0], [126.98249398921965, 37.70707943714156, 0.0], [126.98264378847666, 37.707277638062465, 0.0], [126.98237630648404, 37.70736048205552, 0.0], [126.98217838521477, 37.70761853407609, 0.0], [126.98152264360753, 37.70756982537325, 0.0], [126.9810095575778, 37.70766458310191, 0.0], [126.98092606432444, 37.70760287945929, 0.0], [126.98094793205323, 37.7073866233599, 0.0], [126.9808502954747, 37.707210278194516, 0.0], [126.98078296504029, 37.70718087701342, 0.0], [126.98051637779093, 37.70742345813457, 0.0], [126.98024037913352, 37.707455059954015, 0.0], [126.97979650801844, 37.70741579747273, 0.0], [126.97961445275803, 37.70725375959787, 0.0], [126.979525399965, 37.706940280298504, 0.0], [126.97947798609852, 37.70690259297448, 0.0], [126.97930724853633, 37.70697414253153, 0.0], [126.97890317558863, 37.707005408106426, 0.0], [126.97874288100721, 37.70707877229738, 0.0], [126.97877320114071, 37.70720235457611, 0.0], [126.97897517761068, 37.70732898848361, 0.0], [126.97911071087898, 37.70765378596489, 0.0], [126.97903386298167, 37.70774795851877, 0.0], [126.97882612364504, 37.70780367882952, 0.0], [126.97874641779504, 37.7079332750666, 0.0], [126.97877862508942, 37.70808096981335, 0.0], [126.9789303046973, 37.70829951760657, 0.0], [126.97888854181585, 37.70840123957419, 0.0], [126.97897196891464, 37.7085255891668, 0.0], [126.97885897272474, 37.70897014704984, 0.0], [126.9790589914177, 37.709328860662595, 0.0], [126.9789745403378, 37.70943358381316, 0.0], [126.97891099551349, 37.70944486969383, 0.0], [126.97847669429686, 37.70911776217162, 0.0], [126.97829176191976, 37.70905216217928, 0.0], [126.97756953483928, 37.70909737892024, 0.0], [126.97747702306519, 37.709046728205124, 0.0], [126.97706933733454, 37.70858021372279, 0.0], [126.97692046684881, 37.7084882482199, 0.0], [126.97600334659137, 37.70836975628746, 0.0], [126.97581654574469, 37.70820695602005, 0.0], [126.97576538080551, 37.708067537790704, 0.0], [126.97579183363892, 37.70785108677831, 0.0], [126.97566494689262, 37.707781180017534, 0.0], [126.97558432084703, 37.707801504152314, 0.0], [126.97551505782957, 37.707888146012934, 0.0], [126.97560508463862, 37.708096893180056, 0.0], [126.9755575770058, 37.70833349425341, 0.0], [126.9756665554224, 37.708604033077734, 0.0], [126.97540467799615, 37.7089001053877, 0.0], [126.97526799516724, 37.70918038339948, 0.0], [126.97515698579465, 37.70929715979929, 0.0], [126.97472732169342, 37.70930309063213, 0.0], [126.974568906656, 37.709363328766194, 0.0], [126.97448541950365, 37.70944921798934, 0.0], [126.97449761965478, 37.709801119876126, 0.0], [126.97444725428984, 37.710052784144125, 0.0], [126.97434473468202, 37.710268271935796, 0.0], [126.97393387399667, 37.71071877651099, 0.0], [126.97391486509387, 37.71084536657677, 0.0], [126.97416709172036, 37.711043602449664, 0.0], [126.97437288608437, 37.711131050866584, 0.0], [126.97458817906326, 37.71116727570759, 0.0], [126.97486704070789, 37.711134183912144, 0.0], [126.97490879792983, 37.7111640153607, 0.0], [126.97487930418619, 37.711310514210055, 0.0], [126.97491436495865, 37.71142128723484, 0.0], [126.97506419502872, 37.71153434509725, 0.0], [126.97543034274142, 37.7116480499428, 0.0], [126.97541133289073, 37.71175401702372, 0.0], [126.97527273574622, 37.71187800389667, 0.0], [126.97547469848577, 37.712066431264596, 0.0], [126.9754639648872, 37.7121840252986, 0.0], [126.97506244118492, 37.712467583192286, 0.0], [126.9752740483211, 37.71258994708383, 0.0], [126.9761730894104, 37.71289581379546, 0.0], [126.97680905855292, 37.713329431102686, 0.0], [126.97699702848887, 37.71332786665785, 0.0], [126.97716989127615, 37.713397069109654, 0.0], [126.97707012498373, 37.71345968421254, 0.0], [126.97726365002913, 37.71433456207, 0.0], [126.97743419108083, 37.71443568505268, 0.0], [126.97747447443385, 37.71465026701177, 0.0], [126.9781755699025, 37.715399101708364, 0.0], [126.9787950947938, 37.71578920603074, 0.0], [126.97878493354011, 37.71589929300504, 0.0], [126.97850162752034, 37.71591228381929, 0.0], [126.97839260691423, 37.71596378901018, 0.0], [126.97810312558246, 37.71618080410627, 0.0], [126.97810309648466, 37.7162722946789, 0.0], [126.97825103308155, 37.71624744829664, 0.0], [126.97909876954333, 37.71687516277287, 0.0], [126.9791896823011, 37.716880883129384, 0.0], [126.97932583357556, 37.71698066348995, 0.0], [126.97936745323217, 37.717073029299456, 0.0], [126.98013025154602, 37.717635100848305, 0.0], [126.98064129955617, 37.717210873777915, 0.0], [126.98040811581852, 37.717038163026935, 0.0], [126.98024613366299, 37.71703234933877, 0.0], [126.9800504131134, 37.71694068604771, 0.0], [126.9799975492505, 37.71685909398012, 0.0], [126.9798097149331, 37.716758043532046, 0.0], [126.97986440037154, 37.716658245046155, 0.0], [126.97987716529838, 37.71640532853502, 0.0], [126.9799412832037, 37.716355904261306, 0.0], [126.98006394314271, 37.71600136050859, 0.0], [126.9803642462572, 37.71539843672342, 0.0], [126.98066854082519, 37.714969393345434, 0.0], [126.98127558879212, 37.71449277479722, 0.0], [126.98189147607121, 37.71419218002543, 0.0], [126.98247748210022, 37.714063257728384, 0.0], [126.98292803722569, 37.71379755290215, 0.0], [126.98300550195304, 37.71392015999827, 0.0], [126.9831968990959, 37.713776737615554, 0.0], [126.98350053395812, 37.71393710240042, 0.0], [126.98336414628375, 37.714155998096196, 0.0], [126.98309699555539, 37.71408677172691, 0.0], [126.98286105230629, 37.71426236872351, 0.0], [126.98286619592135, 37.714420147411445, 0.0], [126.9828374507899, 37.71448891316206, 0.0], [126.98275806721166, 37.71450943328684, 0.0], [126.98280184199963, 37.71474806080046, 0.0], [126.98263760183383, 37.714990485082566, 0.0], [126.98275682757883, 37.71515272293147, 0.0], [126.98291980670496, 37.715236880648746, 0.0], [126.98251843811883, 37.71538464754762, 0.0], [126.98245290944416, 37.715330930303416, 0.0], [126.98251056868986, 37.71551234869201, 0.0], [126.98249321233261, 37.7156600139854, 0.0], [126.98256130918894, 37.715785151696544, 0.0], [126.98248559119367, 37.71583650309258, 0.0], [126.98226649972194, 37.71577443590392, 0.0], [126.9816672602628, 37.71609735039444, 0.0], [126.98147146427776, 37.71615791646763, 0.0], [126.98145080763008, 37.716127776367806, 0.0], [126.98120313643571, 37.716267789073925, 0.0], [126.98109547490225, 37.71637433669712, 0.0], [126.98119215544986, 37.71656491633607, 0.0], [126.98141678288617, 37.716673232472736, 0.0], [126.98141538945173, 37.71683667696258, 0.0], [126.98117399754804, 37.71682336412377, 0.0], [126.9810589744987, 37.716961353541315, 0.0], [126.98133628018965, 37.71704447082938, 0.0], [126.98151596101582, 37.71702870744709, 0.0], [126.9814722675673, 37.71713257224504, 0.0], [126.98139780109535, 37.717201681808305, 0.0], [126.98130078461746, 37.717155922920284, 0.0], [126.98127416604774, 37.71719402014199, 0.0], [126.98112038186561, 37.71716517163114, 0.0], [126.98072837221181, 37.71727526484355, 0.0], [126.98066307391582, 37.71722717910751, 0.0], [126.9802128192713, 37.71773122516545, 0.0], [126.9803030855187, 37.71782186004719, 0.0], [126.98032182022341, 37.717911266531985, 0.0], [126.9805490174674, 37.71796475187798, 0.0], [126.98095823205293, 37.7182581603942, 0.0], [126.98151189996982, 37.717832502950394, 0.0], [126.98206078304983, 37.71769408731585, 0.0], [126.98254503651773, 37.71768875348187, 0.0], [126.98312000819455, 37.717843395738036, 0.0], [126.98360295206089, 37.71791603437287, 0.0], [126.98397673306451, 37.71773524841056, 0.0], [126.98412470004679, 37.71778274047544, 0.0], [126.98446620886364, 37.71771346145105, 0.0], [126.98487217034837, 37.71785669334119, 0.0], [126.98512259643545, 37.717820564393655, 0.0], [126.98519846699797, 37.717899688561985, 0.0], [126.98527904562076, 37.718135552756394, 0.0], [126.98537957449827, 37.718212427496624, 0.0], [126.98562715039378, 37.71824863702488, 0.0], [126.98596859266641, 37.718501103508835, 0.0], [126.98628732542595, 37.718450656732024, 0.0], [126.98663921323353, 37.71860592744936, 0.0], [126.98677577580185, 37.718815428189174, 0.0], [126.98693700780034, 37.71895862297212, 0.0], [126.98707921956355, 37.71934594489677, 0.0], [126.98721770181909, 37.71943337544612, 0.0], [126.98740552898248, 37.71942510871173, 0.0], [126.98747286056422, 37.719520061185634, 0.0], [126.98754210223836, 37.71953212355913, 0.0], [126.98788363813564, 37.71933699644653, 0.0], [126.98800035355723, 37.71912376972997, 0.0], [126.98863874333517, 37.71919015228557, 0.0], [126.98874032620336, 37.71871318314604, 0.0], [126.98882192504401, 37.71862201472793, 0.0], [126.98904860254656, 37.71885035274828, 0.0], [126.98950205829227, 37.71912330922654, 0.0], [126.9901271343543, 37.71896650600799, 0.0], [126.99021535878224, 37.71885273122863, 0.0], [126.99026852778402, 37.718566400441226, 0.0], [126.99051894016765, 37.71870355846912, 0.0], [126.99049707574228, 37.71898613724721, 0.0], [126.99053027189348, 37.71900196104092, 0.0], [126.99141063985897, 37.71852806938973, 0.0], [126.99143719168724, 37.71860643599343, 0.0], [126.99131004583946, 37.71887242703531, 0.0], [126.99111365161285, 37.71908188452675, 0.0], [126.99129005970165, 37.71929740884875, 0.0], [126.99122838669959, 37.71942474766881, 0.0], [126.99125777336403, 37.71958751840529, 0.0], [126.99115164497721, 37.71982862603471, 0.0], [126.9912577109916, 37.720039630360574, 0.0], [126.9912102473948, 37.72025664279859, 0.0], [126.991280425059, 37.72040131700223, 0.0], [126.99155739872687, 37.72052793557118, 0.0], [126.99172527405116, 37.72079544591492, 0.0], [126.9915668519506, 37.720824074750695, 0.0], [126.9912035319761, 37.72075471423583, 0.0], [126.99111909137216, 37.7208971221789, 0.0], [126.99123384666137, 37.72110736362369, 0.0], [126.99119588338912, 37.72119477150391, 0.0], [126.99077944480733, 37.72120678897651, 0.0], [126.99064570725727, 37.72104477423701, 0.0], [126.99050246412105, 37.721051534405504, 0.0], [126.99026623790056, 37.72118790204586, 0.0], [126.99017514528362, 37.72134990505524, 0.0], [126.98983360152216, 37.72164148663867, 0.0], [126.9898297909366, 37.72170704054317, 0.0], [126.9899407649787, 37.72178013766774, 0.0], [126.99005461098679, 37.721775635033005, 0.0], [126.99049194956123, 37.721585032955325, 0.0], [126.99054789069886, 37.721734237376275, 0.0], [126.99091216672137, 37.721814889514775, 0.0], [126.99181813251796, 37.721599465618915, 0.0], [126.99193410189532, 37.7217207815938, 0.0], [126.99308282429455, 37.72153799070148, 0.0], [126.99310148873172, 37.721590806507685, 0.0], [126.99290961821191, 37.72169229603657, 0.0], [126.99259154790279, 37.721654549156554, 0.0], [126.99234580602126, 37.72169476734354, 0.0], [126.99208370567266, 37.72187728402931, 0.0], [126.99259619573085, 37.72241339538482, 0.0], [126.99090328560425, 37.72427082606568, 0.0], [126.99071455928602, 37.72459527324092, 0.0], [126.99083726462507, 37.72463178409473, 0.0], [126.99091516267124, 37.724512413066705, 0.0], [126.99121251268816, 37.72462179876141, 0.0], [126.99127946354697, 37.72466696097059, 0.0], [126.99130719272245, 37.72478551179622, 0.0], [126.99139207489876, 37.72484032516906, 0.0], [126.9913622686275, 37.72491015637877, 0.0], [126.99115388346219, 37.72486450460151, 0.0], [126.99103439757091, 37.72500382819283, 0.0], [126.99082991192529, 37.72501378629311, 0.0], [126.99094800922154, 37.7251526737503, 0.0], [126.99138361151465, 37.72503702227545, 0.0], [126.99145197341271, 37.725123332271025, 0.0], [126.99141782558998, 37.725168260130914, 0.0], [126.99180051762112, 37.725326727199345, 0.0], [126.99181217232577, 37.72528459912149, 0.0], [126.99203746207014, 37.72541902269162, 0.0], [126.9921431834271, 37.72554524250735, 0.0], [126.99272387834147, 37.72577917363749, 0.0], [126.99344553723655, 37.72599616795881, 0.0], [126.99471390550565, 37.7261090579739, 0.0], [126.99533714884612, 37.72606570249669, 0.0], [126.99609163810318, 37.72590953907402, 0.0], [126.99668138496459, 37.726151788815045, 0.0], [126.99712040776592, 37.726211702212154, 0.0], [126.99697785326639, 37.727781085289756, 0.0], [126.99838751486882, 37.73172127011519, 0.0], [127.00027135053281, 37.73287329452014, 0.0], [127.00267638184413, 37.73474511611083, 0.0], [127.00432989543228, 37.73590045690223, 0.0], [127.00463183946022, 37.73605389277182, 0.0], [127.00476346604007, 37.73608870239393, 0.0], [127.00478055903737, 37.735943032241444, 0.0], [127.00552289839779, 37.73609893889594, 0.0], [127.00701043637167, 37.73628477507631, 0.0], [127.00754961425555, 37.736233476772014, 0.0], [127.00770116194425, 37.73615322695208, 0.0], [127.00794277689299, 37.73624218408679, 0.0], [127.00812305301959, 37.73620782277763, 0.0], [127.00845858966845, 37.7360301423471, 0.0], [127.0087290654896, 37.735749421966396, 0.0], [127.00888996538806, 37.73590155421371, 0.0], [127.00899980501579, 37.735869251430096, 0.0], [127.01071875953885, 37.73603203116926, 0.0], [127.01086435918013, 37.735986899639215, 0.0], [127.01113114942572, 37.73605867726791, 0.0], [127.01175508718059, 37.73591812878657, 0.0], [127.01195717352212, 37.73595246329398, 0.0], [127.0123178832113, 37.735909636360496, 0.0], [127.01272894075116, 37.735803447096316, 0.0], [127.01277944764753, 37.73573474166459, 0.0], [127.01273970911184, 37.73551993109992, 0.0], [127.01289844793644, 37.734961319318636, 0.0], [127.01299219922782, 37.73481799172219, 0.0], [127.01295600820826, 37.734654985843264, 0.0], [127.01298843457745, 37.73460317750285, 0.0], [127.01309675034989, 37.7346690438447, 0.0], [127.01315811444812, 37.734829526294554, 0.0], [127.01312926055543, 37.735087431402846, 0.0], [127.01323387292341, 37.73533096000473, 0.0], [127.01328798979799, 37.73564009097481, 0.0], [127.01335287104965, 37.73565163709634, 0.0], [127.01350796166649, 37.73556855974941, 0.0], [127.01401644819526, 37.73515603900534, 0.0], [127.01404908193874, 37.73526498659474, 0.0], [127.01400944966264, 37.73570027278236, 0.0], [127.01404545115774, 37.73580050313854, 0.0], [127.01413214165966, 37.73590072610679, 0.0], [127.01424382567922, 37.73594378919806, 0.0], [127.014330505294, 37.735917877322514, 0.0], [127.01448911426495, 37.73571739341186, 0.0], [127.01453591027325, 37.735717388755674, 0.0], [127.01463348622494, 37.736169831667254, 0.0], [127.01472726457101, 37.736247252885704, 0.0], [127.01516722122975, 37.73617850235192, 0.0], [127.01541252656499, 37.73604952053839, 0.0], [127.01552793738449, 37.73611820340183, 0.0], [127.0157082575009, 37.73639325642108, 0.0], [127.01583818748679, 37.73639043003289, 0.0], [127.01602564939625, 37.73592921987312, 0.0], [127.01619878623148, 37.73573155675105, 0.0], [127.01622392640654, 37.73556262321587, 0.0], [127.01630332149955, 37.73547645452247, 0.0], [127.01636461035075, 37.73527317115652, 0.0], [127.01645837657857, 37.73523599501569, 0.0], [127.01667487626176, 37.73557100856836, 0.0], [127.01655585559382, 37.736052200721176, 0.0], [127.0166461385881, 37.73634162324333, 0.0], [127.0166427083187, 37.73688022767263, 0.0], [127.01671112767424, 37.736874308915624, 0.0], [127.01675434990965, 37.73675688969831, 0.0], [127.0168192941593, 37.736183932044845, 0.0], [127.0168660709803, 37.73608650515254, 0.0], [127.01694546447524, 37.73599217094743, 0.0], [127.01707166797303, 37.7359662513683, 0.0], [127.0171870392551, 37.73583729317146, 0.0], [127.01728806700439, 37.73580011457094, 0.0], [127.01738900987915, 37.73622129855059, 0.0], [127.01753706082978, 37.73639021124113, 0.0], [127.01766332878323, 37.73665653695851, 0.0], [127.01779682007445, 37.73669368311079, 0.0], [127.01805648537999, 37.736570611332944, 0.0], [127.01822239965868, 37.736556224863094, 0.0], [127.01838459477051, 37.73660209619371, 0.0], [127.01853263520746, 37.73671666866626, 0.0], [127.01855057630175, 37.73688559657503, 0.0], [127.01842441452769, 37.73710044226786, 0.0], [127.01846414553322, 37.73720938787109, 0.0], [127.01844613046485, 37.737458569539264, 0.0], [127.01857252208765, 37.73750134881633, 0.0], [127.01870951620272, 37.737372372017425, 0.0], [127.01879957306186, 37.73737826930088, 0.0], [127.01884303845783, 37.737535654457005, 0.0], [127.01877805506602, 37.73783072723647, 0.0], [127.01904157001312, 37.7382890524851, 0.0], [127.01921834311338, 37.738415162863056, 0.0], [127.01937698343419, 37.73837487536644, 0.0], [127.01964010714764, 37.737902397771435, 0.0], [127.0197230753058, 37.73791645758052, 0.0], [127.01986742816372, 37.738188696952236, 0.0], [127.01998284908053, 37.738266107499754, 0.0], [127.02019576118569, 37.738314777767066, 0.0], [127.02031840974719, 37.73825732462788, 0.0], [127.02038679525863, 37.73807121036819, 0.0], [127.02036880391616, 37.73776460738516, 0.0], [127.02024966191806, 37.73768437715047, 0.0], [127.01994672700606, 37.7377187766947, 0.0], [127.01987811541983, 37.73768443628225, 0.0], [127.01986728680987, 37.737612928135995, 0.0], [127.01995394596196, 37.73750705124299, 0.0], [127.02020986979888, 37.737346523076646, 0.0], [127.02015217775082, 37.73701711991126, 0.0], [127.02045510969693, 37.736979906787596, 0.0], [127.02081934706945, 37.73680782036542, 0.0], [127.02085906844502, 37.73686524825195, 0.0], [127.02080863664781, 37.73720030813438, 0.0], [127.02098193714635, 37.73766145572894, 0.0], [127.02115495814435, 37.73770450013735, 0.0], [127.02152293930526, 37.7376098386463, 0.0], [127.02162757885417, 37.73779593123993, 0.0], [127.0217070046472, 37.7378389924474, 0.0], [127.02184027362676, 37.73771283695516, 0.0], [127.02197012783327, 37.73742647904387, 0.0], [127.02204580932013, 37.737383382757976, 0.0], [127.02210360603947, 37.737446439263444, 0.0], [127.02209638048882, 37.73757257526972, 0.0], [127.0221829275676, 37.7377243167333, 0.0], [127.02219396163494, 37.73791041962251, 0.0], [127.02241401705636, 37.7381451982355, 0.0], [127.02272242111634, 37.738628003117924, 0.0], [127.02289390905113, 37.73869414957074, 0.0], [127.02611827840727, 37.738577116307475, 0.0], [127.0265505380066, 37.73847946898834, 0.0], [127.02713299970141, 37.7382018463894, 0.0], [127.02660345722134, 37.73726758129716, 0.0]], [[126.94848438011515, 37.65689062691062, 0.0], [126.94828832846885, 37.65679196337098, 0.0], [126.9476980026777, 37.657230533539746, 0.0], [126.94755432661229, 37.65745026882859, 0.0], [126.94749204211341, 37.65735620615184, 0.0], [126.94741385793672, 37.65735675567356, 0.0], [126.94715367167166, 37.657882876924106, 0.0], [126.94733139903786, 37.65797129847437, 0.0], [126.94724616235202, 37.65815719444127, 0.0], [126.946837411071, 37.65803364451065, 0.0], [126.94715668799348, 37.65736799896282, 0.0], [126.94745330076256, 37.65694223583792, 0.0], [126.94810189084369, 37.656402648693934, 0.0], [126.94819851363908, 37.65651225112635, 0.0], [126.94825516586135, 37.65651151113859, 0.0], [126.94889035393912, 37.655984203349774, 0.0], [126.94893084503258, 37.6560150432158, 0.0], [126.94925949994771, 37.65572368842848, 0.0], [126.94980272992564, 37.65500357038591, 0.0], [126.95053850348039, 37.654825922214705, 0.0], [126.95058550117103, 37.654955800479904, 0.0], [126.95078069811235, 37.65494124349729, 0.0], [126.95082949476613, 37.65507614054653, 0.0], [126.95064435151131, 37.65511847842483, 0.0], [126.95057355988122, 37.65518353407183, 0.0], [126.95039708645743, 37.65522482132875, 0.0], [126.95035108257916, 37.65508441195229, 0.0], [126.95018119582606, 37.65512325992747, 0.0], [126.95022986163201, 37.65526393234489, 0.0], [126.9500626365674, 37.65530305213533, 0.0], [126.95010759700696, 37.655427324709215, 0.0], [126.94996782800486, 37.6554534282216, 0.0], [126.94923276698727, 37.656287776792105, 0.0], [126.94848438011515, 37.65689062691062, 0.0]], [[127.03331754280127, 37.68658838761956, 0.0], [127.0326800192032, 37.68637656867721, 0.0], [127.03246209967477, 37.68639392982762, 0.0], [127.03210241220141, 37.68612578877208, 0.0], [127.03209684526327, 37.6858359249249, 0.0], [127.03251624859277, 37.68559353944076, 0.0], [127.03264204519891, 37.685467943689055, 0.0], [127.03252145323147, 37.68534055476402, 0.0], [127.03261052917061, 37.68526899426125, 0.0], [127.03268664459772, 37.685375018381244, 0.0], [127.03286822599851, 37.68541793537483, 0.0], [127.03302711228159, 37.68568278879957, 0.0], [127.03304337205692, 37.68579612700436, 0.0], [127.03340015091368, 37.68580359971381, 0.0], [127.03360636595274, 37.686058878188945, 0.0], [127.03380119021013, 37.68618180766022, 0.0], [127.03427098732341, 37.68615600028344, 0.0], [127.03415198403796, 37.68623928369372, 0.0], [127.03396006020436, 37.68626952035173, 0.0], [127.03405077761359, 37.68631715450648, 0.0], [127.0340118372733, 37.686712331416466, 0.0], [127.03377305389292, 37.68666086265962, 0.0], [127.03334588916536, 37.68670530500952, 0.0], [127.03323396443389, 37.686777574192675, 0.0], [127.03331754280127, 37.68658838761956, 0.0]]]}}]}