{"type": "FeatureCollection", "features": [{"type": "Feature", "geometry": {"type": "LineString", "coordinates": [[126.954391391, 37.61965535], [126.954401864, 37.619655709], [126.95441225, 37.619656441], [126.954422504, 37.619657696], [126.954432703, 37.619659623], [126.954442751, 37.619662102], [126.954452677, 37.619665002], [126.954462494, 37.61966822], [126.954472202, 37.619671686], [126.954481783, 37.619675357], [126.954491202, 37.619679211], [126.9545004, 37.619683251], [126.954509289, 37.619687503], [126.954517749, 37.619692014], [126.954525612, 37.619696863], [126.954532655, 37.619702159], [126.954538587, 37.619708052], [126.954543357, 37.61971499], [126.954546908, 37.619722566], [126.954549554, 37.619730604], [126.954551521, 37.619738967], [126.954552961, 37.619747555], [126.954553965, 37.619756291], [126.954554569, 37.619765117], [126.954554754, 37.619773986], [126.95455445, 37.619782862], [126.954553535, 37.619791709], [126.954551948, 37.61980029], [126.954549794, 37.619808817], [126.954547213, 37.619817291], [126.954544302, 37.619825707], [126.954541117, 37.619834055], [126.954537676, 37.619842317], [126.954533968, 37.619850463], [126.954529944, 37.619858452], [126.954525519, 37.619866229], [126.954520564, 37.619873711], [126.9545149, 37.619880798], [126.954508567, 37.619887231], [126.954501568, 37.619893286], [126.954494079, 37.619899063], [126.954486235, 37.619904635], [126.954478136, 37.619910055], [126.954461452, 37.619920575], [126.954444384, 37.619930744], [126.95442705, 37.619940467], [126.954418269, 37.619945064], [126.95440938, 37.619949391], [126.954400348, 37.619953348], [126.954391116, 37.6199568], [126.954381617, 37.61995957], [126.954371197, 37.619961609], [126.954360482, 37.619962895], [126.954349552, 37.619963637], [126.954338471, 37.619963992], [126.954327286, 37.619964081], [126.954270882, 37.619963309], [126.954259677, 37.619963368], [126.954248564, 37.619963678], [126.954237585, 37.619964352], [126.954226796, 37.619965544], [126.954216274, 37.619967447], [126.954206099, 37.619970215], [126.954196194, 37.619973699], [126.954186489, 37.619977709], [126.954176939, 37.619982106], [126.954167514, 37.619986791], [126.9541582, 37.619991698], [126.954148999, 37.619996787], [126.954139928, 37.620002047], [126.95413102, 37.620007485], [126.954122331, 37.620013135], [126.954113935, 37.62001905], [126.954105964, 37.620025227], [126.954098281, 37.620031653], [126.954090812, 37.62003826], [126.954076318, 37.620051829], [126.954062296, 37.620065703], [126.95404886, 37.62007984], [126.954042492, 37.62008704], [126.954036485, 37.620094367], [126.95403098, 37.620101868], [126.954026168, 37.620109607], [126.954022271, 37.620117497], [126.954019071, 37.620125617], [126.954016412, 37.620133904], [126.95401419, 37.62014231], [126.954012345, 37.6201508], [126.954010863, 37.620159344], [126.954009764, 37.620167925], [126.954009115, 37.620176523], [126.954009024, 37.620185131], [126.954009569, 37.620193597], [126.954010624, 37.62020206], [126.954012049, 37.620210519], [126.954013739, 37.620218973], [126.954019707, 37.620244308], [126.9540285, 37.620278019], [126.954035459, 37.620303207], [126.95404048, 37.620319895], [126.954043205, 37.620328183], [126.954046148, 37.620336417], [126.954049049, 37.620343857], [126.954064494, 37.620380821], [126.954070709, 37.620397824], [126.954082352, 37.62043195], [126.954085466, 37.620440394], [126.954088814, 37.620448749], [126.954092498, 37.620456981], [126.954096649, 37.620465042], [126.954101347, 37.620472885], [126.954106445, 37.620480577], [126.954122199, 37.620503407], [126.954126958, 37.620511144], [126.954131104, 37.62051906], [126.95413449, 37.620527327], [126.954137193, 37.620535796], [126.954139395, 37.620544414], [126.954141239, 37.620553141], [126.954144236, 37.620570802], [126.95414674, 37.620588616], [126.954157856, 37.620678117], [126.954159735, 37.620696003], [126.95416105, 37.62071387], [126.954161329, 37.620722794], [126.954161218, 37.620731707], [126.954160656, 37.620740344], [126.954159727, 37.62074897], [126.954157132, 37.620766205], [126.954152286, 37.620792034], [126.954145244, 37.620826457], [126.954134427, 37.620878065], [126.954128653, 37.620903801], [126.954124341, 37.620920879], [126.954122001, 37.620929204], [126.954116954, 37.620945793], [126.954108877, 37.620970589], [126.954092265, 37.621020099], [126.95408432, 37.621044897], [126.95407955, 37.621061494], [126.95407746, 37.621069828], [126.954075663, 37.621078197], [126.954074168, 37.621086962], [126.954072985, 37.621095764], [126.95407203, 37.621104594], [126.954070556, 37.62112231], [126.954066193, 37.62119341], [126.954061483, 37.621255613], [126.954060335, 37.621273349], [126.954059751, 37.621291029], [126.954059846, 37.62129983], [126.954060347, 37.62130859], [126.954061404, 37.621317294], [126.954063146, 37.621325947], [126.954065445, 37.621334545], [126.954068146, 37.621343105], [126.954071136, 37.621351637], [126.954077647, 37.621368659], [126.954084527, 37.621385657], [126.954102344, 37.621428037], [126.954109882, 37.621444768], [126.954113885, 37.621453], [126.954115504, 37.621456071], [126.954118146, 37.621461081], [126.954122777, 37.621468951], [126.954127927, 37.62147652], [126.954133794, 37.621483676], [126.95414057, 37.621490351], [126.954148084, 37.621496591], [126.954156155, 37.62150249], [126.954164648, 37.621508114], [126.954173474, 37.621513497], [126.954182578, 37.621518649], [126.954191933, 37.621523557], [126.954201533, 37.621528185], [126.954210516, 37.621532144], [126.954246947, 37.621546866], [126.954255898, 37.621550707], [126.95426452, 37.621554724], [126.95427268, 37.62155898], [126.954280203, 37.621563565], [126.954286862, 37.621568592], [126.954292367, 37.621574208], [126.954296589, 37.621580715], [126.954299621, 37.621587836], [126.954301797, 37.621595406], [126.954303386, 37.6216033], [126.954304603, 37.621611421], [126.954307581, 37.621635563], [126.954308683, 37.621643078], [126.954309978, 37.621650576], [126.954311526, 37.621658033], [126.954313402, 37.621665426], [126.954315694, 37.621672729], [126.954318803, 37.621680754], [126.954329557, 37.621704554], [126.954332733, 37.621712194], [126.954335638, 37.621719896], [126.954338261, 37.621727645], [126.954340569, 37.621735424], [126.954342497, 37.62174322], [126.954343953, 37.621751021], [126.954344803, 37.621758815], [126.954344868, 37.621766588], [126.95434395, 37.621774624], [126.954342182, 37.621782618], [126.954339748, 37.621790563], [126.954336775, 37.621798447], [126.954333345, 37.621806254], [126.954329496, 37.621813956], [126.954325226, 37.621821519], [126.954320339, 37.621829163], [126.954315, 37.621836579], [126.954309208, 37.621843724], [126.95430293, 37.621850529], [126.954296141, 37.621856988], [126.954282324, 37.621869385], [126.954276023, 37.621875682], [126.954270671, 37.621882295], [126.95426694, 37.62188875], [126.954264365, 37.621895536], [126.954262969, 37.62190256], [126.954262744, 37.621908667], [126.954263332, 37.621914843], [126.954264663, 37.621921044], [126.954267271, 37.621928801], [126.954270647, 37.621936537], [126.954286554, 37.621967435], [126.954289948, 37.621975198], [126.954292586, 37.621983001], [126.954294125, 37.621990855], [126.954294285, 37.621998859], [126.954293258, 37.6220069], [126.954291324, 37.622014949], [126.954288681, 37.62202297], [126.95428546, 37.622030921], [126.954281732, 37.622038747], [126.95427751, 37.62204638], [126.954275819, 37.622048994], [126.954272755, 37.622053728], [126.954267367, 37.62206067], [126.954261187, 37.622067048], [126.95425384, 37.622072873], [126.954245636, 37.622077942], [126.95423673, 37.622082255], [126.954227206, 37.62208574], [126.954218261, 37.622088101], [126.954208981, 37.622089926], [126.954199468, 37.622091404], [126.954170302, 37.622095359], [126.954160201, 37.622097038], [126.954150138, 37.62209895], [126.954140118, 37.622101055], [126.954130147, 37.622103328], [126.954110385, 37.62210833], [126.954100619, 37.622111065], [126.954090955, 37.622113983], [126.954081422, 37.622117123], [126.954072059, 37.622120539], [126.954062392, 37.622124494], [126.954052908, 37.622128741], [126.954034314, 37.62213782], [126.954016042, 37.622147376], [126.953998004, 37.622157226], [126.953980256, 37.622167357], [126.953971547, 37.622172566], [126.953963002, 37.622177917], [126.953954682, 37.622183457], [126.953946668, 37.622189255], [126.953938897, 37.622195465], [126.953931424, 37.622201929], [126.953924143, 37.622208567], [126.953860616, 37.622268662], [126.953846646, 37.622282167], [126.9538331, 37.622295931], [126.953826674, 37.622302908], [126.953820619, 37.622309977], [126.953815091, 37.622317168], [126.953810299, 37.622324524], [126.953806525, 37.622332104], [126.953804089, 37.622339632], [126.9538027, 37.622347334], [126.953802212, 37.622355123], [126.953802554, 37.622362919], [126.953803729, 37.622370641], [126.953805813, 37.622378205], [126.953808958, 37.622385518], [126.953813464, 37.622392774], [126.953818933, 37.622399771], [126.953825013, 37.622406623], [126.953837829, 37.622420301], [126.953844035, 37.622427335], [126.953849693, 37.622434468], [126.953852268, 37.622438089], [126.95385492, 37.622441821], [126.953859729, 37.622449357], [126.953864096, 37.622457053], [126.953867968, 37.622464899], [126.953871247, 37.6224729], [126.953873953, 37.622481457], [126.953876014, 37.622490149], [126.953877534, 37.622498938], [126.953878565, 37.622507793], [126.953879108, 37.622516691], [126.953879155, 37.622525376], [126.953878794, 37.622534069], [126.953878086, 37.622542753], [126.953877053, 37.622551413], [126.95387568, 37.622560031], [126.95387391, 37.622568582], [126.953871647, 37.622577037], [126.953869091, 37.622584595], [126.953866108, 37.622592049], [126.953862759, 37.622599398], [126.953859077, 37.622606633], [126.953855062, 37.622613734], [126.95385069, 37.622620671], [126.953845903, 37.622627403], [126.953840616, 37.622633872], [126.953834268, 37.622640512], [126.953827379, 37.622646858], [126.953820096, 37.622652989], [126.953812532, 37.622658964], [126.953796878, 37.622670622], [126.953764827, 37.622693544], [126.953748951, 37.622705138], [126.953733527, 37.622717071], [126.953725751, 37.622723526], [126.953718165, 37.622730115], [126.953703468, 37.622743602], [126.953689439, 37.622757447], [126.953682765, 37.622764524], [126.953676414, 37.622771738], [126.953670506, 37.622779132], [126.953665195, 37.622786769], [126.95366063, 37.622794661], [126.953656668, 37.622802791], [126.953653163, 37.622811097], [126.953650013, 37.622819531], [126.953647151, 37.622828061], [126.953644544, 37.622836664], [126.953642183, 37.622845329], [126.953640091, 37.622854048], [126.953636789, 37.62287106], [126.953629895, 37.622914186], [126.953624958, 37.622940787], [126.953621018, 37.62295837], [126.953618724, 37.622967082], [126.953616115, 37.622975714], [126.953613079, 37.622984241], [126.953610101, 37.622991388], [126.953606839, 37.622998467], [126.953592544, 37.623027535], [126.953581586, 37.623051611], [126.953567687, 37.623083984], [126.953537278, 37.623156512], [126.953530568, 37.623171572], [126.953523375, 37.623186414], [126.953519474, 37.623193699], [126.953515275, 37.623200852], [126.953510681, 37.623207828], [126.953505427, 37.623214843], [126.953499773, 37.623221683], [126.953493851, 37.623228409], [126.953469082, 37.6232556], [126.953456536, 37.623270171], [126.953444245, 37.623284908], [126.953408048, 37.623329523], [126.953312034, 37.62344925], [126.953313241, 37.623451861], [126.953316772, 37.62346029], [126.953319851, 37.623468817], [126.953322328, 37.623477255], [126.953324376, 37.623485781], [126.953326112, 37.623494374], [126.953327623, 37.623503012], [126.95333022, 37.623520377], [126.953340235, 37.623598885], [126.953343921, 37.623624911], [126.953347857, 37.623650861], [126.953353269, 37.623685474], [126.953357587, 37.623711423], [126.95336086, 37.62372867], [126.953362737, 37.623737255], [126.953364866, 37.623745795], [126.953367341, 37.62375427], [126.953370216, 37.623762597], [126.953373449, 37.623770854], [126.953376965, 37.623779054], [126.953384672, 37.623795286], [126.95338884, 37.6238033], [126.953393244, 37.623811218], [126.953397934, 37.623818998], [126.953402987, 37.623826585], [126.953408072, 37.623833402], [126.953413489, 37.623839989], [126.953419189, 37.62384633], [126.953425142, 37.623852381], [126.953431343, 37.623858075], [126.953437812, 37.623863308], [126.953444592, 37.623867938], [126.953451754, 37.623871772], [126.953459395, 37.623874566], [126.953468166, 37.623876189], [126.953477457, 37.623876662], [126.953487132, 37.623876298], [126.953497085, 37.62387534], [126.953507239, 37.623873978], [126.95351754, 37.623872364], [126.953549, 37.623867141], [126.953569675, 37.623864248], [126.953590466, 37.623861945], [126.953600883, 37.623861043], [126.953611308, 37.623860346], [126.953621738, 37.623859898], [126.953632129, 37.623859738], [126.953652917, 37.62386006], [126.953684089, 37.623861453], [126.95370468, 37.623862675], [126.953725068, 37.623864068], [126.953745392, 37.623865735], [126.953765599, 37.623867887], [126.953775633, 37.623869256], [126.953785796, 37.623870912], [126.953795908, 37.623872785], [126.953816037, 37.623876948], [126.953856194, 37.623885867], [126.953876346, 37.62389017], [126.953897188, 37.623894265], [126.95394942, 37.623903931], [126.953970086, 37.623908111], [126.953980276, 37.623910431], [126.953990313, 37.623912996], [126.954000137, 37.623915904], [126.954009669, 37.623919278], [126.954019002, 37.623923291], [126.95402803, 37.623927789], [126.954036829, 37.623932646], [126.954045454, 37.62393777], [126.95406231, 37.623948569], [126.954078699, 37.623959897], [126.954086684, 37.623965741], [126.954094476, 37.62397173], [126.954102012, 37.623977899], [126.954109205, 37.623984305], [126.95411582, 37.623990822], [126.954122107, 37.623997559], [126.95412815, 37.624004459], [126.95413401, 37.624011478], [126.95414534, 37.624025758], [126.954156274, 37.624040258], [126.954166785, 37.624054947], [126.954171821, 37.624062381], [126.954176651, 37.624069897], [126.954181431, 37.624077847], [126.954190403, 37.624093976], [126.954198925, 37.624110279], [126.954211329, 37.624134871], [126.954223421, 37.624159539], [126.954231148, 37.624176046], [126.954234811, 37.624184335], [126.954238265, 37.624192665], [126.954241424, 37.624201049], [126.954244181, 37.624209508], [126.954246415, 37.624217932], [126.954248258, 37.62422643], [126.954251155, 37.624243575], [126.954253451, 37.624260836], [126.954259583, 37.624312805], [126.954262083, 37.624330083], [126.954263584, 37.624338691], [126.954265372, 37.624347533], [126.954269533, 37.624365131], [126.954274298, 37.624382608], [126.954279708, 37.624399898], [126.954282755, 37.624408425], [126.954286131, 37.624416832], [126.954289956, 37.624425075], [126.954294387, 37.624433091], [126.954299535, 37.624440808], [126.954305277, 37.624448302], [126.95431145, 37.624455635], [126.954317921, 37.624462854], [126.954344954, 37.624491252], [126.954358045, 37.624505521], [126.954364151, 37.62451277], [126.95436977, 37.624520148], [126.954374703, 37.624527708], [126.95437869, 37.624535519], [126.954381491, 37.624543532], [126.954383365, 37.624551791], [126.954384561, 37.62456023], [126.954385267, 37.624568801], [126.954385627, 37.624577464], [126.954385693, 37.624594961], [126.954385004, 37.624621406], [126.954383472, 37.624656738], [126.954382381, 37.624674533], [126.954381999, 37.624679513], [126.954380321, 37.624701411], [126.95437116, 37.624808767], [126.95436831, 37.624844534], [126.954367195, 37.624862414], [126.95436681, 37.624871351], [126.954366603, 37.624880286], [126.954366641, 37.624889218], [126.954367496, 37.624906204], [126.954369942, 37.624931668], [126.954374047, 37.624965608], [126.954379589, 37.625008018], [126.954383193, 37.625033438], [126.954385986, 37.625051252], [126.954401176, 37.625140204], [126.954405558, 37.625166889], [126.954408116, 37.625184688], [126.954409178, 37.625193593], [126.954410014, 37.625202503], [126.954410544, 37.625211421], [126.954410696, 37.625219811], [126.954410247, 37.625236609], [126.954409204, 37.625253423], [126.954405316, 37.625303915], [126.954404098, 37.625329776], [126.954403285, 37.625373401], [126.954402354, 37.625478129], [126.954401828, 37.625504306], [126.954401148, 37.625521749], [126.954399942, 37.625539377], [126.954395459, 37.625583957], [126.954393922, 37.625601476], [126.954389416, 37.625670572], [126.954386283, 37.625713072], [126.954385834, 37.625720601], [126.954385632, 37.625728002], [126.954385866, 37.625735227], [126.954386764, 37.625742214], [126.954388596, 37.625748879], [126.954392082, 37.62575592], [126.954393275, 37.625761786], [126.954396904, 37.62576837], [126.954396295, 37.625773186], [126.954404736, 37.625787934]]}, "properties": {"vcursId": "121500V010", "name": "비봉코스", "distanceKm": "2", "durationH": "01", "durationM": "00", "difficulty": "중", "section": "비봉탐방지원센터~금선사~비봉"}}, {"type": "Feature", "geometry": {"type": "LineString", "coordinates": [[126.99656336, 37.618963289], [126.996554647, 37.618973154], [126.996547977, 37.618980369], [126.996514009, 37.619015341], [126.996500825, 37.619029551], [126.996494415, 37.61903676], [126.996484243, 37.619048682], [126.996448644, 37.619091171], [126.996433184, 37.619110107], [126.996423304, 37.619123116], [126.996418644, 37.619129737], [126.99641406, 37.619136734], [126.996409721, 37.61914383], [126.996405592, 37.619151024], [126.996401333, 37.619159044], [126.996396889, 37.619168054], [126.996392434, 37.61917771], [126.99637504, 37.619218855], [126.996370001, 37.619230209], [126.996367829, 37.619234437], [126.996361433, 37.619242839], [126.996356795, 37.61924837], [126.996351821, 37.619253912], [126.996346208, 37.619259791], [126.996340133, 37.619265785], [126.996333779, 37.619271671], [126.99632733, 37.619277225], [126.996320971, 37.619282225], [126.99631414, 37.619286955], [126.996307584, 37.619290964], [126.996300854, 37.619294787], [126.996293975, 37.619298434], [126.996286955, 37.619301895], [126.996279785, 37.619305144], [126.996272443, 37.619308134], [126.996264834, 37.619310858], [126.996257081, 37.619313358], [126.996233494, 37.619320334], [126.996217927, 37.619325243], [126.99621033, 37.619327997], [126.996203307, 37.619330877], [126.99619643, 37.619333986], [126.996183018, 37.619340712], [126.996170001, 37.619347962], [126.996157437, 37.619355717], [126.996151543, 37.619359698], [126.996140086, 37.619367991], [126.996128916, 37.61937656], [126.996112506, 37.619389726], [126.996101223, 37.619399157], [126.99608763, 37.619410898], [126.996043486, 37.619449776], [126.99600294, 37.619467166], [126.995993799, 37.619471087], [126.995952938, 37.61948786], [126.99594159, 37.619492764], [126.995930603, 37.619497969], [126.995904033, 37.619511745], [126.995866308, 37.61953051], [126.995856302, 37.6195358], [126.99584643, 37.619541247], [126.995836688, 37.619546842], [126.995826949, 37.619552736], [126.995805403, 37.619566686], [126.995769389, 37.619590787], [126.995765645, 37.619594272], [126.995761635, 37.619598426], [126.995756619, 37.619603913], [126.995750711, 37.619610761], [126.995744355, 37.61961855], [126.995743706, 37.61961939], [126.995737823, 37.619627004], [126.995731378, 37.619635847], [126.995725106, 37.61964502], [126.995719342, 37.619653952], [126.995714214, 37.619662282], [126.995705146, 37.619677524], [126.99569558, 37.619693051], [126.99567539, 37.619724231], [126.995670488, 37.619732119], [126.995666116, 37.61973957], [126.995661958, 37.619747094], [126.995658017, 37.619754688], [126.99565432, 37.619762357], [126.995650794, 37.619770337], [126.995647796, 37.619777734], [126.995647531, 37.619778389], [126.995644517, 37.619786505], [126.995641755, 37.619794679], [126.995637558, 37.61980894], [126.995637191, 37.619810185], [126.995628838, 37.61984142], [126.995624827, 37.619857089], [126.995621153, 37.619873154], [126.995617972, 37.619889273], [126.995613913, 37.619912758], [126.995612364, 37.619920539], [126.99561049, 37.619928502], [126.995608288, 37.619936394], [126.995605713, 37.619944198], [126.995602689, 37.619951886], [126.995599111, 37.619959535], [126.995595101, 37.619967067], [126.995590767, 37.619974509], [126.99558141, 37.61998919], [126.995571409, 37.620003647], [126.995566203, 37.620010787], [126.995555317, 37.620024818], [126.99554956, 37.620031656], [126.995543515, 37.620038324], [126.995537698, 37.620044228], [126.995531635, 37.620049985], [126.995525382, 37.620055625], [126.995512464, 37.620066643], [126.995482126, 37.620091372], [126.995461473, 37.620108963], [126.995454506, 37.620114713], [126.995447365, 37.620120288], [126.995439955, 37.620125599], [126.99543269, 37.620130269], [126.995425145, 37.620134656], [126.995417361, 37.620138789], [126.995409362, 37.620142676], [126.995401164, 37.620146312], [126.995391583, 37.620150143], [126.995381802, 37.620153693], [126.995371866, 37.620157015], [126.99536181, 37.620160136], [126.995351647, 37.620163069], [126.995341934, 37.62016567], [126.995322323, 37.620170451], [126.995321318, 37.620170669], [126.99530254, 37.620174736], [126.995292592, 37.620176668], [126.995282603, 37.62017842], [126.995272563, 37.620179941], [126.995263315, 37.620181098], [126.995244711, 37.620182876], [126.995223197, 37.620184311], [126.995212418, 37.620184804], [126.995192572, 37.620185255], [126.995157092, 37.620196372], [126.995133514, 37.62021249], [126.995126897, 37.620219969], [126.995120004, 37.62022743], [126.995113075, 37.620234606], [126.995106353, 37.620241228], [126.995100078, 37.620247024], [126.995094146, 37.620252114], [126.995088031, 37.620257036], [126.995081958, 37.620261602], [126.995063236, 37.620274933], [126.995050229, 37.620284529], [126.995037425, 37.620294334], [126.994998636, 37.620324598], [126.994984241, 37.620335277], [126.994976836, 37.620340399], [126.994969209, 37.620345289], [126.994961453, 37.620349808], [126.994953477, 37.620354098], [126.994945341, 37.620358219], [126.994937086, 37.62036222], [126.994920356, 37.620369989], [126.994863482, 37.620395429], [126.994835337, 37.620408489], [126.994806985, 37.620422369], [126.994792512, 37.62042981], [126.994783008, 37.620434898], [126.994763979, 37.620437598], [126.994749899, 37.620439253], [126.994741715, 37.620440059], [126.994726216, 37.62044129], [126.994682436, 37.620443688], [126.994663922, 37.620445015], [126.994652173, 37.620446247], [126.994646347, 37.620447005], [126.994634846, 37.620448896], [126.994629209, 37.6204501], [126.994623681, 37.620451548], [126.994618099, 37.620453352], [126.99460723, 37.62045762], [126.994605751, 37.620458271], [126.994585794, 37.620467045], [126.99457528, 37.620471336], [126.99455386, 37.620479357], [126.994537275, 37.620485113], [126.994523544, 37.620489124], [126.994516135, 37.620490989], [126.994508741, 37.620492618], [126.994501651, 37.620493918], [126.994495354, 37.620494814], [126.994485662, 37.62049572], [126.994481859, 37.6204958], [126.994419177, 37.620537289], [126.99439686, 37.62054253], [126.994382947, 37.620545205], [126.994371466, 37.620546801], [126.994344905, 37.620550134], [126.99433729, 37.62055109], [126.99432977, 37.620552276], [126.994322393, 37.620553742], [126.994307971, 37.620557381], [126.99426513, 37.6205694], [126.994244244, 37.620575024], [126.994226506, 37.6205798], [126.994196378, 37.620581951], [126.994174561, 37.620584042], [126.99416331, 37.620585391], [126.994152415, 37.620586962], [126.994141423, 37.620588921], [126.994131866, 37.620590984], [126.994113979, 37.620595408], [126.99409617, 37.620600119], [126.994025102, 37.620619625], [126.993989737, 37.620629738], [126.993980972, 37.62063241], [126.993965008, 37.620637584], [126.993949244, 37.620643095], [126.993933756, 37.620649028], [126.993926165, 37.620652221], [126.993918265, 37.620655818], [126.99391049, 37.620659593], [126.993895187, 37.620667506], [126.993880084, 37.620675702], [126.993797829, 37.620721941], [126.993775144, 37.620734564], [126.993768152, 37.620738263], [126.993762036, 37.620741238], [126.993755724, 37.620743891], [126.993753026, 37.620744842], [126.993752572, 37.620745002], [126.993733081, 37.620750707], [126.993726722, 37.620752803], [126.993723647, 37.620754007], [126.993720649, 37.620755366], [126.993714873, 37.62075841], [126.99370653, 37.620763438], [126.993698431, 37.620768753], [126.993693213, 37.620772449], [126.993688283, 37.620776359], [126.993685932, 37.620778488], [126.993685697, 37.620778727], [126.993681519, 37.620782959], [126.993677132, 37.620787847], [126.993659361, 37.620809058], [126.993645166, 37.620832605], [126.99363373, 37.620852839], [126.993631613, 37.620856076], [126.993629198, 37.620859145], [126.993626206, 37.620862088], [126.99362289, 37.620864847], [126.993617633, 37.620868824], [126.993606707, 37.620876662], [126.993597098, 37.620882931], [126.993592542, 37.620885552], [126.993589871, 37.620886822], [126.993588476, 37.620887486], [126.993582819, 37.620893854], [126.993574765, 37.62090332], [126.993566354, 37.620913741], [126.993558133, 37.620924398], [126.993551216, 37.620933785], [126.993545117, 37.620942455], [126.993538976, 37.620951533], [126.993533109, 37.62096071], [126.993527696, 37.620970045], [126.993525245, 37.620974784], [126.993520724, 37.620984393], [126.993514434, 37.620998977], [126.993511968, 37.621004944], [126.993498582, 37.621037345], [126.993495315, 37.621046499], [126.99349393, 37.621051324], [126.99349171, 37.621061081], [126.993489142, 37.621076257], [126.993487104, 37.621092569], [126.993486682, 37.621098977], [126.993486495, 37.621105887], [126.993486595, 37.621112986], [126.993487029, 37.621119965], [126.993487703, 37.621125912], [126.993487862, 37.62112694], [126.993488536, 37.621131283], [126.993489402, 37.62113585], [126.993490983, 37.621142483], [126.993484616, 37.621170564], [126.9934829, 37.621174316], [126.993472335, 37.621197421], [126.993443785, 37.621252953], [126.99344339, 37.62125592], [126.993443284, 37.621269087], [126.993439075, 37.621277066], [126.993432412, 37.62128854], [126.993424087, 37.621301892], [126.993411915, 37.621320891], [126.99340576, 37.621331293], [126.993400581, 37.621341495], [126.993386444, 37.62137259], [126.993381337, 37.621382806], [126.993378543, 37.621387826], [126.993372149, 37.621397997], [126.993361949, 37.621413032], [126.993355461, 37.621423176], [126.99335258, 37.621428195], [126.993347262, 37.6214384], [126.993339917, 37.62145394], [126.993324334, 37.621488887], [126.993319206, 37.62150217], [126.993308925, 37.621531131], [126.993303537, 37.621545201], [126.993284762, 37.621572641], [126.993284058, 37.621573669], [126.993279149, 37.621581162], [126.99327536, 37.621587801], [126.993263071, 37.621610605], [126.993247289, 37.621652582], [126.993244293, 37.621661241], [126.993244085, 37.621661905], [126.993241614, 37.621669767], [126.993239335, 37.621678114], [126.993232975, 37.621703252], [126.993224627, 37.621732354], [126.9932227, 37.621740669], [126.993220538, 37.621752539], [126.993219668, 37.621756439], [126.993218547, 37.621760279], [126.993216859, 37.621764564], [126.993214797, 37.621768767], [126.993209894, 37.621776997], [126.993204602, 37.621784664], [126.993196144, 37.621796128], [126.993189462, 37.621805546], [126.993179334, 37.621821017], [126.993173017, 37.621831477], [126.993157145, 37.621863489], [126.993155005, 37.621867409], [126.993152473, 37.621871124], [126.993150303, 37.621873447], [126.993146623, 37.621876707], [126.993129558, 37.621890217], [126.993125583, 37.621893363], [126.993124072, 37.621893819], [126.993120516, 37.621895662], [126.993115314, 37.621898771], [126.993108898, 37.621903056], [126.99310171, 37.621908433], [126.993093141, 37.621915725], [126.993084506, 37.621923973], [126.993076091, 37.621932782], [126.993068153, 37.621941734], [126.993060934, 37.621950399], [126.993043561, 37.621972734], [126.99303783, 37.621979761], [126.993031892, 37.621986615], [126.993025667, 37.621993227], [126.993019053, 37.621999513], [126.993011928, 37.622005371], [126.993005036, 37.622010192], [126.992997788, 37.622014728], [126.992975426, 37.622028017], [126.992967591, 37.622033151], [126.992952447, 37.622043974], [126.992930145, 37.622061018], [126.992922904, 37.622067138], [126.99291684, 37.622073047], [126.99291129, 37.622079279], [126.992906256, 37.622085798], [126.992901774, 37.62209259], [126.992897455, 37.622100482], [126.992893712, 37.622108625], [126.992890383, 37.622116948], [126.992887353, 37.622125399], [126.992884534, 37.622133937], [126.992879302, 37.622151177], [126.992872043, 37.622177232], [126.99286544, 37.622203161], [126.992861504, 37.622220165], [126.992854698, 37.622252415], [126.992852896, 37.622259958], [126.99285076, 37.622267393], [126.992848123, 37.622274676], [126.992844556, 37.622282326], [126.992840312, 37.622289758], [126.992835485, 37.622296973], [126.992830129, 37.622303956], [126.992824254, 37.622310677], [126.992818032, 37.622316979], [126.992798546, 37.622335367], [126.992792518, 37.622341736], [126.992786648, 37.622348991], [126.992781498, 37.62235659], [126.99277709, 37.622364495], [126.9927736, 37.622372302], [126.992770655, 37.622380307], [126.992768092, 37.622388454], [126.992759168, 37.622421678], [126.99275686, 37.622429679], [126.992751886, 37.622445638], [126.992741193, 37.622478259], [126.992735051, 37.622498377], [126.992723035, 37.622542764], [126.992721126, 37.622548543], [126.992719663, 37.622552198], [126.992718513, 37.622554466], [126.992717801, 37.622555185], [126.992704015, 37.622569267], [126.992693616, 37.622580521], [126.99268536, 37.622590138], [126.992678388, 37.622599174], [126.992671987, 37.622608443], [126.992668123, 37.622614752], [126.992664743, 37.622621216], [126.992660079, 37.622631025], [126.992658352, 37.622634232], [126.992656203, 37.622637732], [126.99265138, 37.622644556], [126.99264097, 37.62265799], [126.992636345, 37.622664219], [126.992629691, 37.622673698], [126.99262344, 37.622683327], [126.992619708, 37.622689882], [126.992617914, 37.6226936], [126.992616262, 37.622697896], [126.992614817, 37.622702699], [126.992613664, 37.622707777], [126.992612886, 37.622712901], [126.992612519, 37.622717575], [126.992612537, 37.622725575], [126.992613001, 37.622731047], [126.992612477, 37.622731882], [126.992610682, 37.62273807], [126.992608547, 37.622748595], [126.992607666, 37.622754861], [126.992605929, 37.622777653], [126.992605247, 37.62278423], [126.992604708, 37.622787746], [126.99260392, 37.622791035], [126.992602068, 37.622795878], [126.9925994, 37.622800717], [126.992596142, 37.622805447], [126.992592331, 37.622810247], [126.992588206, 37.622814985], [126.992577714, 37.622826064], [126.992566639, 37.622836821], [126.992544405, 37.622857506], [126.99253546, 37.622866517], [126.992526709, 37.622876097], [126.992514171, 37.622890799], [126.992506184, 37.622900791], [126.992498853, 37.62291068], [126.992482133, 37.622935061], [126.99247806, 37.622940279], [126.99247321, 37.622945706], [126.992467716, 37.622951055], [126.992461719, 37.622956042], [126.99245538, 37.622960402], [126.992449636, 37.622963608], [126.992444138, 37.622966164], [126.992439236, 37.622968097], [126.992435271, 37.622969423], [126.992432584, 37.622970158], [126.992431496, 37.6229703], [126.992416053, 37.622971028], [126.99240511, 37.622971951], [126.992399578, 37.622972631], [126.992394325, 37.622973488], [126.992389595, 37.622974526], [126.992385506, 37.622975671], [126.992373777, 37.622979593], [126.9923428, 37.622991044], [126.992331107, 37.622995227], [126.99231483, 37.623000628], [126.992278035, 37.623012391], [126.992266199, 37.623016669], [126.992262452, 37.623018286], [126.992258625, 37.623020398], [126.992254829, 37.623023142], [126.992251273, 37.623026464], [126.992248053, 37.62303013], [126.992245204, 37.62303389], [126.992240778, 37.623040717], [126.992238, 37.623045618], [126.992237362, 37.623046615], [126.992234709, 37.62304865], [126.992229871, 37.623051693], [126.99222321, 37.623055418], [126.992215027, 37.623059636], [126.992205637, 37.623064165], [126.992195128, 37.623068944], [126.992184064, 37.623073711], [126.992172819, 37.623078321], [126.992161772, 37.623082631], [126.992151301, 37.623086499], [126.992123706, 37.623096016], [126.992114886, 37.623099297], [126.992105332, 37.623103183], [126.992095967, 37.623107342], [126.992086803, 37.623111762], [126.992077869, 37.623116458], [126.992069141, 37.623121483], [126.992060663, 37.623126771], [126.992052428, 37.623132293], [126.992044453, 37.623138045], [126.992036782, 37.623144043], [126.992030287, 37.623149573], [126.992024054, 37.623155292], [126.992018072, 37.62316118], [126.992012349, 37.623167227], [126.992006908, 37.623173436], [126.992001352, 37.62318033], [126.991980491, 37.623208516], [126.991975091, 37.623215392], [126.991969395, 37.623222058], [126.99196327, 37.623228426], [126.991957093, 37.623234014], [126.991950516, 37.623239312], [126.991943628, 37.623244366], [126.9919365, 37.62324921], [126.991921475, 37.623258831], [126.991914127, 37.623263799], [126.991907873, 37.623268467], [126.991901854, 37.623273366], [126.991896035, 37.623278455], [126.99189039, 37.623283703], [126.991884206, 37.623289781], [126.991878181, 37.623295992], [126.991866506, 37.623308705], [126.99185386, 37.623323444], [126.991847834, 37.623330967], [126.991842091, 37.623338622], [126.991837048, 37.623345905], [126.991832283, 37.623353306], [126.99182777, 37.623360804], [126.991823497, 37.623368385], [126.99181948, 37.623376046], [126.991815749, 37.623383788], [126.991812357, 37.623391618], [126.991809406, 37.623399353], [126.991801384, 37.623422727], [126.991798504, 37.62343044], [126.991795262, 37.62343804], [126.99179114, 37.623446203], [126.991786479, 37.62345419], [126.991781349, 37.623462008], [126.991775785, 37.623469654], [126.991770375, 37.623476451], [126.991764713, 37.623483137], [126.991742033, 37.623508629], [126.991731524, 37.623521117], [126.991726605, 37.623527503], [126.991721293, 37.623534999], [126.991711059, 37.623550145], [126.991705689, 37.623557599], [126.991700861, 37.623563693], [126.991695742, 37.62356965], [126.991690369, 37.623575481], [126.991684766, 37.623581189], [126.991678939, 37.623586769], [126.991672608, 37.623592474], [126.991666087, 37.623598062], [126.991659423, 37.623603558], [126.991645799, 37.623614349], [126.99163002, 37.623626268], [126.991621938, 37.623632049], [126.991613669, 37.62363765], [126.991606071, 37.623642473], [126.991590432, 37.623651668], [126.991550888, 37.623673178], [126.991542378, 37.623678171], [126.991517123, 37.623693486], [126.991500782, 37.623702747], [126.991484062, 37.623711607], [126.991465139, 37.623720992], [126.991455526, 37.623725482], [126.991445793, 37.623729804], [126.99143689, 37.623733537], [126.991418848, 37.623740656], [126.991374756, 37.623757141], [126.991340187, 37.623769407], [126.991331648, 37.623772517], [126.99132324, 37.623775793], [126.991300541, 37.623785657], [126.991271708, 37.623797882], [126.991239391, 37.623812363], [126.991231183, 37.623815751], [126.991223009, 37.623818862], [126.991198287, 37.62382794], [126.991188525, 37.623831967], [126.991178898, 37.623836261], [126.991169371, 37.623840753], [126.991150512, 37.623850118], [126.991113057, 37.623869262], [126.99109419, 37.623878416], [126.991084642, 37.623882697], [126.991074972, 37.623886664], [126.991065131, 37.623890198], [126.991055057, 37.623893142], [126.9910467, 37.623895004], [126.99103819, 37.623896509], [126.991000923, 37.623901884], [126.990990963, 37.623903536], [126.990981067, 37.623905412], [126.990971272, 37.623907593], [126.990961978, 37.623910034], [126.990952779, 37.623912743], [126.990943638, 37.623915634], [126.990881395, 37.623936137], [126.990860761, 37.6239433], [126.990850585, 37.623947092], [126.990840561, 37.623951106], [126.990832034, 37.623954812], [126.990823654, 37.623958718], [126.990815422, 37.623962813], [126.990807346, 37.623967097], [126.990799447, 37.623971585], [126.990790885, 37.623976834], [126.99078253, 37.623982306], [126.990774351, 37.623987958], [126.990766329, 37.623993762], [126.990758461, 37.623999709], [126.990751029, 37.624005573], [126.990743729, 37.624011547], [126.990729501, 37.624023781], [126.990716474, 37.624035787], [126.990704581, 37.624047494], [126.990693099, 37.624059454], [126.990681893, 37.62407192], [126.990676389, 37.624078379], [126.990665754, 37.624091487], [126.990655669, 37.624104862], [126.990650455, 37.624112261], [126.990630253, 37.62414217], [126.990624866, 37.624149818], [126.99061374, 37.624164954], [126.9905968, 37.624186703], [126.990585577, 37.624200093], [126.990579708, 37.624206623], [126.99057359, 37.624212989], [126.99056738, 37.624218958], [126.990560922, 37.624224757], [126.990554261, 37.624230409], [126.990540463, 37.62424132], [126.990518863, 37.624256997], [126.990510903, 37.624263221], [126.990502759, 37.624270277], [126.990494158, 37.624278675], [126.990485989, 37.624287434], [126.990478384, 37.624296083], [126.990455951, 37.624322572], [126.990436013, 37.624346358], [126.990428286, 37.624356113], [126.990426527, 37.624358598], [126.990422948, 37.624363652], [126.990409481, 37.624384198], [126.990405885, 37.624389214], [126.990401926, 37.624394087], [126.990397598, 37.624398811], [126.99039078, 37.624405731], [126.990348723, 37.624446657], [126.990346979, 37.624449387], [126.990335332, 37.62447066], [126.990330167, 37.624479343], [126.990324383, 37.624488455], [126.990318494, 37.624497112], [126.990312389, 37.624505571], [126.990306316, 37.624513589], [126.990300525, 37.624520923], [126.990283781, 37.624541471], [126.990278297, 37.624548602], [126.990273108, 37.624555845], [126.990268332, 37.624563249], [126.990263823, 37.624571285], [126.990259749, 37.624579489], [126.99025596, 37.624587805], [126.990241499, 37.624621316], [126.99023758, 37.624629562], [126.990233329, 37.624637666], [126.9902286, 37.624645569], [126.990224308, 37.624651824], [126.990219685, 37.624657935], [126.990209763, 37.624669841], [126.990198326, 37.624682673], [126.990192242, 37.624689757], [126.990187217, 37.624696192], [126.990182516, 37.624702796], [126.99017811, 37.624709544], [126.990173987, 37.624716417], [126.990170093, 37.624723462], [126.990159052, 37.624744865], [126.990155248, 37.624751959], [126.990151212, 37.624758969], [126.990146874, 37.624765858], [126.990142301, 37.624772663], [126.990128173, 37.624792958], [126.990123652, 37.624799813], [126.990119239, 37.624806994], [126.990115056, 37.624814272], [126.990111065, 37.624821628], [126.990103558, 37.624836523], [126.990096657, 37.624851619], [126.990093468, 37.624859244], [126.990087869, 37.624874027], [126.99008016, 37.624896214], [126.990075197, 37.624911834], [126.990072817, 37.624920163], [126.99006855, 37.62493688], [126.990066696, 37.624945255], [126.990065085, 37.624953637], [126.990063789, 37.624962021], [126.990062911, 37.624970406], [126.990062592, 37.624978787], [126.990062947, 37.624987063], [126.990063924, 37.624995319], [126.990065461, 37.625003536], [126.990067247, 37.625010717], [126.990069372, 37.625017853], [126.990071779, 37.625024941], [126.990081045, 37.625049688], [126.990083347, 37.625056957], [126.99008521, 37.625064264], [126.990086494, 37.625071611], [126.990087035, 37.625077899], [126.990087093, 37.625084206], [126.990086703, 37.625090518], [126.990085733, 37.625097822], [126.990084314, 37.625105114], [126.990082548, 37.625112392], [126.990078678, 37.62512558], [126.990074481, 37.625137342], [126.990071062, 37.62514544], [126.990063452, 37.625161461], [126.990055109, 37.625177865], [126.990050646, 37.625185954], [126.990043586, 37.625197594], [126.990031861, 37.62521549], [126.990028062, 37.625221635], [126.990024692, 37.625227662], [126.990021288, 37.62523452], [126.99001822, 37.625241489], [126.990015451, 37.625248551], [126.990012955, 37.625255691], [126.990010725, 37.625262897], [126.990008525, 37.625271008], [126.99000247, 37.625295498], [126.990000485, 37.625302632], [126.989995976, 37.625316805], [126.989993433, 37.625323829], [126.989987402, 37.625338631], [126.989978357, 37.625359018], [126.989972173, 37.625371937], [126.989964811, 37.625385686], [126.989960813, 37.625392438], [126.989956561, 37.625399087], [126.989951237, 37.625406722], [126.989929219, 37.625435678], [126.989919658, 37.625448803], [126.989915093, 37.625455453], [126.989910727, 37.62546218], [126.989906265, 37.62546953], [126.989893268, 37.625491742], [126.989883043, 37.625507545], [126.989863241, 37.625536439], [126.989845734, 37.625563307], [126.989840685, 37.625570426], [126.989835259, 37.625577329], [126.989830117, 37.625583134], [126.98982459, 37.625588698], [126.989818673, 37.625594], [126.989812138, 37.62559918], [126.989805243, 37.625604095], [126.989798059, 37.625608786], [126.989790631, 37.62561328], [126.989782543, 37.625617859], [126.98974977, 37.625635335], [126.989741959, 37.625639674], [126.989734286, 37.625644146], [126.989726805, 37.625648799], [126.98971932, 37.625653838], [126.98971206, 37.625659082], [126.989704992, 37.62566449], [126.989698091, 37.625670034], [126.989677237, 37.62568757], [126.989670142, 37.625693281], [126.989662513, 37.625699061], [126.989639337, 37.625716083], [126.989632646, 37.625721395], [126.989626211, 37.625726867], [126.989620085, 37.625732515], [126.98961434, 37.625738369], [126.989609072, 37.625744466], [126.989604612, 37.625750452], [126.989600517, 37.625756626], [126.989589015, 37.625775642], [126.989574368, 37.625798709], [126.989561083, 37.625820627], [126.989556388, 37.625827973], [126.989551418, 37.625835154], [126.989538724, 37.62585191], [126.989533769, 37.625859212], [126.989529246, 37.625866727], [126.989525168, 37.625874432], [126.989521581, 37.625882314], [126.989518666, 37.625889967], [126.989516172, 37.625897745], [126.989514028, 37.625905617], [126.989510858, 37.625920201], [126.989508549, 37.625934366], [126.989506847, 37.625948028], [126.989505565, 37.62596145], [126.989504566, 37.625976261], [126.989503888, 37.625983645], [126.989502736, 37.625991863], [126.989501204, 37.626000056], [126.989499362, 37.626008224], [126.989497262, 37.626016363], [126.989492399, 37.626032524], [126.98948965, 37.626040519], [126.989486673, 37.626048431], [126.989483436, 37.626056231], [126.989472679, 37.626079137], [126.989470139, 37.62608531], [126.989467993, 37.626092401], [126.989466798, 37.626099572], [126.989466994, 37.626106637], [126.989468415, 37.626114287], [126.98947055, 37.626121263], [126.989473574, 37.626128293], [126.989477893, 37.626135806], [126.989482991, 37.626143014], [126.989488505, 37.626149766], [126.989494979, 37.626156872], [126.989510521, 37.62617234], [126.989539749, 37.626174933], [126.989548654, 37.626176005], [126.989555775, 37.626177321], [126.989559106, 37.626178214], [126.989562224, 37.626179338], [126.989565053, 37.626180775], [126.989567506, 37.626182561], [126.98956969, 37.626184641], [126.98957168, 37.62618693], [126.989575295, 37.626191907], [126.989578647, 37.626197176], [126.989596263, 37.626227078], [126.989599315, 37.626232522], [126.989602094, 37.626237985], [126.989604276, 37.626243504], [126.989604967, 37.626246302], [126.989605284, 37.626249081], [126.989605276, 37.626251983], [126.989604934, 37.626255312], [126.989604326, 37.626258958], [126.989602622, 37.626266568], [126.989598785, 37.62628063], [126.989598277, 37.626281706], [126.989597327, 37.626284807], [126.989594415, 37.626295952], [126.989588378, 37.626322849], [126.98958586, 37.626333219], [126.989582844, 37.626343774], [126.989579521, 37.626353829], [126.989576104, 37.626362991], [126.989569357, 37.626378832], [126.989558581, 37.626402155], [126.98955047, 37.62641885], [126.989541978, 37.626435429], [126.989533975, 37.626450071], [126.989508747, 37.626494357], [126.989495336, 37.626516958], [126.989490605, 37.626524382], [126.989480912, 37.626538505], [126.989470661, 37.62655237], [126.989449738, 37.626579201], [126.989444816, 37.626585955], [126.989440232, 37.626592838], [126.989435679, 37.626600634], [126.989431593, 37.626608604], [126.989427889, 37.62661671], [126.989424513, 37.626624922], [126.989421684, 37.626632536], [126.989419101, 37.626640211], [126.989416773, 37.626647939], [126.989414729, 37.626655716], [126.989412921, 37.626664003], [126.989411495, 37.626672336], [126.989410483, 37.626680707], [126.989409948, 37.626688539], [126.989409747, 37.626696392], [126.989409825, 37.626704259], [126.989410722, 37.626720933], [126.989412725, 37.626747349], [126.989413076, 37.626756177], [126.989413187, 37.626765005], [126.98941306, 37.626773826], [126.989412679, 37.626782632], [126.989412002, 37.626791414], [126.989410961, 37.62680016], [126.98940946, 37.626808854], [126.98940768, 37.626816488], [126.989405536, 37.626824078], [126.989400467, 37.626839158], [126.989397652, 37.626846657], [126.989392045, 37.626860613], [126.989386111, 37.62687445], [126.989376554, 37.626895864], [126.989373649, 37.62690311], [126.989371232, 37.626910366], [126.989369613, 37.626917041], [126.98936864, 37.626923707], [126.989368391, 37.626930328], [126.989368979, 37.626936863], [126.989370976, 37.626944697], [126.98937423, 37.626952289], [126.989378594, 37.626959576], [126.989384012, 37.626966469], [126.989389144, 37.626971724], [126.989394739, 37.626976781], [126.989406437, 37.626986811], [126.989413534, 37.626993335], [126.989420228, 37.627000126], [126.989426366, 37.627007188], [126.989431745, 37.627014543], [126.989435399, 37.627020731], [126.989438404, 37.627027091], [126.989440737, 37.627033586], [126.989442346, 37.627040183], [126.989443128, 37.627046856], [126.989442987, 37.627053781], [126.989442019, 37.62706074], [126.989440377, 37.62706771], [126.989438157, 37.627074744], [126.989435491, 37.627081764], [126.989432477, 37.627088763], [126.989425607, 37.627102849], [126.989414623, 37.627124176], [126.989411251, 37.627131349], [126.989408051, 37.627138949], [126.989405218, 37.627146605], [126.989402767, 37.627154302], [126.98940074, 37.627162024], [126.989399209, 37.62716976], [126.989398286, 37.627177498], [126.989398123, 37.627185229], [126.9893989, 37.627193361], [126.989400458, 37.627201481], [126.989402562, 37.627209594], [126.989405025, 37.627217709], [126.989413016, 37.627242135], [126.989415416, 37.627250339], [126.989417442, 37.6272586], [126.989418933, 37.627266664], [126.989420031, 37.62727478], [126.989421428, 37.627291118], [126.989422474, 37.627315749], [126.989422958, 37.627338109], [126.989422889, 37.627345171], [126.98942258, 37.627352223], [126.989421838, 37.627360449], [126.989420757, 37.627368663], [126.989417929, 37.627385067], [126.989409529, 37.627425631], [126.989406013, 37.627441184], [126.989404015, 37.627448866], [126.989401738, 37.627456447], [126.989398798, 37.627464633], [126.98939536, 37.627472613], [126.989391357, 37.627480333], [126.98938668, 37.627487714], [126.989381774, 37.627494126], [126.989371275, 37.627506695], [126.989366208, 37.627513284], [126.989361363, 37.627520056], [126.989347239, 37.627540835], [126.989342363, 37.627547718], [126.989331151, 37.627562617], [126.989325737, 37.627570155], [126.989321554, 37.627576545], [126.989309746, 37.627596119], [126.989304802, 37.62760399], [126.989299614, 37.62761176], [126.989294144, 37.627619396], [126.989288335, 37.627626849], [126.989267489, 37.62765085], [126.989262607, 37.627657002], [126.989257699, 37.627663962], [126.989253165, 37.627671117], [126.989244754, 37.627685792], [126.989228524, 37.627715428], [126.989216767, 37.62773784], [126.989212536, 37.627745621], [126.989208065, 37.627753284], [126.989203239, 37.627760772], [126.989198205, 37.627767699], [126.98919276, 37.627774399], [126.989186921, 37.627780854], [126.989180672, 37.627787026], [126.989173969, 37.62779286], [126.989167935, 37.627797485], [126.989161636, 37.627801903], [126.98914216, 37.6278146], [126.989129062, 37.627822764], [126.98912234, 37.627826638], [126.989113488, 37.627831329], [126.989095648, 37.62784046], [126.989087059, 37.627845328], [126.989079204, 37.627850466], [126.989071811, 37.62785601], [126.989064895, 37.62786192], [126.989058506, 37.627868178], [126.989052734, 37.627874794], [126.98904796, 37.627881298], [126.989043638, 37.627888042], [126.989027714, 37.62791579], [126.989023366, 37.627922568], [126.989018606, 37.627929234], [126.989008712, 37.627942448], [126.989003587, 37.627949836], [126.988998738, 37.627957386], [126.988994139, 37.627965063], [126.988989787, 37.627972845], [126.98898569, 37.627980715], [126.988971851, 37.628009579], [126.988968079, 37.628016605], [126.988963923, 37.628023449], [126.988959593, 37.628029666], [126.988945615, 37.628047876], [126.988941222, 37.628054082], [126.988937068, 37.628060754], [126.988933291, 37.628067612], [126.988929798, 37.628074611], [126.988923364, 37.628088894], [126.988914058, 37.628111616], [126.988905664, 37.62813411], [126.988895254, 37.628164772], [126.988892211, 37.628172741], [126.988888476, 37.628180839], [126.988884295, 37.62818829], [126.988856625, 37.628231972], [126.988847953, 37.62824602], [126.988842703, 37.628255067], [126.988834559, 37.628265988], [126.98883239, 37.628268272], [126.988830693, 37.628269559], [126.988828789, 37.628270648], [126.988824692, 37.628272589], [126.988796267, 37.62828506], [126.988786293, 37.628299437], [126.988778833, 37.628309269], [126.988774871, 37.62831408], [126.988770921, 37.628318491], [126.988767259, 37.628322154], [126.98874943, 37.6283378], [126.98874271, 37.628344203], [126.988739658, 37.628347543], [126.988736919, 37.628351026], [126.988734517, 37.628354759], [126.988732437, 37.628358638], [126.988728904, 37.628366685], [126.988724413, 37.628379127], [126.988713555, 37.628412804], [126.988708513, 37.628429697], [126.988706413, 37.628438194], [126.988705636, 37.628442118], [126.988700863, 37.628471817], [126.988697881, 37.628486911], [126.988683939, 37.628506065], [126.988671622, 37.628522244], [126.988667809, 37.628527254], [126.988664109, 37.628532661], [126.988662593, 37.628535497], [126.988660797, 37.628539941], [126.988655041, 37.628558196], [126.988640988, 37.628577437], [126.988634161, 37.628586306], [126.988626485, 37.62859581], [126.98861819, 37.628605452], [126.988611096, 37.628613139], [126.988603993, 37.628620384], [126.988597145, 37.628626994], [126.988584755, 37.628638113], [126.988571371, 37.628649458], [126.988564431, 37.628654878], [126.988557205, 37.628660017], [126.988550122, 37.628664501], [126.988542746, 37.628668685], [126.988535116, 37.628672587], [126.98852725, 37.628676202], [126.988518645, 37.628679728], [126.988509843, 37.62868299], [126.988500895, 37.628686048], [126.988482936, 37.628691641], [126.988464949, 37.628696666], [126.988446739, 37.628701114], [126.988437904, 37.628702983], [126.98842902, 37.628704666], [126.988420091, 37.628706161], [126.988411123, 37.628707452], [126.988402116, 37.628708512], [126.98839109, 37.628709479], [126.988357905, 37.628711616], [126.988346884, 37.628712573], [126.988336676, 37.628713759], [126.988326502, 37.628715175], [126.988288436, 37.628721124], [126.988270644, 37.628723734], [126.988232159, 37.62872862], [126.988222349, 37.628730023], [126.988212131, 37.628731722], [126.988201951, 37.628733603], [126.988161259, 37.628741554], [126.988140809, 37.62874528], [126.988120169, 37.628748674], [126.988099346, 37.628751706], [126.988078467, 37.628754434], [126.988057563, 37.628756846], [126.988036664, 37.628758846], [126.988005979, 37.628761358], [126.987995898, 37.628762526], [126.98798595, 37.628764114], [126.987976849, 37.628766082], [126.987967886, 37.628768476], [126.987959049, 37.628771219], [126.987950336, 37.628774257], [126.98794211, 37.628777401], [126.987933996, 37.628780735], [126.987918115, 37.628787829], [126.987899862, 37.628796363], [126.987890596, 37.628800172], [126.987882764, 37.628802828], [126.987874751, 37.628804998], [126.987866585, 37.628806647], [126.987858289, 37.628807708], [126.987848813, 37.628808137], [126.987839238, 37.628807869], [126.987829609, 37.628807026], [126.987819962, 37.628805691], [126.987810333, 37.628803909], [126.98780073, 37.628801715], [126.987791159, 37.628799222], [126.987752981, 37.628788383], [126.987733928, 37.628783535], [126.987724329, 37.628781409], [126.987714334, 37.62877949], [126.987704315, 37.628777864], [126.987694303, 37.628776543], [126.987684336, 37.628775567], [126.987674457, 37.628775008], [126.98766411, 37.628774973], [126.987654017, 37.628775608], [126.987644293, 37.628777054], [126.987635094, 37.628779521], [126.987626545, 37.628783191], [126.987618534, 37.628787845], [126.987610913, 37.628793216], [126.987603574, 37.628799105], [126.987596427, 37.628805357], [126.987589402, 37.628811852], [126.987568535, 37.628831992], [126.987554215, 37.628845508], [126.987531424, 37.62886591], [126.987502435, 37.628890732], [126.987476962, 37.628912101], [126.987471305, 37.628916612], [126.987466562, 37.628920113], [126.987463174, 37.628922315], [126.987460979, 37.62892349], [126.987460219, 37.628923634], [126.987344788, 37.628872311], [126.98732639, 37.628864479], [126.987313926, 37.628859619], [126.987307584, 37.628857394], [126.987300971, 37.6288553], [126.987287516, 37.628851555], [126.987267023, 37.628846625], [126.987253265, 37.62884375], [126.987246371, 37.628842498], [126.98723947, 37.628841435], [126.987232565, 37.628840643], [126.987225654, 37.62884023], [126.987218989, 37.628840289], [126.987212334, 37.628840744], [126.987205708, 37.628841526], [126.987199131, 37.628842599], [126.987192313, 37.628844123], [126.98718482, 37.628846421], [126.987177022, 37.628849448], [126.987169596, 37.628852942], [126.987162453, 37.628856781], [126.98715581, 37.628860707], [126.987149881, 37.628864463], [126.987137695, 37.628872761], [126.987122836, 37.628879053], [126.987113139, 37.62888359], [126.98710228, 37.628889142], [126.987090988, 37.628895596], [126.987080008, 37.628902843], [126.987070472, 37.628910333], [126.987062143, 37.628918048], [126.987055238, 37.628925565], [126.987049662, 37.628932662], [126.987039276, 37.628947125], [126.987029482, 37.628961929], [126.987020343, 37.628977012], [126.987016112, 37.628984677], [126.987011947, 37.628992885], [126.987008035, 37.62900118], [126.987000709, 37.629017937], [126.986993786, 37.629034822], [126.986970584, 37.629094751], [126.986960271, 37.629120358], [126.986953021, 37.629136748], [126.98694547, 37.629152475], [126.986937566, 37.62916809], [126.98692934, 37.629183587], [126.986924557, 37.629191927], [126.986918843, 37.629201117], [126.986912386, 37.62921074], [126.986905384, 37.629220379], [126.986898457, 37.629229189], [126.986891602, 37.62923738], [126.986879571, 37.629250838], [126.986871117, 37.629259667], [126.986867121, 37.629271999], [126.986861475, 37.629290699], [126.986855038, 37.62931317], [126.986848978, 37.629335416], [126.986846456, 37.629345206], [126.986842339, 37.629362602], [126.986838874, 37.629379969], [126.986837529, 37.629388668], [126.98683656, 37.629397381], [126.98683607, 37.629405144], [126.986835573, 37.629431153], [126.98683533, 37.62944389], [126.986834822, 37.629451561], [126.986832956, 37.629468235], [126.986832222, 37.629476578], [126.986831981, 37.629484944], [126.986832142, 37.629493349], [126.986833496, 37.62951867], [126.986833752, 37.629527101], [126.986833643, 37.629535503], [126.986832969, 37.629543856], [126.986831731, 37.629551334], [126.986829951, 37.629558753], [126.986827707, 37.629566109], [126.986825044, 37.629573395], [126.986821979, 37.629580595], [126.986818499, 37.629587687], [126.986814028, 37.629595589], [126.986809092, 37.629603342], [126.986803769, 37.62961096], [126.986798104, 37.62961844], [126.986792802, 37.629624966], [126.98678728, 37.629631384], [126.986781559, 37.629637698], [126.986762892, 37.629657121], [126.986756799, 37.629663652], [126.986751491, 37.629669664], [126.986741455, 37.629681958], [126.986732309, 37.629694387], [126.986728128, 37.62970063], [126.986724226, 37.629706956], [126.986720666, 37.62971338], [126.986716807, 37.629721353], [126.986709462, 37.629737439], [126.986705653, 37.629744782], [126.986701492, 37.629752039], [126.986697024, 37.629759211], [126.986692275, 37.629766297], [126.986683019, 37.629778946], [126.986668179, 37.629797578], [126.986653204, 37.629815445], [126.986631251, 37.629840834], [126.986608245, 37.62986789], [126.986602291, 37.629874615], [126.986584745, 37.629893542], [126.986579169, 37.62989994], [126.986573973, 37.629906515], [126.986569507, 37.629912968], [126.98656541, 37.629919602], [126.986561565, 37.629926364], [126.986546872, 37.629953854], [126.98653922, 37.629967481], [126.986519909, 37.630000787], [126.986498927, 37.630036265], [126.986481533, 37.630066697], [126.986476851, 37.630074195], [126.986471905, 37.630081409], [126.986466633, 37.630088476], [126.986461071, 37.630095399], [126.986455229, 37.630102175], [126.986449094, 37.630108793], [126.986442677, 37.630115238], [126.986435966, 37.630121487], [126.986429911, 37.630126719], [126.986423655, 37.630131805], [126.986417229, 37.630136764], [126.98641066, 37.630141604], [126.986386992, 37.63015832], [126.986379698, 37.630163783], [126.986365482, 37.630175054], [126.986330477, 37.630203752], [126.986300995, 37.630226459], [126.986279712, 37.630243434], [126.986272616, 37.630248897], [126.986265293, 37.630254079], [126.986257598, 37.630258831], [126.986248639, 37.630263397], [126.986239196, 37.63026743], [126.9862294, 37.63027108], [126.986219351, 37.63027446], [126.98620913, 37.630277663], [126.986167595, 37.630290036], [126.986157257, 37.63029331], [126.986136531, 37.630300468], [126.986116057, 37.630308108], [126.986095776, 37.630316061], [126.986075739, 37.630324312], [126.986065864, 37.630328591], [126.98605614, 37.630333019], [126.986046627, 37.630337654], [126.986037409, 37.630342576], [126.986028599, 37.630347891], [126.986020365, 37.630353635], [126.986012556, 37.630359779], [126.986005089, 37.630366232], [126.985997908, 37.630372931], [126.985990993, 37.63037984], [126.985979566, 37.63039224], [126.985974059, 37.630398582], [126.985963363, 37.63041146], [126.985953418, 37.630424103], [126.985948609, 37.630430504], [126.985939229, 37.630443797], [126.985930197, 37.630457624], [126.985917192, 37.630478596], [126.985904471, 37.630499676], [126.985889533, 37.630525207], [126.985882007, 37.630537547], [126.985873933, 37.630549824], [126.985869687, 37.63055587], [126.985864495, 37.630562895], [126.985853643, 37.630576736], [126.985820878, 37.630616745], [126.985790426, 37.630655107], [126.985774315, 37.630676123], [126.985763445, 37.630691386], [126.985758353, 37.630699154], [126.985751071, 37.630711298], [126.985714318, 37.630776445], [126.985706036, 37.630790175], [126.98569776, 37.630802945], [126.985679082, 37.630830954], [126.985636637, 37.630893311], [126.985628349, 37.630906023], [126.985620158, 37.630919171], [126.985608268, 37.630939629], [126.985588433, 37.630976614], [126.985584342, 37.630983962], [126.985579652, 37.630992014], [126.985574257, 37.631000825], [126.985557196, 37.631027568], [126.985552182, 37.631036147], [126.985548845, 37.631042402], [126.985543679, 37.631053176], [126.985541431, 37.631058368], [126.985540095, 37.631061775], [126.985539766, 37.631063059], [126.985521, 37.631090775], [126.985518275, 37.631094491], [126.985516731, 37.631096204], [126.985514911, 37.631097692], [126.985511678, 37.631099518], [126.985498469, 37.631105136], [126.985484797, 37.63111326], [126.985479073, 37.631117171], [126.985476268, 37.631119701], [126.985475124, 37.631121088], [126.985473493, 37.631124073], [126.985472374, 37.631127296], [126.985471531, 37.631130641], [126.985469121, 37.631144158], [126.98546744, 37.631151376], [126.985464774, 37.631160289], [126.985461443, 37.631169015], [126.985460351, 37.631173188], [126.985460038, 37.631175523], [126.985460003, 37.631180097], [126.9854604, 37.631183966], [126.985460881, 37.631186631], [126.985460682, 37.631206205], [126.985461186, 37.63120906], [126.985463072, 37.631215871], [126.985457728, 37.631239374], [126.985454021, 37.631259468], [126.98545256, 37.631269545], [126.985452211, 37.631275489], [126.985452231, 37.63127944], [126.985452862, 37.631285301], [126.98545335, 37.631287299], [126.98545468, 37.63129125], [126.98545804, 37.631299064], [126.985467246, 37.631318648], [126.985469721, 37.631325533], [126.985471316, 37.631330817], [126.985471788, 37.631333667], [126.985471821, 37.631335029], [126.98547146, 37.631337679], [126.985469413, 37.631344293], [126.985453834, 37.631386598], [126.985449864, 37.631400026], [126.985447362, 37.631407616], [126.985444178, 37.631416162], [126.985440222, 37.631425268], [126.98543558, 37.631434296], [126.985430292, 37.631443184], [126.985424571, 37.631451653], [126.985418648, 37.631459427], [126.985412992, 37.631466016], [126.985391221, 37.63148922], [126.985364673, 37.631519126], [126.98535402, 37.6315322], [126.985337882, 37.631553073], [126.985335886, 37.631555539], [126.985326414, 37.631567234], [126.985316979, 37.631579639], [126.985307349, 37.631593114], [126.985292516, 37.631614438], [126.985282978, 37.631628302], [126.985273997, 37.631641822], [126.985269794, 37.63164868], [126.985266199, 37.631655047], [126.985252489, 37.631681347], [126.98524867, 37.631688223], [126.985244607, 37.631694986], [126.985240202, 37.631701589], [126.985235228, 37.63170817], [126.98522985, 37.631714551], [126.985224127, 37.631720749], [126.985218094, 37.631726765], [126.985211261, 37.631733091], [126.985197255, 37.631745533], [126.985190398, 37.631751856], [126.985184424, 37.631757721], [126.985162915, 37.631779819], [126.985157792, 37.631784763], [126.985151864, 37.631790154], [126.985139503, 37.631800513], [126.985121341, 37.631814483], [126.985115611, 37.63181907], [126.985109961, 37.63182396], [126.985093496, 37.631839067], [126.985087129, 37.631844538], [126.98508051, 37.631849829], [126.98507362, 37.631854896], [126.985066423, 37.631859686], [126.98505837, 37.631864473], [126.985041696, 37.631873606], [126.985027118, 37.631881869], [126.985012796, 37.63189051], [126.984996471, 37.631901047], [126.98498849, 37.631906444], [126.984974107, 37.631916626], [126.984967779, 37.631921456], [126.984961767, 37.631926465], [126.984956191, 37.631931738], [126.984950689, 37.63193788], [126.984945701, 37.631944344], [126.984941079, 37.631951044], [126.984936701, 37.631957906], [126.984928724, 37.631971326], [126.984921454, 37.631984569], [126.984918141, 37.631991054], [126.984915014, 37.631997595], [126.984904433, 37.632021939], [126.984900744, 37.632029603], [126.984896775, 37.632037179], [126.984892557, 37.63204467], [126.984887964, 37.632052264], [126.984883065, 37.632059726], [126.984877784, 37.632067008], [126.984872294, 37.632073794], [126.984866442, 37.632080398], [126.984860292, 37.63208684], [126.984853885, 37.632093131], [126.984847407, 37.632099154], [126.984827624, 37.6321169], [126.984821686, 37.632122442], [126.984815978, 37.632128085], [126.984810606, 37.632133883], [126.984805689, 37.632139895], [126.984801028, 37.632146631], [126.984796899, 37.632153619], [126.984793176, 37.632160797], [126.984789756, 37.632168115], [126.984776235, 37.632199947], [126.984772615, 37.632207606], [126.98476872, 37.632215173], [126.984764523, 37.632222627], [126.98475998, 37.632229938], [126.984755424, 37.632236569], [126.984750594, 37.632243075], [126.984745555, 37.632249476], [126.984725386, 37.632273531], [126.984720646, 37.632279516], [126.984708143, 37.632296686], [126.984703802, 37.632302316], [126.984698973, 37.632308015], [126.984693837, 37.632313568], [126.984688442, 37.632318989], [126.984682825, 37.632324287], [126.984663617, 37.63234122], [126.984657346, 37.632346982], [126.984650979, 37.632353273], [126.984644838, 37.632359734], [126.984633409, 37.632372442], [126.984585268, 37.632427563], [126.984579439, 37.632433829], [126.984573215, 37.632439991], [126.984566706, 37.632445976], [126.984559967, 37.632451812], [126.984545948, 37.6324631], [126.984531332, 37.632473894], [126.984523813, 37.632479082], [126.984503077, 37.632492665], [126.984496334, 37.632497285], [126.984489677, 37.632502194], [126.984483338, 37.632507327], [126.984477392, 37.632512726], [126.98447194, 37.63251838], [126.984466863, 37.632524282], [126.98446207, 37.63253037], [126.984457487, 37.632536597], [126.98445212, 37.632544287], [126.984433011, 37.632573175], [126.984428435, 37.632579706], [126.984423645, 37.632586048], [126.984418565, 37.632592232], [126.984413162, 37.632598226], [126.98440638, 37.632605013], [126.984387064, 37.632622701], [126.984381057, 37.632628332], [126.984374489, 37.632634849], [126.984368134, 37.632641518], [126.984361958, 37.632648311], [126.984349613, 37.632662733], [126.98434367, 37.63267008], [126.984333497, 37.632683388], [126.984324974, 37.632695263], [126.984306055, 37.632722707], [126.984296014, 37.632736318], [126.984270082, 37.632769447], [126.984264653, 37.632776238], [126.98425903, 37.632782919], [126.984252898, 37.632789725], [126.984233968, 37.632809883], [126.984228971, 37.632815536], [126.984219407, 37.632827094], [126.98421483, 37.632832986], [126.984205217, 37.632846172], [126.984192042, 37.632865753], [126.98418436, 37.632878248], [126.984180814, 37.632884598], [126.984176682, 37.632892752], [126.984172851, 37.63290101], [126.984158277, 37.632934267], [126.984154293, 37.632942447], [126.984150583, 37.632949389], [126.984146612, 37.632956222], [126.984142386, 37.632962934], [126.984137895, 37.63296951], [126.984133114, 37.632975924], [126.984128003, 37.632982145], [126.984123188, 37.632987478], [126.98410833, 37.633003234], [126.98410228, 37.633010393], [126.984096673, 37.633017797], [126.984091548, 37.633025435], [126.984087435, 37.633032415], [126.984083712, 37.633039547], [126.984080359, 37.633046811], [126.984077371, 37.633054189], [126.984074962, 37.633060989], [126.984068385, 37.633081604], [126.984065478, 37.633089987], [126.984062308, 37.633098309], [126.98405886, 37.633106549], [126.984055089, 37.633114682], [126.984050926, 37.633122668], [126.984046267, 37.63313046], [126.984041366, 37.633137554], [126.984036018, 37.633144461], [126.984030308, 37.633151206], [126.984019195, 37.633163186], [126.983995089, 37.633187632], [126.983975212, 37.633207048], [126.983968817, 37.633213803], [126.983963705, 37.633219854], [126.983958959, 37.633226103], [126.983954545, 37.633232522], [126.983950099, 37.63323966], [126.983945958, 37.633246935], [126.983942073, 37.633254319], [126.983938418, 37.633261792], [126.983934988, 37.633269338], [126.983931794, 37.633276952], [126.983928871, 37.633284635], [126.983926273, 37.63329239], [126.983923928, 37.633300655], [126.983921894, 37.633308984], [126.983914825, 37.633342542], [126.983912894, 37.633350908], [126.983910655, 37.633359575], [126.983905575, 37.633376788], [126.983897188, 37.633403337], [126.983895172, 37.633410797], [126.983889636, 37.633433264], [126.983887367, 37.633441796], [126.983884866, 37.63345028], [126.983882061, 37.633458693], [126.983879408, 37.633465763], [126.983870926, 37.633486874], [126.983868484, 37.633493386], [126.983855555, 37.633530277], [126.983850333, 37.633546079], [126.983844042, 37.633567715], [126.983839743, 37.633585072], [126.983837869, 37.633593786], [126.983836224, 37.633602525], [126.983834018, 37.633617223], [126.98383053, 37.633645934], [126.983827298, 37.633669473], [126.983826499, 37.633677236], [126.983826087, 37.633684945], [126.98382625, 37.633692584], [126.983827323, 37.633700914], [126.983829452, 37.633709078], [126.983832284, 37.63371616], [126.983835824, 37.633723104], [126.98383987, 37.63372995], [126.983850381, 37.63374615], [126.983855209, 37.633753997], [126.983859779, 37.633761982], [126.983864072, 37.633770092], [126.983867439, 37.633776984], [126.983870586, 37.63378395], [126.983873502, 37.633790985], [126.983876164, 37.633798088], [126.983878841, 37.633806181], [126.983883418, 37.633822545], [126.983887346, 37.633839034], [126.983892644, 37.633863123], [126.983894523, 37.63387097], [126.983896624, 37.633878735], [126.983898703, 37.633885358], [126.983901087, 37.63389187], [126.983903849, 37.633898241], [126.983907075, 37.633904435], [126.983911317, 37.633911122], [126.983916112, 37.633917579], [126.983921324, 37.633923844], [126.983936197, 37.633940411], [126.98394195, 37.633947529], [126.983947263, 37.633954872], [126.983952105, 37.633962415], [126.983965476, 37.633986372], [126.983969437, 37.633992681], [126.983978088, 37.634005101], [126.983991576, 37.634023419], [126.983995935, 37.634029614], [126.983999967, 37.63403568], [126.984007517, 37.634048044], [126.984014852, 37.63406154], [126.98401848, 37.634068816], [126.98402196, 37.634076144], [126.984028532, 37.634090917], [126.984034592, 37.634105792], [126.984037407, 37.634113262], [126.984040059, 37.634120761], [126.984047409, 37.634142933], [126.984050114, 37.634150266], [126.984053012, 37.634157562], [126.984059249, 37.63417206], [126.984065923, 37.634186463], [126.984072496, 37.634199918], [126.984087816, 37.634229625], [126.984113926, 37.634278324], [126.98412127, 37.634291611], [126.984125144, 37.634298169], [126.98412951, 37.634305059], [126.984138854, 37.634318585], [126.98414375, 37.634325247], [126.984158433, 37.634344457], [126.984163106, 37.634350819], [126.984168025, 37.634358019], [126.984172661, 37.634365325], [126.984192997, 37.634398845], [126.984196805, 37.63440544], [126.984199944, 37.634411328], [126.984202849, 37.634417256], [126.984205504, 37.634423211], [126.984218742, 37.634456247], [126.984221125, 37.634464069], [126.984222266, 37.634470787], [126.984222603, 37.634477603], [126.984222176, 37.63448447], [126.984221023, 37.634491379], [126.984219355, 37.634498309], [126.984212883, 37.634521035], [126.984210891, 37.634529026], [126.98420918, 37.634537474], [126.984207759, 37.634545981], [126.984203842, 37.634571426], [126.98420219, 37.634579803], [126.984200386, 37.634587115], [126.984198172, 37.634594325], [126.984195457, 37.634601402], [126.984191986, 37.634608715], [126.984188086, 37.634615922], [126.98417978, 37.63463056], [126.984175707, 37.634638091], [126.984171886, 37.634645721], [126.984168833, 37.634652482], [126.984166039, 37.634659325], [126.984163483, 37.634666237], [126.984161156, 37.63467321], [126.984158744, 37.63468136], [126.984156617, 37.634689572], [126.984154766, 37.634697833], [126.984151733, 37.634714773], [126.984147698, 37.634740203], [126.984146116, 37.634748603], [126.984144232, 37.634756919], [126.984142025, 37.63476476], [126.984139323, 37.634772452], [126.984136008, 37.634779949], [126.984131899, 37.634787331], [126.98412714, 37.634794481], [126.984121831, 37.634801415], [126.984116037, 37.634808134], [126.98411005, 37.634814399], [126.984103777, 37.634820519], [126.984085213, 37.634837777], [126.984073685, 37.634848014], [126.984066487, 37.634853834], [126.984059044, 37.63485948], [126.984032514, 37.634878553], [126.984026441, 37.634883209], [126.984018841, 37.634889574], [126.984011753, 37.63489623], [126.984005282, 37.6349032], [126.983999582, 37.634910533], [126.983995281, 37.63491738], [126.983991562, 37.634924487], [126.983988263, 37.634931783], [126.983970218, 37.634977479], [126.983967017, 37.634985876], [126.983960987, 37.635002778], [126.983955462, 37.635019783], [126.983952937, 37.635028315], [126.98394927, 37.635042281], [126.98394631, 37.635056107], [126.983942558, 37.6350758], [126.983941154, 37.635081828], [126.983939427, 37.63508777], [126.983937038, 37.635094137], [126.983934128, 37.635100363], [126.983930719, 37.635106432], [126.983926233, 37.635113181], [126.983921274, 37.635119758], [126.983915994, 37.635126212], [126.983904422, 37.635139727], [126.983898824, 37.635146558], [126.983893807, 37.635153244], [126.983889213, 37.635160079], [126.983885127, 37.635167063], [126.983881852, 37.635173584], [126.983875607, 37.635186753], [126.983871867, 37.635193668], [126.983867741, 37.635200501], [126.983863939, 37.635206276], [126.983859892, 37.635211975], [126.983855595, 37.635217583], [126.983850481, 37.635223744], [126.983845104, 37.635229794], [126.983834522, 37.635240876], [126.983824201, 37.635250956], [126.983814095, 37.63526024], [126.98380141, 37.635271151], [126.983793765, 37.6352774], [126.983778124, 37.635289628], [126.983770142, 37.635295608], [126.983745626, 37.635313441], [126.983729534, 37.635325746], [126.983721722, 37.635332065], [126.98369828, 37.635351857], [126.983685985, 37.635361656], [126.983679718, 37.635366312], [126.983673291, 37.635370781], [126.98366666, 37.635375008], [126.983659711, 37.63537902], [126.983645506, 37.635386729], [126.98361945, 37.635401552], [126.983591984, 37.635416738], [126.983584027, 37.635421368], [126.983576572, 37.635426203], [126.983570114, 37.635431194], [126.983564575, 37.635436624], [126.983560732, 37.635441588], [126.983557434, 37.635446817], [126.983551377, 37.635457637], [126.983542308, 37.635473166], [126.98353878, 37.635480495], [126.983536066, 37.635487965], [126.983534679, 37.635493531], [126.983533712, 37.63549905], [126.983532422, 37.63550979], [126.983531598, 37.635514834], [126.983530172, 37.635519484], [126.983528075, 37.635523274], [126.983525169, 37.635526547], [126.983521453, 37.635529174], [126.983514932, 37.635531621], [126.983507237, 37.635532887], [126.983499615, 37.635533292], [126.983475538, 37.635533347], [126.983467888, 37.635533756], [126.983460495, 37.635534614], [126.983453539, 37.635536082], [126.983447032, 37.635538388], [126.983441396, 37.635541515], [126.983436868, 37.635545472], [126.983433202, 37.635551105], [126.983430843, 37.63555761], [126.983429292, 37.635564726], [126.98342687, 37.635579987], [126.98342517, 37.635587808], [126.98342268, 37.63559554], [126.983419413, 37.635603136], [126.983415436, 37.635610516], [126.983410763, 37.635617584], [126.983405351, 37.635624223], [126.983399101, 37.635630282], [126.983393918, 37.635634281], [126.983388315, 37.635637934], [126.983382391, 37.635641299], [126.983361502, 37.635651684], [126.983342532, 37.635662152], [126.983334383, 37.635666433], [126.983301391, 37.635682751], [126.983293065, 37.635687293], [126.983285531, 37.635692304], [126.983280739, 37.635696463], [126.983276588, 37.635701027], [126.983273145, 37.635705825], [126.983270286, 37.635710879], [126.983267993, 37.635716124], [126.983266058, 37.635722048], [126.983262834, 37.635734019], [126.983260852, 37.635739985], [126.983258433, 37.635745721], [126.983255504, 37.635751086], [126.983251751, 37.635756151], [126.983247141, 37.635760367], [126.983242362, 37.635763116], [126.983236279, 37.635765006], [126.983225869, 37.635766207], [126.98321363, 37.635766228], [126.983201549, 37.635765608], [126.983189148, 37.635764603], [126.983149262, 37.635760469], [126.983144091, 37.635760163], [126.983140823, 37.635760184], [126.983139798, 37.635760588], [126.983129016, 37.635772464], [126.983121121, 37.635780554], [126.983116985, 37.635784486], [126.98311291, 37.635788062], [126.983109214, 37.635790974], [126.983098481, 37.635798288], [126.98306873, 37.635816879], [126.983061418, 37.6358216], [126.983054342, 37.635826471], [126.983047717, 37.635831627], [126.98304468, 37.63583438], [126.983041877, 37.635837284], [126.983031575, 37.635849486], [126.983028824, 37.635852432], [126.983025994, 37.635855116], [126.983019845, 37.63586018], [126.98300987, 37.635867304], [126.982999175, 37.635874202], [126.982985045, 37.635882556], [126.982962018, 37.635895656], [126.982937966, 37.635902223], [126.982933912, 37.635903519], [126.982930102, 37.635905078], [126.982928351, 37.63590602], [126.982926682, 37.635907148], [126.982923687, 37.635909747], [126.982919823, 37.635914152], [126.982917735, 37.635917327], [126.982916263, 37.635920575], [126.98291526, 37.635923927], [126.982914762, 37.63592731], [126.982914996, 37.63593063], [126.982915956, 37.635933849], [126.982917436, 37.635936959], [126.982918356, 37.635938449], [126.982920552, 37.63594116], [126.982924367, 37.635944839], [126.982925638, 37.635946303], [126.98292677, 37.635947946], [126.982927655, 37.635949728], [126.982928247, 37.635951697], [126.982928542, 37.635953662], [126.982928547, 37.635957145], [126.982928121, 37.635959642], [126.98291774, 37.635970086], [126.982912406, 37.635975127], [126.982883742, 37.636000522], [126.98287542, 37.636008061], [126.982867828, 37.636015305], [126.982864855, 37.636018408]]}, "properties": {"vcursId": "121500V011", "name": "보국문코스", "distanceKm": "2.4", "durationH": "01", "durationM": "20", "difficulty": "하", "section": "정릉탐방지원센터~넓적바위~깔딱고개~보국문"}}, {"type": "Feature", "geometry": {"type": "LineString", "coordinates": [[126.985909326, 37.640374948], [126.985924498, 37.640371044], [126.985939101, 37.640366728], [126.98594688, 37.640364143], [126.985954117, 37.640361493], [126.985960938, 37.640358768], [126.985972416, 37.640353604], [126.985982654, 37.640348539], [126.985992698, 37.640343311], [126.98601138, 37.64033291], [126.986015951, 37.640330593], [126.986021482, 37.640328204], [126.986027226, 37.640326081], [126.986033126, 37.640324152], [126.98604523, 37.640320669], [126.98606378, 37.640315923], [126.986114498, 37.640303667], [126.986213694, 37.640279698], [126.98626485, 37.640288039], [126.986271676, 37.640289401], [126.986276035, 37.6402906], [126.986278105, 37.640291364], [126.98628, 37.64029224], [126.986283578, 37.640294307], [126.986288663, 37.640297836], [126.986316507, 37.640319296], [126.9863214, 37.640332206], [126.986326368, 37.64034466], [126.986329242, 37.640351262], [126.986332291, 37.640357682], [126.986335457, 37.640363592], [126.986338682, 37.640368665], [126.986342095, 37.640372973], [126.986345581, 37.640376608], [126.986349396, 37.640380067], [126.986353448, 37.640383399], [126.986362023, 37.640389806], [126.986370967, 37.640396006], [126.986384761, 37.640405082], [126.986394127, 37.640410994], [126.986403646, 37.640416747], [126.986432908, 37.640433094], [126.986437576, 37.640435975], [126.986442195, 37.640439094], [126.986446619, 37.640442365], [126.986450841, 37.640445776], [126.986454832, 37.64044933], [126.986458546, 37.64045304], [126.986461905, 37.640456935], [126.986464976, 37.640461236], [126.98646767, 37.640465724], [126.986470079, 37.640470354], [126.986472275, 37.640475086], [126.986476287, 37.640485027], [126.986480404, 37.640497345], [126.98648418, 37.640510604], [126.98648692, 37.640521979], [126.986489372, 37.64053336], [126.986489342, 37.640562363], [126.986489292, 37.640565921], [126.986489249, 37.640567368], [126.98648845, 37.640569608], [126.986479125, 37.640572215], [126.986470618, 37.640575634], [126.986463233, 37.640580038], [126.986457727, 37.640585032], [126.986453265, 37.640590816], [126.986449706, 37.6405972], [126.986446976, 37.640604041], [126.986445063, 37.640611229], [126.986443908, 37.640619317], [126.986443509, 37.640627622], [126.986443669, 37.640636072], [126.98644424, 37.640644612], [126.986445126, 37.640653198], [126.986446267, 37.640661798], [126.986447637, 37.640670381], [126.986449243, 37.640678921], [126.986451132, 37.640687383], [126.986453381, 37.640695733], [126.986456126, 37.640703921], [126.986459555, 37.640711882], [126.986464005, 37.640719826], [126.986469954, 37.640728517], [126.986477114, 37.640737929], [126.986513288, 37.640782898], [126.986520729, 37.640792563], [126.986521502, 37.640793337], [126.986522391, 37.640794362], [126.986525167, 37.64079764], [126.986529022, 37.64080267], [126.986533461, 37.640809141], [126.986544053, 37.640826779], [126.986550087, 37.640835731], [126.986556782, 37.640844594], [126.986575025, 37.640866613], [126.986579488, 37.640872405], [126.986583411, 37.640878287], [126.986586556, 37.640884298], [126.986588652, 37.640890482], [126.986589441, 37.640896011], [126.986589345, 37.640901657], [126.986588466, 37.64090737], [126.986586355, 37.640914688], [126.986583388, 37.640922031], [126.986579801, 37.640929385], [126.986575769, 37.640936743], [126.986571427, 37.640944097], [126.986553472, 37.640972466], [126.986549405, 37.640979387], [126.986545397, 37.640987065], [126.986541895, 37.640994842], [126.98653895, 37.641002691], [126.986536601, 37.641010789], [126.986535049, 37.641018906], [126.986534471, 37.641027008], [126.986534906, 37.641034031], [126.986536183, 37.641040979], [126.986538263, 37.641047808], [126.986540926, 37.641054057], [126.986544216, 37.641060146], [126.986548082, 37.641066051], [126.986552908, 37.641072256], [126.986558269, 37.641078222], [126.986564073, 37.641083953], [126.986581583, 37.641099303], [126.986587237, 37.641104565], [126.986593359, 37.641110971], [126.986599072, 37.641117669], [126.986604466, 37.641124586], [126.986609621, 37.641131664], [126.986614598, 37.641138856], [126.986631359, 37.641164055], [126.98663553, 37.641169939], [126.986640412, 37.641176394], [126.98665071, 37.641189037], [126.98666139, 37.641201501], [126.986666904, 37.641207637], [126.986672655, 37.64121362], [126.986678216, 37.641218922], [126.98668405, 37.641224038], [126.986690143, 37.641228969], [126.986697384, 37.641234376], [126.986720433, 37.641250361], [126.986736231, 37.64126162], [126.986743803, 37.641267384], [126.986751014, 37.641273291], [126.986757718, 37.641279395], [126.986763726, 37.641285771], [126.98676879, 37.641292513], [126.986771837, 37.641297835], [126.986774428, 37.641303374], [126.986777565, 37.641311212], [126.986780395, 37.641319282], [126.986783011, 37.64132752], [126.986787859, 37.641344318], [126.986801518, 37.641395002], [126.986808284, 37.641418873], [126.986815493, 37.641442013], [126.986818375, 37.641450065], [126.986822161, 37.641459789], [126.986826579, 37.64146988], [126.986831692, 37.641479873], [126.98683766, 37.641489615], [126.986844002, 37.641498356], [126.986850303, 37.641505704], [126.986855094, 37.641510463], [126.986859122, 37.64151394], [126.986861985, 37.641516028], [126.98686332, 37.641516599], [126.986884315, 37.641538939], [126.98690712, 37.641553055], [126.986931583, 37.641567737], [126.986939445, 37.641572293], [126.986966185, 37.641587238], [126.986972547, 37.641590969], [126.98697878, 37.641594825], [126.986984413, 37.641598534], [126.987006284, 37.641613381], [126.987032673, 37.641630434], [126.987043598, 37.641638224], [126.987054817, 37.641647029], [126.98706569, 37.64165611], [126.987081549, 37.641669884], [126.987086863, 37.641674366], [126.987092302, 37.641678685], [126.987097949, 37.64168275], [126.98710391, 37.641686439], [126.987109718, 37.641689393], [126.987115814, 37.641692013], [126.987122127, 37.64169439], [126.987128596, 37.641696601], [126.987187288, 37.641714732], [126.987198378, 37.641718236], [126.987202537, 37.641719695], [126.987226111, 37.641723306], [126.987232455, 37.641724508], [126.98723841, 37.641726377], [126.987255026, 37.641732318], [126.987272039, 37.641738452], [126.987280269, 37.641741219], [126.987289582, 37.6417441], [126.987299742, 37.641746876], [126.987313132, 37.641749893], [126.987326877, 37.641752384], [126.987340368, 37.641754381], [126.987351112, 37.641755722], [126.987378987, 37.641758558], [126.987428193, 37.641764088], [126.987437372, 37.641764953], [126.987446536, 37.641765619], [126.987455683, 37.641765998], [126.987464817, 37.641765989], [126.987475513, 37.641765394], [126.987486201, 37.641764313], [126.987496894, 37.641762921], [126.987535599, 37.641757388], [126.987547518, 37.641756006], [126.987555247, 37.641755109], [126.987566259, 37.641754035], [126.987599416, 37.641751376], [126.987621581, 37.64174996], [126.987642531, 37.641748869], [126.987684453, 37.641747166], [126.987705395, 37.641746552], [126.987726299, 37.641746208], [126.98774713, 37.64174633], [126.9877575, 37.641746664], [126.987787373, 37.641748256], [126.987796036, 37.64174848], [126.987813405, 37.641748447], [126.987830801, 37.641747952], [126.987848159, 37.641747086], [126.987884332, 37.641744477], [126.987893417, 37.641744147], [126.98790245, 37.641744234], [126.987910237, 37.641744755], [126.987917961, 37.641745694], [126.987925603, 37.641747043], [126.987933962, 37.641749], [126.987942217, 37.641751351], [126.987950388, 37.641754004], [126.987981953, 37.64176539], [126.987991048, 37.641768373], [126.988000264, 37.641771152], [126.988009578, 37.64177374], [126.988018974, 37.641776143], [126.988028445, 37.641778352], [126.988037983, 37.641780345], [126.988047588, 37.641782085], [126.988057267, 37.641783522], [126.988067526, 37.641784665], [126.988077851, 37.641785513], [126.988088221, 37.641786169], [126.988129206, 37.641788441], [126.988139254, 37.641789229], [126.988149248, 37.641790215], [126.988159166, 37.641791474], [126.988168106, 37.641792909], [126.988176959, 37.641794602], [126.988185724, 37.641796523], [126.988194388, 37.641798656], [126.988202939, 37.641800994], [126.988232562, 37.641809884], [126.988242554, 37.64181234], [126.98825136, 37.641813984], [126.988260302, 37.641815264], [126.988295601, 37.641819078], [126.988304352, 37.641820217], [126.988314849, 37.641821922], [126.988325283, 37.64182396], [126.988335646, 37.641826289], [126.988345934, 37.64182889], [126.98835645, 37.64183184], [126.988366892, 37.641835002], [126.988386951, 37.641841513], [126.988406152, 37.641848195], [126.988450911, 37.641864985], [126.988463906, 37.641869534], [126.988476716, 37.6418738], [126.988488798, 37.641877625], [126.988499605, 37.641880857], [126.988508591, 37.641883346], [126.988515204, 37.641884954], [126.988518288, 37.641885525], [126.98851944, 37.641885524], [126.988552516, 37.641895357], [126.988557612, 37.641897082], [126.98856087, 37.641898423], [126.988564308, 37.641900267], [126.988565285, 37.641900792], [126.988569503, 37.64190343], [126.988598466, 37.641922673], [126.988600033, 37.641923033], [126.988603944, 37.641924597], [126.988609705, 37.64192729], [126.988615828, 37.641930502], [126.988622687, 37.641934418], [126.988630016, 37.64193891], [126.988637561, 37.641943833], [126.988645073, 37.641949043], [126.988666659, 37.641965053], [126.988679166, 37.641973841], [126.988685517, 37.641978008], [126.988703221, 37.641989133], [126.988715038, 37.641997108], [126.98872676, 37.642005741], [126.988749322, 37.642022725], [126.988759954, 37.642031151], [126.988764978, 37.642035554], [126.988769894, 37.642040327], [126.98877451, 37.642045289], [126.988778834, 37.642050419], [126.988782856, 37.642055709], [126.988786793, 37.642061509], [126.988790422, 37.642067451], [126.988793791, 37.642073506], [126.98879692, 37.642079653], [126.988799811, 37.642085878], [126.988802727, 37.64209284], [126.988805403, 37.642099859], [126.988809788, 37.642112702], [126.988811497, 37.64211851], [126.988812914, 37.642124339], [126.988813697, 37.642128575], [126.98881457, 37.642136677], [126.988814663, 37.642140534], [126.988814281, 37.642147275], [126.988813328, 37.64215457], [126.988809143, 37.642180319], [126.988808064, 37.642189027], [126.988807488, 37.642197218], [126.988807564, 37.642204544], [126.988808159, 37.642209813], [126.988809102, 37.642214005], [126.988810455, 37.642217382], [126.988811701, 37.642218508], [126.988832648, 37.642243069], [126.988840016, 37.64225207], [126.98884473, 37.642258159], [126.988847928, 37.642262851], [126.988850876, 37.642267641], [126.988868814, 37.642298301], [126.988870373, 37.64229925], [126.988874399, 37.642302206], [126.988880435, 37.642306869], [126.988894077, 37.642317936], [126.988918397, 37.642338666], [126.98895225, 37.642368376], [126.988959668, 37.642374467], [126.988967303, 37.642380331], [126.988975239, 37.64238589], [126.98898298, 37.642390767], [126.989007001, 37.642404498], [126.989013676, 37.64240839], [126.989020179, 37.642412439], [126.989026965, 37.642417082], [126.989046733, 37.642431759], [126.989054432, 37.642437246], [126.989070328, 37.642447914], [126.989086665, 37.642458285], [126.989109446, 37.642472074], [126.989124853, 37.642481016], [126.989141424, 37.642490129], [126.989149905, 37.642494425], [126.989159438, 37.642498879], [126.989187357, 37.642511033], [126.989204135, 37.64251869], [126.989212326, 37.642522745], [126.98922031, 37.642527029], [126.989228263, 37.642531727], [126.989235976, 37.64253668], [126.989243484, 37.64254184], [126.98925081, 37.642547173], [126.989257957, 37.642552658], [126.989264694, 37.642558099], [126.989271237, 37.642563677], [126.989277553, 37.642569403], [126.989283594, 37.642575297], [126.989289291, 37.642581396], [126.989295383, 37.6425887], [126.989301117, 37.642596215], [126.989316941, 37.642617828], [126.98932223, 37.642624724], [126.989327715, 37.642631486], [126.989333487, 37.642638047], [126.989339652, 37.64264433], [126.989346389, 37.642650335], [126.98935358, 37.642655989], [126.98936117, 37.642661303], [126.989369132, 37.642666265], [126.989377472, 37.642670832], [126.989385566, 37.6426747], [126.989393913, 37.642678291], [126.989402426, 37.642681714], [126.989436522, 37.642694976], [126.989463547, 37.642705746], [126.989483413, 37.642714082], [126.989493163, 37.642718443], [126.989505712, 37.642724511], [126.98951423, 37.642729069], [126.989522464, 37.642733896], [126.989530364, 37.642739015], [126.98953786, 37.642744471], [126.989544719, 37.642750123], [126.989551285, 37.642756025], [126.989569995, 37.64277341], [126.989588044, 37.642788985], [126.989603578, 37.642801638], [126.989611514, 37.642807837], [126.98963472, 37.642825364], [126.989642306, 37.642831299], [126.989649655, 37.642837398], [126.989656704, 37.642843747], [126.989663447, 37.642850304], [126.989669915, 37.642857035], [126.989676115, 37.642863925], [126.989682025, 37.642870967], [126.989687098, 37.642877476], [126.989691907, 37.642884103], [126.989696444, 37.642890841], [126.989700679, 37.642897693], [126.989704557, 37.642904668], [126.989708277, 37.642912268], [126.989718332, 37.642935482], [126.989722173, 37.642943815], [126.989726777, 37.642952877], [126.989732349, 37.642962934], [126.98973862, 37.642973496], [126.989745322, 37.642984137], [126.989752052, 37.642994358], [126.98976403, 37.643011763], [126.989772566, 37.64302355], [126.989782167, 37.643031888], [126.989788865, 37.643038136], [126.989795246, 37.643044801], [126.989798, 37.643048127], [126.989802181, 37.643054088], [126.989807591, 37.643063002], [126.989812411, 37.643072111], [126.98981509, 37.643078323], [126.989816194, 37.643081529], [126.989818007, 37.643088039], [126.989819513, 37.643094623], [126.989822162, 37.643107875], [126.98982897, 37.643144434], [126.98983618, 37.643188078], [126.989849143, 37.643216464], [126.989858283, 37.643236987], [126.989867217, 37.643257803], [126.989871086, 37.643267293], [126.989876953, 37.643282864], [126.989882238, 37.643298196], [126.989887145, 37.643313721], [126.98989401, 37.643336432], [126.989898611, 37.643350664], [126.989901185, 37.643357685], [126.989904048, 37.643364612], [126.989907333, 37.643371529], [126.989910977, 37.643378317], [126.989914957, 37.64338497], [126.989919267, 37.643391477], [126.989923927, 37.643397811], [126.989928977, 37.643403942], [126.989934568, 37.643409987], [126.98995249, 37.643427543], [126.989958345, 37.643433501], [126.989964411, 37.643440189], [126.989970199, 37.643447061], [126.989975777, 37.643454066], [126.989986519, 37.643468323], [126.990007504, 37.643497008], [126.990012109, 37.643503591], [126.990016432, 37.64351026], [126.990020342, 37.643517062], [126.990023964, 37.643524531], [126.99002714, 37.643532144], [126.990035698, 37.643555069], [126.990038765, 37.643562485], [126.990042252, 37.6435697], [126.990046369, 37.643576622], [126.990050931, 37.643582724], [126.990056128, 37.643588507], [126.990061862, 37.643593989], [126.990068067, 37.643599166], [126.990074709, 37.643604019], [126.99008178, 37.643608507], [126.990089316, 37.643612634], [126.990097154, 37.643616487], [126.990121223, 37.643627774], [126.990130075, 37.643632406], [126.990138719, 37.643637326], [126.990147161, 37.643642498], [126.990155391, 37.643647905], [126.990169134, 37.643657708], [126.990205631, 37.643684988], [126.990213621, 37.64369117], [126.99022133, 37.643697556], [126.990227506, 37.64370314], [126.990233457, 37.643708893], [126.990250606, 37.643726704], [126.990278582, 37.643757011], [126.990290062, 37.643769144], [126.990296031, 37.643775031], [126.990302257, 37.643780728], [126.990309449, 37.643786715], [126.990316931, 37.643792496], [126.990346674, 37.643814449], [126.990359693, 37.643824711], [126.990372332, 37.643835288], [126.990400884, 37.643860778], [126.990408164, 37.643867044], [126.990415577, 37.643873117], [126.990423168, 37.643879053], [126.990438811, 37.643890555], [126.990446855, 37.643896118], [126.990455129, 37.643901603], [126.990488734, 37.643923132], [126.990504053, 37.643933443], [126.990519056, 37.643944046], [126.990533193, 37.643954562], [126.990546426, 37.643964989], [126.990559156, 37.643975757], [126.990565106, 37.643981163], [126.990570867, 37.643986679], [126.990576419, 37.643992311], [126.990581725, 37.643998069], [126.990586738, 37.644003974], [126.990591843, 37.644010637], [126.99059655, 37.644017477], [126.990600866, 37.644024472], [126.990604774, 37.644031615], [126.990608225, 37.644038906], [126.990611358, 37.644046795], [126.990621909, 37.644078473], [126.990624712, 37.644085945], [126.990627757, 37.644093338], [126.990631099, 37.644100619], [126.990634813, 37.644107749], [126.99063934, 37.644115254], [126.990644373, 37.644122508], [126.990649905, 37.644129477], [126.990655969, 37.644136101], [126.990662645, 37.644142288], [126.990670124, 37.644148043], [126.990678164, 37.644153348], [126.990686594, 37.644158311], [126.990695268, 37.644163013], [126.99071028, 37.644170817], [126.990717529, 37.644174899], [126.990724683, 37.64417997], [126.990732548, 37.644187406], [126.990739712, 37.644196123], [126.990745982, 37.644205617], [126.99075118, 37.644215381], [126.990755102, 37.644224686], [126.990757874, 37.644233235], [126.990759538, 37.644240506], [126.990760168, 37.644245293], [126.990760248, 37.644248437], [126.990759929, 37.644249605], [126.990777159, 37.64431452], [126.990773623, 37.644338625], [126.990773357, 37.644341781], [126.9907735, 37.64434328], [126.990773554, 37.64434341], [126.990774073, 37.644344655], [126.990775715, 37.644346495], [126.990783085, 37.644352073], [126.990861774, 37.644385834], [126.990883638, 37.644395559], [126.990902435, 37.644404419], [126.990920517, 37.644413642], [126.990938112, 37.644423318], [126.990946679, 37.64442834], [126.990955035, 37.644433522], [126.990963113, 37.644438904], [126.990970825, 37.644444548], [126.990978055, 37.644450538], [126.9909843, 37.644456498], [126.99099021, 37.644462717], [126.991012841, 37.6444879], [126.991023986, 37.644500616], [126.991039915, 37.644519257], [126.991050871, 37.644531458], [126.99105663, 37.644537375], [126.991062599, 37.64454307], [126.991068802, 37.644548609], [126.991075202, 37.644554012], [126.991088507, 37.644564451], [126.991103072, 37.64457489], [126.991110543, 37.644579948], [126.991125803, 37.644589763], [126.991148972, 37.644603833], [126.991164107, 37.644613473], [126.991171199, 37.644618403], [126.991178106, 37.644623498], [126.991184841, 37.644628741], [126.99119141, 37.64463412], [126.991197807, 37.644639633], [126.991205062, 37.644646241], [126.991212119, 37.644652991], [126.991219026, 37.644659844], [126.991243624, 37.644685095], [126.991249746, 37.644691054], [126.991256093, 37.64469685], [126.991262862, 37.644702542], [126.991269886, 37.644708046], [126.99127711, 37.644713407], [126.991291981, 37.644723816], [126.991322908, 37.644744405], [126.991337586, 37.644754387], [126.991359313, 37.644769642], [126.991397294, 37.644796904], [126.991443526, 37.644828432], [126.9914592, 37.644839363], [126.991474871, 37.64485074], [126.991490377, 37.644862646], [126.99149789, 37.644868741], [126.991505164, 37.644874949], [126.991512142, 37.644881317], [126.991518724, 37.644887894], [126.991524781, 37.644894746], [126.991530032, 37.644901682], [126.991534792, 37.644908873], [126.991539187, 37.644916254], [126.991547215, 37.644931311], [126.991558557, 37.64495417], [126.991565583, 37.644967928], [126.991609789, 37.645052032], [126.991622304, 37.645075431], [126.991630656, 37.645090637], [126.991643424, 37.645112763], [126.991648188, 37.645120551], [126.991658086, 37.645135963], [126.991668524, 37.645151114], [126.991674016, 37.645158549], [126.991679762, 37.645165848], [126.991685489, 37.645172608], [126.991691483, 37.645179216], [126.991697731, 37.64518567], [126.991704238, 37.645191957], [126.991710196, 37.645197356], [126.991722525, 37.645207862], [126.991742324, 37.645224221], [126.991749434, 37.645230324], [126.9917563, 37.645236558], [126.991762802, 37.645242994], [126.991768697, 37.645249477], [126.991785515, 37.64526947], [126.991790848, 37.645275401], [126.991796406, 37.645281211], [126.991802186, 37.64528689], [126.991808198, 37.645292419], [126.991814289, 37.645297671], [126.991833009, 37.645313152], [126.99184566, 37.645324335], [126.991857828, 37.645335746], [126.991863674, 37.64534154], [126.991869267, 37.645347474], [126.991875155, 37.64535437], [126.991880627, 37.64536148], [126.991885698, 37.64536878], [126.99189035, 37.64537626], [126.991893802, 37.645382432], [126.991903421, 37.645401283], [126.991911407, 37.645416173], [126.991915685, 37.645423526], [126.991920204, 37.645430789], [126.991928963, 37.645443548], [126.991933598, 37.645449823], [126.991943255, 37.645462203], [126.991966522, 37.645490509], [126.991994239, 37.645525642], [126.992004726, 37.645538121], [126.992010194, 37.645544209], [126.99201588, 37.645550149], [126.992022656, 37.645556672], [126.992029737, 37.645562972], [126.99203707, 37.645569065], [126.992044634, 37.645574949], [126.992060332, 37.645586404], [126.992068023, 37.645592214], [126.992073262, 37.645596469], [126.992078319, 37.645600851], [126.992098385, 37.645619424], [126.992105269, 37.645625137], [126.992112484, 37.645630633], [126.992125463, 37.645639617], [126.992138959, 37.645648177], [126.992161277, 37.645661807], [126.992168456, 37.645666527], [126.992175327, 37.645671482], [126.99218208, 37.645677007], [126.992188371, 37.645682865], [126.992194732, 37.645689589], [126.992200713, 37.645696562], [126.992229555, 37.645732546], [126.992244633, 37.645750581], [126.992250463, 37.645756945], [126.992256721, 37.64576301], [126.992263836, 37.64576941], [126.992288498, 37.645790643], [126.992304996, 37.645805099], [126.992316824, 37.645815743], [126.992321196, 37.64582005], [126.992390325, 37.645858275], [126.992400662, 37.645864194], [126.99240463, 37.645866715], [126.992408626, 37.645869611], [126.992415618, 37.645875263], [126.992424401, 37.645882724], [126.992425974, 37.645883375], [126.992429368, 37.645886006], [126.992434193, 37.645890382], [126.992439451, 37.645895674], [126.992458653, 37.645916566], [126.99247506, 37.645933759], [126.992490712, 37.645949078], [126.992497572, 37.645955372], [126.992504433, 37.645961386], [126.992511451, 37.645967223], [126.992518657, 37.645972832], [126.992526099, 37.645978142], [126.992533847, 37.645983056], [126.992541989, 37.645987454], [126.992548702, 37.64599047], [126.992555662, 37.645993147], [126.992562812, 37.645995544], [126.992571659, 37.645998152], [126.992589613, 37.646003042], [126.992607932, 37.64600828], [126.992621281, 37.646011812], [126.992629908, 37.646013783], [126.992638616, 37.646015548], [126.992660727, 37.646019668], [126.992669446, 37.646021461], [126.992678107, 37.646023427], [126.992703564, 37.646030042], [126.992721494, 37.646034393], [126.99278565, 37.646049119], [126.992868099, 37.646067455], [126.992886193, 37.646071691], [126.992894953, 37.646074139], [126.992903397, 37.646077027], [126.992910645, 37.646080124], [126.992917566, 37.646083658], [126.992924166, 37.646087573], [126.992930432, 37.646091828], [126.992936757, 37.646096753], [126.992942621, 37.646102023], [126.992947958, 37.646107636], [126.992953214, 37.64611428], [126.99295787, 37.646121241], [126.992962061, 37.64612841], [126.992965614, 37.646135213], [126.992968774, 37.646142105], [126.992971443, 37.646149079], [126.99297349, 37.646156135], [126.992974885, 37.64616354], [126.992976847, 37.646179199], [126.992978165, 37.646187341], [126.992980188, 37.64619535], [126.992983157, 37.646203088], [126.992986843, 37.646210722], [126.993002033, 37.646239245], [126.993013282, 37.64626144], [126.993017314, 37.646268933], [126.993020258, 37.646273999], [126.993026961, 37.646284751], [126.993034503, 37.646296095], [126.993038945, 37.646302461], [126.993048249, 37.64631494], [126.993053179, 37.646320996], [126.993058355, 37.646326884], [126.993062963, 37.646331733], [126.993074101, 37.646342973], [126.993080643, 37.646349368], [126.993100635, 37.646367748], [126.993107053, 37.646373982], [126.993113071, 37.646380425], [126.993118429, 37.64638696], [126.99313718, 37.646412184], [126.993146307, 37.646423717], [126.993156486, 37.646436111], [126.993161349, 37.646442359], [126.993165838, 37.646448743], [126.993170091, 37.646455767], [126.993181485, 37.646477387], [126.993185602, 37.646484481], [126.993190102, 37.646491261], [126.993204856, 37.646511213], [126.993209878, 37.646518367], [126.993214673, 37.646525613], [126.993227804, 37.64654662], [126.993233131, 37.646553841], [126.993239038, 37.646560825], [126.993245466, 37.646567565], [126.99325156, 37.64657333], [126.993257939, 37.646578944], [126.993264513, 37.646584459], [126.993279028, 37.646596184], [126.993286983, 37.646602358], [126.993295156, 37.646608354], [126.993302057, 37.646613069], [126.99330914, 37.646617621], [126.993316374, 37.646622029], [126.99332374, 37.6466263], [126.993347728, 37.646639622], [126.993356951, 37.646645026], [126.993366341, 37.646650843], [126.993375919, 37.646657165], [126.993385101, 37.646663532], [126.993418793, 37.646688065], [126.993439688, 37.646718914], [126.993443911, 37.646724735], [126.993446815, 37.646728035], [126.993449173, 37.646730382], [126.993449988, 37.646731194], [126.993465393, 37.646745611], [126.993467263, 37.646750176], [126.993469734, 37.646755273], [126.99347319, 37.646761738], [126.99347735, 37.646768786], [126.993482288, 37.646776415], [126.993487902, 37.646784326], [126.993494086, 37.646792218], [126.993500424, 37.64679947], [126.993507055, 37.646806182], [126.993513847, 37.646812108], [126.99352066, 37.646817007], [126.993527884, 37.646821062], [126.993535395, 37.646824705], [126.993558528, 37.646835216], [126.993565729, 37.646838877], [126.993572698, 37.646842789], [126.993579379, 37.646846981], [126.993585698, 37.646851488], [126.993592302, 37.646856935], [126.993598554, 37.646862684], [126.993622076, 37.646885501], [126.993627657, 37.64689105], [126.993633011, 37.64689674], [126.993638071, 37.646902666], [126.993642862, 37.646908752], [126.993647465, 37.646914946], [126.993661625, 37.646934991], [126.993666649, 37.646942568], [126.993671211, 37.646950301], [126.993675003, 37.646957951], [126.993688098, 37.646989331], [126.993691746, 37.646997017], [126.993695768, 37.647004567], [126.993700275, 37.647011928], [126.993704909, 37.647018482], [126.993709926, 37.647024882], [126.993715205, 37.647031179], [126.993736213, 37.647055249], [126.993741213, 37.64706129], [126.993746001, 37.647067428], [126.993750857, 37.647074186], [126.993755407, 37.647081069], [126.993759668, 37.647088058], [126.993763644, 37.647095137], [126.99376732, 37.647102296], [126.993778603, 37.647126513], [126.993782896, 37.647134351], [126.993787689, 37.647141668], [126.99379302, 37.64714879], [126.993798727, 37.647155781], [126.993804673, 37.647162691], [126.993815489, 37.647174833], [126.993837861, 37.647199459], [126.993843583, 37.647206105], [126.993848872, 37.647212885], [126.993853504, 37.647219893], [126.993857032, 37.647226583], [126.993860043, 37.647233481], [126.993868211, 37.647254851], [126.993871167, 37.647262065], [126.993874325, 37.64726925], [126.99387773, 37.647276377], [126.993884788, 37.647289507], [126.9939007, 37.647316808], [126.993905396, 37.647324589], [126.993910399, 37.64733218], [126.993915942, 37.647339463], [126.993921096, 37.647345185], [126.993926725, 37.647350626], [126.993932769, 37.647355794], [126.993939194, 37.647360684], [126.993945979, 37.647365278], [126.99395338, 37.647369732], [126.993976465, 37.647382329], [126.993983997, 37.647386703], [126.993990908, 37.64739114], [126.993997519, 37.647395835], [126.994003799, 37.647400778], [126.994009702, 37.647405973], [126.99401516, 37.647411434], [126.994020212, 37.647417317], [126.994024723, 37.647423464], [126.994028684, 37.647429848], [126.994032054, 37.64743645], [126.994034864, 37.647443439], [126.994037117, 37.647450598], [126.994038919, 37.647457883], [126.994040352, 37.647465256], [126.994043601, 37.64748788], [126.994044899, 37.647495419], [126.994046743, 37.647503653], [126.994048974, 37.647511848], [126.994051497, 37.647520011], [126.994057151, 37.647536269], [126.994066455, 37.647560555], [126.994076181, 37.647584871], [126.994086183, 37.647609088], [126.994093122, 37.647625107], [126.994100481, 37.647640927], [126.994104408, 37.647648718], [126.994115346, 37.647669319], [126.994118621, 37.647676267], [126.99412124, 37.647682696], [126.99412358, 37.64768921], [126.994133709, 37.647720712], [126.994136807, 37.64772892], [126.994140288, 37.647736789], [126.994144218, 37.647744524], [126.994148583, 37.647752115], [126.994153656, 37.647759948], [126.994159164, 37.647767602], [126.994165081, 37.647775069], [126.994171419, 37.647782323], [126.994177179, 37.647788322], [126.994183202, 37.647794176], [126.994189413, 37.647799928], [126.994202253, 37.647811307], [126.994217085, 37.647823924], [126.994225396, 37.647830777], [126.994242637, 37.647844442], [126.994270749, 37.647865647], [126.994275426, 37.647869406], [126.99427831, 37.64787192], [126.994279131, 37.647872949], [126.994342505, 37.647933548], [126.994349018, 37.64794016], [126.994352989, 37.647944727], [126.994356303, 37.647949511], [126.994357689, 37.647951986], [126.994360138, 37.647957075], [126.994364549, 37.647967931], [126.994373314, 37.647991331], [126.99437482, 37.647992117], [126.994378525, 37.647994721], [126.994384013, 37.647998904], [126.994390837, 37.648004449], [126.994398544, 37.648011147], [126.994406301, 37.648018385], [126.994414218, 37.64802619], [126.994437105, 37.648049798], [126.994449491, 37.648062124], [126.994461562, 37.648073154], [126.994467833, 37.648078466], [126.994475084, 37.648084229], [126.994482568, 37.64808975], [126.994490311, 37.648094987], [126.994498349, 37.648099878], [126.994506132, 37.648104106], [126.994521981, 37.648112191], [126.994529173, 37.648116057], [126.994536158, 37.648120113], [126.99454285, 37.648124418], [126.994549151, 37.648129042], [126.994555107, 37.648134146], [126.994560645, 37.648139571], [126.994565853, 37.648145239], [126.994570797, 37.648151086], [126.994575267, 37.648156746], [126.994579493, 37.648162525], [126.994583412, 37.648168437], [126.994586941, 37.648174501], [126.994590779, 37.648182362], [126.994600841, 37.64820635], [126.994604402, 37.648214139], [126.994608226, 37.648221839], [126.994612378, 37.648229403], [126.994617147, 37.648237105], [126.994622397, 37.64824455], [126.994628194, 37.648251672], [126.994634654, 37.648258375], [126.994642046, 37.648264731], [126.994650052, 37.648270688], [126.994658468, 37.648276385], [126.994688115, 37.648295384], [126.99469532, 37.648300364], [126.994702189, 37.648305473], [126.994708882, 37.648310745], [126.994723197, 37.648322545], [126.994745118, 37.648341176], [126.994758111, 37.648352546], [126.994769984, 37.648363496], [126.994775298, 37.648368824], [126.994780619, 37.648374877], [126.994785838, 37.648381812], [126.994790411, 37.64838893], [126.994794755, 37.648396438], [126.994803977, 37.648413104], [126.994808832, 37.648421594], [126.99481342, 37.648429192], [126.994817588, 37.648435543], [126.994821093, 37.648440289], [126.994823655, 37.648443234], [126.994824987, 37.648444106], [126.994829328, 37.64845174], [126.994831012, 37.648454144], [126.994833411, 37.648456098], [126.994842613, 37.648462464], [126.994843694, 37.648463969], [126.994847363, 37.648467526], [126.994852254, 37.648471638], [126.994858661, 37.648476389], [126.99486645, 37.648481407], [126.994876104, 37.648486668], [126.994886809, 37.648491595], [126.994898154, 37.648496022], [126.994909705, 37.648499803], [126.994922276, 37.648503132], [126.994933886, 37.648505539], [126.994955302, 37.648509312], [126.994983405, 37.648514919], [126.995001778, 37.648518388], [126.995010989, 37.6485199], [126.995020219, 37.648521183], [126.995029472, 37.648522163], [126.995039208, 37.648522788], [126.995048948, 37.648523006], [126.995058663, 37.648522824], [126.995068328, 37.648522216], [126.995077909, 37.648521135], [126.995086738, 37.648519679], [126.995113037, 37.648514268], [126.995121871, 37.648512685], [126.995130384, 37.648511511], [126.995138959, 37.648510672], [126.995148753, 37.648510098], [126.995158545, 37.648509904], [126.995168288, 37.648510088], [126.995177931, 37.648510679], [126.995187413, 37.648511737], [126.995196659, 37.648513365], [126.99520558, 37.648515702], [126.995214959, 37.64851924], [126.995223897, 37.648523623], [126.995232449, 37.648528672], [126.995239166, 37.648533184], [126.995245714, 37.648537958], [126.995252149, 37.648542914], [126.995285709, 37.648569748], [126.995300227, 37.648580929], [126.995307798, 37.648586532], [126.995315491, 37.648592004], [126.995323339, 37.648597303], [126.995347993, 37.648612717], [126.995356632, 37.648618324], [126.995365016, 37.648624092], [126.995373066, 37.648630046], [126.995379802, 37.648635492], [126.995386069, 37.648641182], [126.995391712, 37.648647198], [126.995396248, 37.648653069], [126.995400322, 37.648659201], [126.995412031, 37.648678916], [126.99542935, 37.648707521], [126.995437994, 37.648722544], [126.995442043, 37.648730146], [126.995455329, 37.648757537], [126.995472245, 37.648789526], [126.995476141, 37.648797584], [126.995480508, 37.648807842], [126.995486921, 37.648824137], [126.995490368, 37.648832171], [126.995494293, 37.648840028], [126.995498617, 37.648847248], [126.995503397, 37.648854321], [126.995513646, 37.648868458], [126.995524391, 37.648882662], [126.995530003, 37.648889681], [126.995535301, 37.648895979], [126.995540767, 37.648902196], [126.995552141, 37.648914396], [126.99556382, 37.648925969], [126.995569901, 37.648931589], [126.995576339, 37.648937169], [126.995584712, 37.648943783], [126.995594203, 37.648950772], [126.995604376, 37.64895791], [126.995625027, 37.648971714], [126.995643211, 37.648983351], [126.995658661, 37.64899299], [126.995663168, 37.64900272], [126.995667085, 37.649010534], [126.995668379, 37.649012847], [126.995670888, 37.649016706], [126.995673967, 37.649020531], [126.995682594, 37.649029676], [126.995720152, 37.649067584], [126.995739728, 37.649087342], [126.995746209, 37.649088178], [126.995753497, 37.64908938], [126.995762707, 37.64909119], [126.99577326, 37.649093671], [126.995784575, 37.649096894], [126.995795509, 37.649100704], [126.995806375, 37.649105287], [126.995816746, 37.649110287], [126.995825025, 37.649114595], [126.995832624, 37.649118802], [126.995839319, 37.649122782], [126.995847227, 37.649127781], [126.995854781, 37.649133056], [126.995860921, 37.649138043], [126.995866581, 37.649143395], [126.995872848, 37.649150434], [126.995878453, 37.649157881], [126.995882119, 37.64916342], [126.995885542, 37.649169079], [126.995898795, 37.649193527], [126.995903536, 37.649201351], [126.995918664, 37.649224482], [126.995923362, 37.649232269], [126.995927523, 37.649240202], [126.99593022, 37.649246446], [126.995932466, 37.649252798], [126.995934266, 37.649259237], [126.995935729, 37.649266238], [126.995938941, 37.649287471], [126.995942976, 37.649309835], [126.995945405, 37.649325243], [126.995946829, 37.649332933], [126.99594867, 37.64934075], [126.995957136, 37.649370864], [126.995963877, 37.649397573], [126.995967442, 37.649410588], [126.995969485, 37.649417021], [126.995978932, 37.64944291], [126.995981001, 37.649449791], [126.995982766, 37.649456742], [126.995984258, 37.649463748], [126.995985497, 37.649470796], [126.995989428, 37.649499995], [126.995990948, 37.649508486], [126.995992759, 37.649516957], [126.995994814, 37.649525406], [126.995999546, 37.649542226], [126.99600221, 37.649550586], [126.996005095, 37.6495589], [126.996019063, 37.649595203], [126.996031557, 37.649632465], [126.996037632, 37.649648255], [126.996040976, 37.649656023], [126.996044591, 37.649663668], [126.996048558, 37.649671144], [126.996052985, 37.649678397], [126.996058018, 37.649685349], [126.996064135, 37.649692319], [126.99607091, 37.649698962], [126.996078166, 37.649705366], [126.996085763, 37.649711601], [126.996101582, 37.649723768], [126.99613394, 37.649747851], [126.996149722, 37.649760234], [126.996162704, 37.649771286], [126.996175175, 37.649782697], [126.996181219, 37.649788529], [126.996187119, 37.649794452], [126.996198362, 37.649806468], [126.996203791, 37.649812587], [126.996214305, 37.649825], [126.996225012, 37.649838372], [126.996245222, 37.649864187], [126.996262801, 37.649887174], [126.996277062, 37.649904406], [126.99628171, 37.649909746], [126.99628673, 37.649915089], [126.996292106, 37.649920388], [126.996297764, 37.649925645], [126.996303643, 37.649930859], [126.996314743, 37.649940192], [126.996325243, 37.649948255], [126.996331795, 37.649952786], [126.996352004, 37.649966023], [126.996380581, 37.64998615], [126.996387714, 37.649990775], [126.996395033, 37.6499952], [126.996402532, 37.649999399], [126.996410217, 37.650003339], [126.996419624, 37.650007693], [126.996438562, 37.650015943], [126.996447731, 37.650020248], [126.996456067, 37.650024703], [126.996463872, 37.650029551], [126.996471005, 37.65003484], [126.996476993, 37.650040184], [126.996488279, 37.650051277], [126.996493972, 37.650056316], [126.996500165, 37.650060973], [126.996506703, 37.650064988], [126.996513704, 37.650068662], [126.996521025, 37.650072154], [126.996556931, 37.650088362], [126.996565996, 37.650092615], [126.996604345, 37.650111553], [126.996621851, 37.650119427], [126.996648618, 37.650130575], [126.996666559, 37.650137827], [126.996676942, 37.650141804], [126.996688686, 37.650145878], [126.996701304, 37.650149784], [126.996714308, 37.650153257], [126.996727207, 37.650156047], [126.9967395, 37.650157943], [126.99674975, 37.650158828], [126.996758574, 37.650159084], [126.996765488, 37.650158926], [126.996770015, 37.650158563], [126.996771681, 37.650158168], [126.996846051, 37.650160222], [126.996857176, 37.650160204], [126.996861226, 37.650159884], [126.996942695, 37.650141812], [126.996951595, 37.650139973], [126.996971041, 37.65013625], [126.996973015, 37.65013565], [126.996978216, 37.650133528], [126.996994076, 37.650126396], [126.997012971, 37.650117275], [126.997036759, 37.650105429], [126.997048494, 37.650099784], [126.997058208, 37.650095386], [126.997067106, 37.650091616], [126.997075348, 37.650088337], [126.997100691, 37.650078677], [126.997117362, 37.650072055], [126.997125777, 37.650068879], [126.997135201, 37.650065657], [126.99714479, 37.650062705], [126.997154515, 37.650059997], [126.997164358, 37.650057525], [126.997172417, 37.650055678], [126.997239839, 37.650041019], [126.997248952, 37.650038927], [126.997257942, 37.650036652], [126.997266754, 37.650034095], [126.997275314, 37.65003114], [126.997284561, 37.650027237], [126.997293465, 37.65002281], [126.997302082, 37.650017968], [126.997310436, 37.650012793], [126.99731852, 37.650007326], [126.997326296, 37.650001587], [126.997333691, 37.64999556], [126.997340593, 37.649989206], [126.997346977, 37.649982368], [126.997352761, 37.649975212], [126.997357976, 37.649967817], [126.997362586, 37.649960234], [126.997366475, 37.649952499], [126.997369447, 37.64994463], [126.997371011, 37.649937937], [126.997371158, 37.64993065], [126.997369611, 37.649922831], [126.997365473, 37.649913146], [126.99736121, 37.649906341], [126.997356068, 37.649899814], [126.997350242, 37.649893734], [126.997342314, 37.649886903], [126.997334391, 37.649881091], [126.997327436, 37.649876552], [126.997321761, 37.649873179], [126.997316751, 37.649870501], [126.997227454, 37.649837937], [126.997226377, 37.64983693], [126.99722497, 37.649833867], [126.997223563, 37.649829005], [126.997222385, 37.649821529], [126.997221834, 37.649812445], [126.997221907, 37.64980221], [126.997222529, 37.649791286], [126.997223596, 37.649780141], [126.997224995, 37.649769243], [126.997226614, 37.649759062], [126.997231863, 37.649733041], [126.997233792, 37.649723937], [126.997242669, 37.649682035], [126.997253973, 37.649631054], [126.997255693, 37.649622515], [126.99725714, 37.649613963], [126.997258266, 37.649605171], [126.997260146, 37.649587596], [126.997261331, 37.649578859], [126.997262995, 37.649570189], [126.99726499, 37.649562697], [126.99726742, 37.649555264], [126.99727018, 37.649547876], [126.997273186, 37.649540522], [126.997279448, 37.649526361], [126.997286016, 37.649512812], [126.997289559, 37.649506137], [126.997293328, 37.649499562], [126.997310891, 37.649472014], [126.997314716, 37.649465132], [126.997317885, 37.649458162], [126.997320111, 37.649451288], [126.997321414, 37.649444334], [126.997321702, 37.64943735], [126.997320764, 37.649429738], [126.997318666, 37.649422202], [126.997315566, 37.649414803], [126.997311953, 37.649408177], [126.997307818, 37.649401708], [126.997303378, 37.649395387], [126.997294522, 37.649383341], [126.997290613, 37.649377553], [126.997287438, 37.649371783], [126.99728538, 37.649365977], [126.997284775, 37.649360046], [126.997285623, 37.649354145], [126.997287869, 37.649348395], [126.997291493, 37.649342863], [126.997296216, 37.649337553], [126.997301771, 37.649332412], [126.99730794, 37.649327393], [126.997315644, 37.649321671], [126.997340322, 37.649304576], [126.997354279, 37.64929453], [126.997361062, 37.64928935], [126.997367655, 37.649284045], [126.997385586, 37.649268592], [126.997391654, 37.649263573], [126.99739778, 37.649258872], [126.997404132, 37.649254396], [126.99741072, 37.649250174], [126.99741756, 37.649246248], [126.997425236, 37.649242363], [126.997450685, 37.64923082], [126.997460186, 37.649226359], [126.997469534, 37.649221728], [126.997491405, 37.649210311], [126.997498841, 37.649206754], [126.997506825, 37.649203331], [126.997532945, 37.649192954], [126.997542547, 37.649188719], [126.997551821, 37.649184063], [126.997559755, 37.64917943], [126.997567377, 37.649174427], [126.997574747, 37.649169138], [126.997581574, 37.649163894], [126.997588225, 37.649158483], [126.997594707, 37.649152924], [126.997605328, 37.649143097], [126.997610379, 37.649138011], [126.997615952, 37.649132002], [126.997632862, 37.649112943], [126.997645402, 37.649099515], [126.997662633, 37.64908178], [126.997673793, 37.649070037], [126.997679558, 37.649064293], [126.997686693, 37.64905778], [126.997694174, 37.649051479], [126.997701911, 37.649045335], [126.997709837, 37.649039305], [126.997726039, 37.649027459], [126.997758804, 37.649004006], [126.997773533, 37.648993054], [126.997780058, 37.648987949], [126.997786394, 37.648982732], [126.997792482, 37.648977362], [126.997798245, 37.648971793], [126.997804591, 37.648964891], [126.997810556, 37.648957743], [126.997833757, 37.648928353], [126.997868587, 37.648885604], [126.997873675, 37.648879512], [126.997878944, 37.64887358], [126.997884914, 37.648867484], [126.997891271, 37.648861719], [126.997898077, 37.648856361], [126.997905535, 37.648851335], [126.997928489, 37.648837592], [126.997954334, 37.64882173], [126.997959742, 37.648817953], [126.997966536, 37.648812336], [126.997972843, 37.648806255], [126.997978842, 37.648799854], [126.997995963, 37.648780352], [126.998012444, 37.648762062], [126.99801755, 37.648755779], [126.998021736, 37.648750014], [126.998025645, 37.648744118], [126.998036932, 37.648725854], [126.998040275, 37.648720833], [126.998052368, 37.648703834], [126.998071277, 37.648678475], [126.998076022, 37.648671687], [126.998080374, 37.648664762], [126.998083846, 37.648658356], [126.998086912, 37.648651819], [126.998089616, 37.648645173], [126.99809198, 37.648638443], [126.998094122, 37.648631242], [126.998095874, 37.64862398], [126.998097202, 37.648616672], [126.998098041, 37.648609322], [126.998098338, 37.648602225], [126.998098223, 37.648595113], [126.998097799, 37.648588002], [126.998095517, 37.648564571], [126.998095214, 37.64855645], [126.998095552, 37.648549175], [126.998096431, 37.648541935], [126.998097773, 37.648534751], [126.998099527, 37.64852764], [126.998101409, 37.648521459], [126.998103671, 37.64851539], [126.998106411, 37.648509466], [126.998110864, 37.64850187], [126.998115968, 37.648494448], [126.998130713, 37.648474147], [126.998139264, 37.648461518], [126.998146995, 37.648449264], [126.9981555, 37.648435177], [126.998160423, 37.648427336], [126.998164085, 37.648421961], [126.998167965, 37.648416682], [126.998172076, 37.648411514], [126.998177819, 37.648404908], [126.998183861, 37.648398459], [126.998205192, 37.648376633], [126.99821069, 37.648370557], [126.998215892, 37.648364355], [126.99822069, 37.64835799], [126.998225587, 37.648350426], [126.998229814, 37.648342632], [126.998233361, 37.648334643], [126.998236205, 37.648326465], [126.998238454, 37.648318171], [126.998240208, 37.648309819], [126.998242914, 37.648293744], [126.998244682, 37.648285788], [126.998247191, 37.648277859], [126.998250326, 37.648270008], [126.998253909, 37.648262204], [126.998259919, 37.648250349], [126.99828096, 37.6482116], [126.998288931, 37.648196036], [126.998292641, 37.648188181], [126.998296073, 37.648180255], [126.998298919, 37.648172903], [126.998301485, 37.648165489], [126.998303796, 37.648158018], [126.998305854, 37.648150499], [126.998307645, 37.648142932], [126.998309281, 37.648134687], [126.998310684, 37.648126403], [126.998316727, 37.648086686], [126.99831949, 37.648071375], [126.998321192, 37.648063275], [126.998323137, 37.648055236], [126.998325412, 37.648047286], [126.998328134, 37.648039455], [126.998330983, 37.648032697], [126.998334242, 37.648026057], [126.998337875, 37.648019541], [126.99834188, 37.648013153], [126.998346739, 37.648006227], [126.998351927, 37.647999421], [126.998390436, 37.647951831], [126.998396512, 37.647944696], [126.998409149, 37.647930677], [126.998416438, 37.647923188], [126.998424515, 37.647915369], [126.99843332, 37.647907213], [126.998442494, 37.647899025], [126.998451672, 37.647891102], [126.99846049, 37.647883749], [126.998468579, 37.647877256], [126.998475235, 37.64787213], [126.998485177, 37.647864931], [126.998529645, 37.647810453], [126.998536305, 37.647802515], [126.998539116, 37.64779943], [126.998542705, 37.647795918], [126.998555227, 37.647784802], [126.998555626, 37.647783562], [126.998557298, 37.647780387], [126.998560124, 37.647775594], [126.998564018, 37.647769521], [126.998568893, 37.647762508], [126.998589054, 37.647736178], [126.998595987, 37.647726293], [126.998602099, 37.647716744], [126.998607214, 37.647708051], [126.998625023, 37.647675757], [126.998629762, 37.647667812], [126.998634811, 37.647660026], [126.998640303, 37.647652467], [126.998646011, 37.647645583], [126.998652178, 37.647638952], [126.99865875, 37.647632566], [126.998665715, 37.647626436], [126.998673248, 37.647620415], [126.998696829, 37.647603], [126.998704573, 37.647597069], [126.998712314, 37.64759073], [126.998719827, 37.647584202], [126.998727172, 37.647577531], [126.998741504, 37.647563905], [126.998781185, 37.647524593], [126.998792734, 37.647513955], [126.998805475, 37.647502954], [126.998820736, 37.647490196], [126.9988439, 37.647471229], [126.998952654, 37.647383103], [126.998975752, 37.647333911], [126.998982216, 37.647319558], [126.998988324, 37.647304171], [126.999007884, 37.647252662], [126.999011055, 37.647248812], [126.999018944, 37.64723845], [126.999029627, 37.647223618], [126.999035556, 37.647214949], [126.9990473, 37.647196892], [126.99906238, 37.647172313], [126.99906684, 37.64716534], [126.999072175, 37.647157631], [126.999092693, 37.647130054], [126.999097122, 37.647123772], [126.99910131, 37.647117404], [126.999106015, 37.647109518], [126.999119089, 37.647086214], [126.999123574, 37.647078991], [126.999128462, 37.647071958], [126.99913418, 37.647064767], [126.999140306, 37.647057759], [126.999153011, 37.647043902], [126.999159238, 37.647036867], [126.999164999, 37.647029906], [126.999170543, 37.647022812], [126.999191662, 37.646994384], [126.999197072, 37.646987385], [126.999202699, 37.646980504], [126.999208074, 37.646974368], [126.999213647, 37.646968339], [126.999225176, 37.646956476], [126.99924297, 37.646938949], [126.99928185, 37.646903034], [126.999326822, 37.646860227], [126.999357183, 37.646834664], [126.999369638, 37.646823962], [126.999379759, 37.646814745], [126.999383712, 37.646810878], [126.999391233, 37.646803025], [126.999398125, 37.646795054], [126.999401649, 37.646790378], [126.999403294, 37.646787806], [126.999405778, 37.646783067], [126.999407201, 37.64677953], [126.999409737, 37.646771176], [126.99941185, 37.646761748], [126.999412598, 37.646757111], [126.999413087, 37.646752488], [126.999413237, 37.646747891], [126.99941294, 37.646743344], [126.999412031, 37.646738544], [126.999410565, 37.646733846], [126.999408609, 37.646729278], [126.999403936, 37.646720595], [126.999401471, 37.646715542], [126.999399266, 37.646710316], [126.999397292, 37.646704959], [126.999395538, 37.646699499], [126.99939401, 37.646693958], [126.99939372, 37.646692679], [126.999508157, 37.646328184], [126.999509792, 37.646314082], [126.999511036, 37.646308273], [126.999512895, 37.646299589], [126.999514701, 37.646290195], [126.999521434, 37.646246469], [126.999523746, 37.646233727], [126.999525813, 37.64622629], [126.999532258, 37.646209656], [126.999533022, 37.646207143], [126.999533622, 37.646204261], [126.999533999, 37.646201155], [126.999534216, 37.646194698], [126.999533999, 37.646188791], [126.999533539, 37.646183027], [126.999536449, 37.646178641], [126.999539578, 37.646173505], [126.999547809, 37.646158926], [126.999552353, 37.646150085], [126.999556806, 37.646140612], [126.999560738, 37.646131271], [126.999564298, 37.64612194], [126.999567489, 37.646112939], [126.999580826, 37.646072965], [126.999585379, 37.646057295], [126.999590845, 37.646035156], [126.999593143, 37.64602791], [126.999596475, 37.646019677], [126.999600357, 37.64601155], [126.999613061, 37.645987278], [126.999616991, 37.645979057], [126.999620134, 37.645971626], [126.999631497, 37.645941545], [126.999637745, 37.645926778], [126.999641194, 37.645919498], [126.999644929, 37.645912319], [126.999649441, 37.645904501], [126.99966395, 37.645881461], [126.999668602, 37.645873761], [126.999672903, 37.645865976], [126.999676169, 37.645859331], [126.999685386, 37.645839327], [126.999688812, 37.64583281], [126.999693424, 37.645825234], [126.999698455, 37.64581783], [126.999708907, 37.645803295], [126.999713904, 37.645796064], [126.999718441, 37.645788795], [126.999722255, 37.645781439], [126.999725027, 37.645773939], [126.999726429, 37.645767193], [126.999728451, 37.64574633], [126.999729947, 37.645738257], [126.999732181, 37.645730195], [126.999735141, 37.64572221], [126.999738864, 37.645714384], [126.999743496, 37.645706645], [126.999748863, 37.645699161], [126.999754861, 37.645691953], [126.999761458, 37.645685068], [126.999768676, 37.645678585], [126.99977479, 37.645673844], [126.999781274, 37.645669404], [126.999788093, 37.645665261], [126.999795227, 37.645661434], [126.999803526, 37.645657552], [126.999812124, 37.645654006], [126.999820944, 37.645650719], [126.999829932, 37.645647634], [126.999839044, 37.645644713], [126.999867669, 37.645636161], [126.999886974, 37.645630085], [126.999906289, 37.645623328], [126.999915816, 37.645619738], [126.999925232, 37.645615992], [126.999933543, 37.645612492], [126.999941733, 37.645608842], [126.999949782, 37.645605027], [126.999957657, 37.645601025], [126.999965693, 37.645596599], [126.999973496, 37.645591954], [126.999981047, 37.645587099], [126.999988312, 37.645582034], [126.999995233, 37.645576736], [127.000002634, 37.645570368], [127.000009453, 37.64556369], [127.000015615, 37.645556723], [127.000020986, 37.645549452], [127.000025355, 37.645541835], [127.000028107, 37.645535197], [127.000030228, 37.645528342], [127.000031945, 37.645521334], [127.00003663, 37.64549977], [127.000038495, 37.645492496], [127.000040598, 37.645485245], [127.00004298, 37.645478044], [127.000045699, 37.645470915], [127.000048885, 37.645463691], [127.000052398, 37.645456548], [127.000056146, 37.645449461], [127.000064071, 37.645435382], [127.000081262, 37.645405733], [127.000090334, 37.645390785], [127.000100171, 37.645375849], [127.000105372, 37.645368533], [127.000110804, 37.64536135], [127.000116531, 37.645354339], [127.000122632, 37.645347551], [127.000129417, 37.645340784], [127.000136548, 37.645334225], [127.000158641, 37.645314922], [127.000165827, 37.645308354], [127.000172248, 37.645302116], [127.000178491, 37.645295757], [127.00019733, 37.645275831], [127.000210274, 37.645261662], [127.000216402, 37.645254459], [127.000222144, 37.645247122], [127.000239816, 37.64522155], [127.0002446, 37.645215506], [127.000249912, 37.645209819], [127.000256015, 37.645204498], [127.000262713, 37.645199551], [127.000269852, 37.645194872], [127.000284945, 37.645185934], [127.000302229, 37.645176255], [127.000311031, 37.645171498], [127.000319944, 37.645166844], [127.000328988, 37.645162344], [127.000338175, 37.645158061], [127.000347514, 37.645154001], [127.000356996, 37.645150192], [127.000366638, 37.645146678], [127.000376462, 37.645143528], [127.000385749, 37.645140992], [127.000395179, 37.645138763], [127.000404717, 37.645136772], [127.00041433, 37.645134963], [127.000433702, 37.645131737], [127.000475127, 37.64512541], [127.000485339, 37.645123603], [127.000495426, 37.645121565], [127.000505345, 37.645119204], [127.000515488, 37.64511635], [127.000535548, 37.645110243], [127.000545698, 37.645107475], [127.00055608, 37.645105163], [127.000566643, 37.645103237], [127.000577337, 37.645101574], [127.000619313, 37.645095912], [127.000629717, 37.645094405], [127.000649519, 37.645091194], [127.00072588, 37.645078001], [127.000756979, 37.645072192], [127.000777604, 37.645068094], [127.000797059, 37.645063983], [127.000806196, 37.645061913], [127.000815258, 37.645059716], [127.000824223, 37.645057346], [127.000833062, 37.645054757], [127.000841578, 37.645051976], [127.000866864, 37.645043291], [127.000875423, 37.645040712], [127.000884708, 37.645038353], [127.000894151, 37.645036353], [127.000903714, 37.645034641], [127.000913368, 37.645033172], [127.00092309, 37.645031918], [127.000932857, 37.645030866], [127.000942654, 37.645030019], [127.000952466, 37.645029402], [127.000962265, 37.645029042], [127.000972048, 37.645028934], [127.000981789, 37.645029078], [127.000991465, 37.645029494], [127.001001051, 37.645030224], [127.001010515, 37.645031323], [127.001039746, 37.645036123], [127.001049835, 37.645037231], [127.001060067, 37.64503791], [127.001070401, 37.645038242], [127.001080812, 37.645038287], [127.001091277, 37.645038087], [127.001101586, 37.645037674], [127.001122256, 37.645036344], [127.001142935, 37.645034453], [127.001183406, 37.64502995], [127.001193545, 37.645029047], [127.001204334, 37.645028346], [127.001215142, 37.645027908], [127.001225956, 37.645027722], [127.001236766, 37.645027807], [127.001246823, 37.645028149], [127.001256858, 37.645028733], [127.001266856, 37.645029556], [127.001276805, 37.645030635], [127.001286683, 37.645032007], [127.001296004, 37.645033619], [127.001305239, 37.645035511], [127.00131438, 37.645037659], [127.001323413, 37.645040061], [127.001332317, 37.645042735], [127.00134106, 37.645045715], [127.001349803, 37.64504911], [127.001358379, 37.645052802], [127.001366813, 37.645056732], [127.001375128, 37.645060852], [127.001391427, 37.645069566], [127.001400143, 37.645074557], [127.001408747, 37.645079678], [127.001425696, 37.645090189], [127.001458346, 37.645111125], [127.001466626, 37.645116043], [127.001475134, 37.645120667], [127.001483446, 37.645124699], [127.001491965, 37.645128471], [127.001526862, 37.645142618], [127.001568438, 37.645160246], [127.001577677, 37.645163828], [127.001586996, 37.645167122], [127.001596414, 37.64517003], [127.00160596, 37.645172428], [127.001615285, 37.645174185], [127.001643336, 37.645178192], [127.00165243, 37.645179868], [127.001661241, 37.645182118], [127.001669488, 37.645185041], [127.001677492, 37.645188537], [127.001685376, 37.645192404], [127.001701244, 37.64520052], [127.001709491, 37.645204498], [127.00172644, 37.645212174], [127.00177602, 37.645234066], [127.001784258, 37.645237428], [127.001791162, 37.64524], [127.00180103, 37.645243677], [127.001858236, 37.645263674], [127.001877084, 37.645269851], [127.001894643, 37.645275183], [127.001912353, 37.645280172], [127.001953428, 37.645290967], [127.001972954, 37.64529667], [127.001992219, 37.645302901], [127.002001737, 37.645306231], [127.002011157, 37.645309732], [127.002020216, 37.645313318], [127.002029192, 37.64531704], [127.002065096, 37.645332448], [127.002083586, 37.645339937], [127.002092945, 37.645343417], [127.00210242, 37.64534662], [127.002112607, 37.645349635], [127.002122934, 37.645352242], [127.002133381, 37.645354419], [127.002143937, 37.645356105], [127.002154527, 37.645357255], [127.002165174, 37.645358024], [127.002197057, 37.645359677], [127.002207527, 37.645360485], [127.002226522, 37.645362457], [127.002236008, 37.645363142], [127.002245236, 37.645363279], [127.002254521, 37.645362927], [127.002263833, 37.645362161], [127.002273142, 37.64536102], [127.002282427, 37.645359528], [127.00229165, 37.645357679], [127.002300882, 37.645355452], [127.002310058, 37.645352956], [127.002346736, 37.645342241], [127.002364381, 37.645337755], [127.002382247, 37.645333823], [127.002406092, 37.645329156], [127.002423727, 37.645325704], [127.002433968, 37.645323379], [127.002444488, 37.645320637], [127.002454871, 37.645317584], [127.002465126, 37.645314259], [127.002475242, 37.645310678], [127.002485204, 37.64530684], [127.002493321, 37.645303472], [127.002517447, 37.645293108], [127.00252558, 37.645289861], [127.00253549, 37.645286302], [127.002545574, 37.645283143], [127.002555831, 37.645280434], [127.002566262, 37.645278264], [127.002576206, 37.645276786], [127.002576621, 37.645276742], [127.002586279, 37.645275745], [127.00259645, 37.645275015], [127.002606689, 37.645274499], [127.002638121, 37.64527352], [127.00266121, 37.645273077], [127.002670661, 37.645272896], [127.002691768, 37.645272877], [127.00271288, 37.64527312], [127.002767536, 37.645274265], [127.002788523, 37.645274338], [127.002799, 37.645274172], [127.002803036, 37.645274033], [127.002809463, 37.645273813], [127.002820513, 37.645273195], [127.002853615, 37.645270664], [127.002875715, 37.645269285], [127.002886676, 37.645268932], [127.002897654, 37.645268776], [127.002941359, 37.645268912], [127.002952087, 37.645268813], [127.00296277, 37.64526847], [127.00297339, 37.645267756], [127.002983438, 37.645266625], [127.002993407, 37.645265093], [127.003000317, 37.64526378], [127.003003299, 37.645263213], [127.003013098, 37.645261016], [127.003022785, 37.645258498], [127.00302757, 37.645257078], [127.003031945, 37.645255781], [127.003040985, 37.645252802], [127.003049907, 37.645249592], [127.003058699, 37.645246165], [127.003067347, 37.645242517], [127.003076471, 37.645238319], [127.00308537, 37.645233846], [127.003094011, 37.64522909], [127.003102339, 37.645224009], [127.00311022, 37.645218624], [127.003117771, 37.645212933], [127.003125031, 37.645206985], [127.003132009, 37.645200807], [127.003138812, 37.645194338], [127.003165019, 37.645167679], [127.00319407, 37.645139429], [127.003195978, 37.645137573], [127.003221914, 37.645110746], [127.003234708, 37.645098289], [127.00324702, 37.645086816], [127.003247849, 37.645086044], [127.003273454, 37.64506282], [127.003293035, 37.645045827], [127.003299913, 37.64504021], [127.003306967, 37.645034757], [127.003314264, 37.645029533], [127.003322447, 37.645024211], [127.003330906, 37.645019147], [127.003348362, 37.645009506], [127.003349049, 37.645009148], [127.003374146, 37.644996058], [127.003390168, 37.644987914], [127.003407628, 37.644979504], [127.003417085, 37.644975184], [127.003436222, 37.644966851], [127.003445899, 37.644962843], [127.003455659, 37.644958965], [127.003472771, 37.644952579], [127.003490057, 37.644946487], [127.003517291, 37.644937362], [127.003523554, 37.644935429], [127.003537113, 37.644931241], [127.003547121, 37.644928477], [127.003550377, 37.644927686], [127.00355723, 37.644926021], [127.003566417, 37.644924137], [127.003575688, 37.644922526], [127.003585018, 37.644921142], [127.003594388, 37.64491995], [127.003603779, 37.644918936], [127.003613657, 37.644918058], [127.003623527, 37.644917385], [127.003633366, 37.644916947], [127.003643161, 37.644916786], [127.00365289, 37.644916974], [127.003684274, 37.644919086], [127.003694649, 37.644919326], [127.003705098, 37.644918878], [127.003715531, 37.644917882], [127.00374665, 37.644913695], [127.003756909, 37.644912561], [127.003767073, 37.64491191], [127.003770586, 37.644911942], [127.00377711, 37.644912003], [127.003785103, 37.644912755], [127.003793062, 37.644913931], [127.003809167, 37.644916592], [127.003819234, 37.644917869], [127.003829513, 37.644918867], [127.003868283, 37.644921982], [127.003877756, 37.64492294], [127.003887201, 37.644924111], [127.003897721, 37.644925727], [127.00392858, 37.644930989], [127.003968164, 37.644937221], [127.003977992, 37.644938985], [127.003987739, 37.644940972], [127.003997323, 37.644943242], [127.004006798, 37.644945785], [127.004016171, 37.644948568], [127.004025433, 37.644951583], [127.004034564, 37.644954833], [127.004043488, 37.644958455], [127.00405314, 37.644962907], [127.004063173, 37.644968028], [127.004073251, 37.644973659], [127.004083039, 37.644979637], [127.004092126, 37.644985701], [127.004100407, 37.64499165], [127.004107666, 37.644997209], [127.004113692, 37.6450021], [127.004122456, 37.645009859], [127.004143935, 37.645019163], [127.004151824, 37.645022367], [127.004157909, 37.645024387], [127.004164096, 37.645025745], [127.004172549, 37.6450271], [127.004185323, 37.64502889], [127.004193853, 37.645029905], [127.00419813, 37.645030218], [127.004202589, 37.645030286], [127.004207061, 37.645030175], [127.004229464, 37.645028844], [127.004250053, 37.645040235], [127.004256917, 37.645043832], [127.004262728, 37.645046585], [127.00426862, 37.645048918], [127.004271646, 37.64504988], [127.004281019, 37.645052188], [127.004290612, 37.64505395], [127.004297061, 37.645054817], [127.004303542, 37.645055281], [127.004307017, 37.645055294], [127.004317479, 37.645054639], [127.004338437, 37.645052366], [127.00434539, 37.645051771], [127.004352283, 37.645051551], [127.004355694, 37.645051697], [127.004359066, 37.645052079], [127.004362411, 37.645052663], [127.004370173, 37.645054609], [127.004378843, 37.645057241], [127.004395201, 37.645062673], [127.004460498, 37.64510292], [127.00455706, 37.645125951], [127.004614996, 37.645114431], [127.004692242, 37.645076037], [127.004730864, 37.645029967], [127.004745343, 37.644957025], [127.004746567, 37.644939498], [127.004750167, 37.644887922], [127.004750164, 37.644838015], [127.004750158, 37.644745877], [127.004745326, 37.644680614], [127.004726009, 37.644607673], [127.004721178, 37.644561605], [127.004716347, 37.644515536]]}, "properties": {"vcursId": "121500V012", "name": "대동문코스", "distanceKm": "2.7", "durationH": "01", "durationM": "10", "difficulty": "하", "section": "백련공원지킴터~백련사~진달래능선~대동문"}}, {"type": "Feature", "geometry": {"type": "LineString", "coordinates": [[126.990552299, 37.654786617], [126.99055564, 37.654778283], [126.990558614, 37.654769639], [126.99056131, 37.654760316], [126.990563517, 37.654750621], [126.990564728, 37.654743475], [126.990565651, 37.654736408], [126.990566518, 37.654727909], [126.990568113, 37.654705607], [126.990569659, 37.654691222], [126.99057518, 37.654655699], [126.990576083, 37.654646923], [126.990576398, 37.654638242], [126.99057625, 37.654633812], [126.990575875, 37.654629431], [126.99057449, 37.654621065], [126.990572306, 37.654613047], [126.990569339, 37.654605519], [126.990566052, 37.654599508], [126.99056198, 37.654594193], [126.990556923, 37.6545898], [126.990551323, 37.654586798], [126.990543384, 37.654584401], [126.990534504, 37.65458297], [126.990525526, 37.654582149], [126.990516098, 37.654581707], [126.990506349, 37.654581604], [126.990497981, 37.654581757], [126.990489497, 37.654582077], [126.9904723, 37.654583021], [126.990410845, 37.65458705], [126.990390439, 37.654588493], [126.990343164, 37.654592299], [126.990332537, 37.65459289], [126.990322071, 37.654593041], [126.990311814, 37.65459251], [126.990302283, 37.654591158], [126.990293077, 37.654589001], [126.990284288, 37.65458607], [126.990276044, 37.654582341], [126.990268775, 37.654577995], [126.990262109, 37.654573015], [126.990256037, 37.654567532], [126.990250586, 37.654561643], [126.990245641, 37.654555308], [126.990236573, 37.654542552], [126.990231821, 37.654536614], [126.990226492, 37.654531323], [126.990221758, 37.654527834], [126.990216513, 37.654524983], [126.990210797, 37.654522848], [126.990203739, 37.654521346], [126.990196213, 37.654520649], [126.990188312, 37.654520531], [126.990180107, 37.654520799], [126.990161495, 37.654522097], [126.990142246, 37.654523994], [126.99012271, 37.6545263], [126.99010261, 37.654529061], [126.9900718, 37.654533643], [126.990051368, 37.654536339], [126.990041201, 37.654537388], [126.990031079, 37.654538117], [126.990021013, 37.654538406], [126.99001102, 37.654538103], [126.990002795, 37.654537309], [126.989994622, 37.654536089], [126.989986486, 37.65453454], [126.989978379, 37.654532738], [126.989969887, 37.654530649], [126.989944357, 37.654523926], [126.989915285, 37.654516592], [126.989898304, 37.654512049], [126.989881501, 37.654507217], [126.989873036, 37.654504628], [126.989864676, 37.654501914], [126.989856459, 37.654499024], [126.989848435, 37.654495898], [126.989840663, 37.654492461], [126.989831492, 37.654487717], [126.989822722, 37.654482513], [126.98981429, 37.654476965], [126.989796486, 37.654464386], [126.989774728, 37.654450198], [126.989767571, 37.654445343], [126.989759992, 37.654439783], [126.989745383, 37.654428127], [126.989725952, 37.65441187], [126.98972008, 37.654406563], [126.98971453, 37.654401057], [126.9897087, 37.654394469], [126.989703296, 37.654387613], [126.989694165, 37.654374717], [126.989680846, 37.654354136], [126.989675944, 37.654346835], [126.989670633, 37.654339776], [126.989664619, 37.654332992], [126.989657972, 37.654326597], [126.989650725, 37.654320616], [126.989643248, 37.654315302], [126.989635354, 37.654310308], [126.989627153, 37.65430555], [126.989618736, 37.654300961], [126.989601509, 37.654292101], [126.989584734, 37.654283924], [126.989576199, 37.654280039], [126.989567512, 37.654276377], [126.989558488, 37.654272939], [126.989549307, 37.654269737], [126.989540011, 37.654266705], [126.98948253, 37.65424932], [126.989462476, 37.654242792], [126.989452782, 37.654239397], [126.989443227, 37.654235816], [126.98943386, 37.654231991], [126.989425919, 37.654228446], [126.989394592, 37.654213224], [126.989386397, 37.654209457], [126.989378183, 37.654206047], [126.989369913, 37.654203157], [126.989361132, 37.654200882], [126.989352281, 37.654199593], [126.989346018, 37.654199378], [126.989339778, 37.654199678], [126.989333963, 37.654200334], [126.989325861, 37.654201664], [126.989317961, 37.654203342], [126.989306071, 37.654206139], [126.989300838, 37.654207027], [126.989297911, 37.654207353], [126.989289668, 37.654207629], [126.989284046, 37.654207284], [126.989276647, 37.654206261], [126.989269251, 37.654204652], [126.989261931, 37.654202493], [126.989254761, 37.65419979], [126.989246814, 37.654196034], [126.989239149, 37.654191686], [126.989231753, 37.654186856], [126.989224633, 37.654181617], [126.989218099, 37.654176285], [126.989211769, 37.654170708], [126.98920559, 37.654164954], [126.989169607, 37.654129353], [126.989138014, 37.654099468], [126.989126195, 37.654088847], [126.989119467, 37.654083231], [126.989112554, 37.65407777], [126.989105473, 37.654072456], [126.98909832, 37.654067353], [126.989091017, 37.6540624], [126.98908356, 37.654057612], [126.989075937, 37.654053011], [126.989049658, 37.654038422], [126.989042308, 37.654034151], [126.989012698, 37.65401593], [126.988996991, 37.65400591], [126.98899072, 37.654001662], [126.988984637, 37.653997298], [126.988978798, 37.653992783], [126.988973129, 37.653988013], [126.988962088, 37.653978312], [126.988956391, 37.653973601], [126.988949998, 37.653968818], [126.988943325, 37.653964225], [126.988891555, 37.653930557], [126.988884672, 37.653926479], [126.988877523, 37.653922792], [126.988869217, 37.653919333], [126.988860515, 37.65391647], [126.98885196, 37.653914245], [126.988843176, 37.653912429], [126.988834215, 37.653910977], [126.988825113, 37.653909864], [126.988815379, 37.653909089], [126.988804312, 37.653908792], [126.988792192, 37.653908993], [126.98877871, 37.653909722], [126.988765077, 37.653910868], [126.988751818, 37.653912294], [126.988739456, 37.653913869], [126.988728511, 37.653915467], [126.988713833, 37.653918031], [126.988710196, 37.653918839], [126.988708905, 37.653919255], [126.988691385, 37.653926798], [126.988687559, 37.653928106], [126.988684938, 37.653928671], [126.988680993, 37.653928837], [126.988668791, 37.653927963], [126.98866456, 37.653927896], [126.988657388, 37.653928174], [126.988638744, 37.653929277], [126.988617056, 37.653930581], [126.988604933, 37.653931073], [126.988591378, 37.65393131], [126.988577046, 37.653931064], [126.988564431, 37.653930301], [126.988552141, 37.653929047], [126.98854059, 37.653927385], [126.988529266, 37.653925217], [126.988519127, 37.653922842], [126.98845917, 37.653907429], [126.988418037, 37.653897356], [126.988407565, 37.653894483], [126.988397659, 37.653891379], [126.988378095, 37.653884787], [126.988368262, 37.653881693], [126.988358274, 37.653879017], [126.988348832, 37.653877071], [126.988339225, 37.653875584], [126.988329494, 37.653874477], [126.988319675, 37.653873696], [126.988310878, 37.653873245], [126.988302051, 37.653872981], [126.988284384, 37.653872887], [126.988274417, 37.65387305], [126.988264512, 37.653873405], [126.988254702, 37.653874018], [126.988244815, 37.653875021], [126.988235129, 37.653876583], [126.988226654, 37.653878589], [126.988218337, 37.653881063], [126.98819299, 37.65388996], [126.988186602, 37.653892035], [126.988179796, 37.653894057], [126.988167531, 37.653897213], [126.988154774, 37.653900003], [126.988142044, 37.653902425], [126.988129861, 37.653904483], [126.988109194, 37.653907492], [126.988101737, 37.653908421], [126.988095125, 37.653909023], [126.988049145, 37.653928042], [126.987948049, 37.653940046], [126.987929412, 37.65394253], [126.987918652, 37.653944555], [126.987911911, 37.653946205], [126.98789455, 37.653950842], [126.987885768, 37.653952804], [126.987876715, 37.653954381], [126.987868947, 37.653955379], [126.987863584, 37.653955856], [126.987820264, 37.653961364], [126.98781112, 37.653953478], [126.987809604, 37.653952323], [126.987804884, 37.653949965], [126.987797427, 37.653946754], [126.987785706, 37.653942391], [126.987777675, 37.65393976], [126.987741287, 37.653928993], [126.987691867, 37.653914776], [126.987682555, 37.653911792], [126.987673421, 37.653908555], [126.98766589, 37.653905594], [126.987635002, 37.653892603], [126.987627085, 37.653889123], [126.987619337, 37.65388547], [126.987611835, 37.653881551], [126.987604746, 37.65387738], [126.987582534, 37.653862998], [126.987574149, 37.653857347], [126.987565953, 37.653851409], [126.98755793, 37.653845247], [126.987526201, 37.653819895], [126.987518031, 37.653813724], [126.987509791, 37.653807859], [126.98750135, 37.653802183], [126.987492733, 37.65379669], [126.987483946, 37.653791392], [126.987474982, 37.653786322], [126.98746592, 37.653781582], [126.987456656, 37.653777159], [126.987447163, 37.653773121], [126.987437404, 37.653769572], [126.987428008, 37.653766778], [126.987418397, 37.653764413], [126.987408625, 37.653762387], [126.987398739, 37.653760634], [126.987388779, 37.653759112], [126.987378775, 37.653757798], [126.987368756, 37.653756687], [126.987358751, 37.653755789], [126.987349487, 37.653755163], [126.987340292, 37.653754762], [126.987331199, 37.653754612], [126.987312485, 37.653754815], [126.987304543, 37.653754658], [126.987293693, 37.653753597], [126.987286092, 37.653752083], [126.987278686, 37.653749958], [126.987275998, 37.653748942], [126.987271529, 37.653747254], [126.987264328, 37.653743811], [126.98725747, 37.653739831], [126.987250967, 37.653735383], [126.987244856, 37.653730506], [126.987239023, 37.653725079], [126.987233621, 37.653719297], [126.987228628, 37.653713221], [126.987224049, 37.653706888], [126.987219844, 37.653700273], [126.987215948, 37.653693503], [126.987205054, 37.653673255], [126.987201326, 37.653666839], [126.987197241, 37.653660597], [126.987192878, 37.653654845], [126.9871881, 37.653649293], [126.987182966, 37.653643926], [126.987176739, 37.653638003], [126.987170216, 37.653632245], [126.987163407, 37.653626551], [126.987156401, 37.653620983], [126.987149197, 37.653615561], [126.987141776, 37.653610313], [126.987134209, 37.653605309], [126.987110896, 37.653590789], [126.987060802, 37.653558948], [126.987044201, 37.653547989], [126.98703291, 37.653539906], [126.987027487, 37.653535697], [126.987022261, 37.65353135], [126.987017235, 37.653526858], [126.987007597, 37.653517398], [126.986988427, 37.653497582], [126.986981831, 37.653491119], [126.986974928, 37.653484793], [126.986967777, 37.653478681], [126.986960395, 37.653472805], [126.986952775, 37.653467207], [126.986944895, 37.653461953], [126.986936705, 37.653457141], [126.9869289, 37.653453161], [126.986913451, 37.653446019], [126.986905879, 37.653442765], [126.986898134, 37.653439806], [126.986890491, 37.653437351], [126.986882675, 37.653435188], [126.986875571, 37.653433427], [126.986868371, 37.65343187], [126.986861065, 37.653430586], [126.98685251, 37.653429513], [126.986843832, 37.653428811], [126.986833092, 37.653428336], [126.986822253, 37.653428138], [126.98678944, 37.653427983], [126.986750442, 37.653427146], [126.986730079, 37.653427031], [126.986719921, 37.653427183], [126.986709786, 37.653427545], [126.986699687, 37.653428192], [126.98668876, 37.653429281], [126.986677874, 37.6534307], [126.98665618, 37.653434188], [126.986591334, 37.653446211], [126.986580526, 37.653448025], [126.986569715, 37.653449649], [126.986558897, 37.653450997], [126.986550211, 37.653451812], [126.986541528, 37.653452337], [126.986532854, 37.65345251], [126.986524266, 37.653452282], [126.986515704, 37.653451702], [126.986507181, 37.653450819], [126.986498705, 37.653449668], [126.986483232, 37.653447004], [126.986469696, 37.653444303], [126.986460285, 37.653442063], [126.986431725, 37.653434641], [126.986386035, 37.653423976], [126.986376409, 37.653421801], [126.986345932, 37.653415741], [126.986337779, 37.653413899], [126.986321594, 37.653409744], [126.986284229, 37.653399262], [126.986270964, 37.653395729], [126.98625788, 37.653392507], [126.986245486, 37.653389821], [126.986235146, 37.653387982], [126.986226264, 37.653386832], [126.986219226, 37.653386359], [126.986214611, 37.653386417], [126.986212895, 37.65338687], [126.986083534, 37.653352393], [126.986067517, 37.653348717], [126.98606458, 37.653348152], [126.986052733, 37.653345872], [126.986048241, 37.65334407], [126.986041463, 37.65334163], [126.986028341, 37.653337516], [126.986019882, 37.653335139], [126.985976105, 37.653323431], [126.985966166, 37.653321087], [126.985958837, 37.653319711], [126.985921749, 37.653314182], [126.985910759, 37.653312148], [126.985903742, 37.653310408], [126.98589541, 37.653307972], [126.985870028, 37.653299799], [126.985868481, 37.653299497], [126.985844787, 37.653296435], [126.985832711, 37.653294626], [126.98581958, 37.653292402], [126.985806006, 37.653289744], [126.985792609, 37.653286627], [126.985780023, 37.653283017], [126.985768886, 37.653278879], [126.985759712, 37.653274209], [126.985751862, 37.653269086], [126.985744578, 37.653263502], [126.985737896, 37.653257556], [126.985731917, 37.653251313], [126.985726807, 37.653244806], [126.985722877, 37.653238316], [126.985719976, 37.653231744], [126.98571818, 37.653225235], [126.985717648, 37.65321853], [126.985718727, 37.653212292], [126.985721715, 37.653206783], [126.985726884, 37.65320219], [126.985733803, 37.653198378], [126.985741992, 37.653195139], [126.98575109, 37.653192316], [126.985760831, 37.653189792], [126.985771018, 37.653187476], [126.985792179, 37.653183229], [126.985824544, 37.653177218], [126.98584566, 37.653173116], [126.98585579, 37.653170946], [126.985865426, 37.653168641], [126.985874336, 37.653166141], [126.985882194, 37.653163365], [126.985888549, 37.653160205], [126.985892779, 37.653156515], [126.985894171, 37.653153254], [126.985893983, 37.653149759], [126.985892041, 37.653146101], [126.985887032, 37.653141622], [126.985879555, 37.653136981], [126.985870262, 37.653132295], [126.985859788, 37.653127674], [126.985848761, 37.653123231], [126.985829116, 37.653115932], [126.985808022, 37.653108527], [126.985804865, 37.653107368], [126.985804199, 37.653106968], [126.985794622, 37.653094377], [126.985788894, 37.653086366], [126.985784869, 37.653080383], [126.98577479, 37.653064492], [126.985757561, 37.653036577], [126.98575252, 37.653028769], [126.985747642, 37.653021694], [126.985742446, 37.653014784], [126.985737155, 37.653008369], [126.985724024, 37.65299333], [126.985718799, 37.652987018], [126.985713875, 37.652980562], [126.985710267, 37.652975353], [126.985706913, 37.652970037], [126.985702973, 37.652963045], [126.985699467, 37.6529559], [126.985696325, 37.65294846], [126.985693529, 37.652940916], [126.985686425, 37.652919911], [126.985683554, 37.652912394], [126.985680401, 37.652904945], [126.985676967, 37.652897577], [126.985673747, 37.652891265], [126.985670288, 37.652885041], [126.985666557, 37.652878924], [126.985662667, 37.652873139], [126.985658473, 37.65286749], [126.98565326, 37.652861165], [126.985647723, 37.652854992], [126.985641955, 37.652848925], [126.985630021, 37.65283697], [126.985606216, 37.65281381], [126.985593225, 37.652801535], [126.985586112, 37.652795132], [126.985578788, 37.652788972], [126.98557114, 37.652783168], [126.985564292, 37.652778586], [126.985557168, 37.652774349], [126.985549815, 37.65277046], [126.985528663, 37.652760506], [126.985521557, 37.652756829], [126.985515665, 37.652753427], [126.985510117, 37.652749768], [126.985505015, 37.652745787], [126.985500526, 37.652741525], [126.985496506, 37.652736957], [126.985492902, 37.652732149], [126.98548888, 37.652725917], [126.985481201, 37.652713242], [126.985476258, 37.652706246], [126.985470609, 37.652699679], [126.985464082, 37.652693709], [126.985456626, 37.652688556], [126.985449341, 37.652684845], [126.985441468, 37.65268173], [126.985433169, 37.652679047], [126.98542458, 37.652676659], [126.985392588, 37.652668706], [126.985385551, 37.652666743], [126.985361527, 37.652659241], [126.985354252, 37.65265737], [126.985347213, 37.652656019], [126.98532689, 37.652653118], [126.985318331, 37.652651286], [126.98531295, 37.652649664], [126.985307805, 37.652647683], [126.985300583, 37.652644106], [126.985287402, 37.652636292], [126.98528093, 37.652632724], [126.985273829, 37.652629537], [126.985269541, 37.652627974], [126.985265189, 37.652626655], [126.985258018, 37.652624963], [126.985246572, 37.652622516], [126.985241672, 37.652621345], [126.985236409, 37.652619776], [126.985231397, 37.652617782], [126.985224316, 37.652613659], [126.985218124, 37.652608445], [126.98521506, 37.652605154], [126.985212134, 37.652601649], [126.985192105, 37.652575884], [126.985172103, 37.652551544], [126.985166577, 37.652544283], [126.985162116, 37.652537735], [126.985158286, 37.652531069], [126.985155389, 37.652524755], [126.985150139, 37.652511703], [126.985147148, 37.652505205], [126.985143587, 37.65249905], [126.985139683, 37.652493931], [126.985135091, 37.652489305], [126.985129809, 37.652485268], [126.98512223, 37.652481122], [126.985113915, 37.652477775], [126.985100831, 37.652473522], [126.985092147, 37.652470404], [126.985083738, 37.652466617], [126.985075747, 37.652461968], [126.985068081, 37.652456689], [126.985047991, 37.652441689], [126.985019906, 37.652421625], [126.98501337, 37.652416583], [126.985007003, 37.652411389], [126.985000782, 37.652406073], [126.984976047, 37.652384144], [126.984965657, 37.652374472], [126.984955855, 37.65236493], [126.984950012, 37.652358757], [126.984944381, 37.652352447], [126.984934225, 37.652340494], [126.984916544, 37.652319171], [126.984911718, 37.652313707], [126.984894175, 37.652294672], [126.984885981, 37.652284598], [126.984877722, 37.652273175], [126.984873473, 37.652266849], [126.984865343, 37.65225402], [126.984857077, 37.652240018], [126.984853176, 37.652232956], [126.984849471, 37.652225843], [126.984846026, 37.652218678], [126.9848402, 37.65220533], [126.984835036, 37.65219425], [126.984828884, 37.652182762], [126.984825271, 37.652176857], [126.984821347, 37.652171106], [126.984817048, 37.652165551], [126.984811153, 37.652158973], [126.984804785, 37.652152648], [126.984787016, 37.652135938], [126.984780886, 37.652129527], [126.984775066, 37.652122899], [126.984769527, 37.652116089], [126.984763898, 37.652108662], [126.984758508, 37.65210111], [126.984750391, 37.652088938], [126.984746582, 37.652082762], [126.984730641, 37.652055241], [126.98472027, 37.652036692], [126.984713865, 37.652025738], [126.984706806, 37.65201446], [126.984689927, 37.651988967], [126.984685293, 37.651981473], [126.984680847, 37.651973911], [126.984667562, 37.65195035], [126.98466278, 37.651942595], [126.984658128, 37.651935913], [126.984653001, 37.651929556], [126.984647269, 37.65192363], [126.984640793, 37.651918196], [126.984633711, 37.651913257], [126.984626162, 37.651908771], [126.984619719, 37.651905395], [126.984606608, 37.651898878], [126.984597894, 37.651894221], [126.984572623, 37.651879682], [126.984563458, 37.651874964], [126.984558774, 37.651872959], [126.984553552, 37.651871261], [126.984548563, 37.651870488], [126.984542852, 37.651871139], [126.98453843, 37.651873153], [126.984534486, 37.651876284], [126.984531248, 37.651879931], [126.984528302, 37.651884133], [126.984525852, 37.651888273], [126.984523651, 37.651892685], [126.984521541, 37.651897845], [126.984515133, 37.651915464], [126.984512832, 37.651920822], [126.984510121, 37.651925907], [126.984506771, 37.651930599], [126.984501073, 37.65193607], [126.984494241, 37.651940762], [126.984489056, 37.651943634], [126.984473909, 37.651951368], [126.98446462, 37.651956685], [126.984454178, 37.651962959], [126.984448749, 37.65196599], [126.984442519, 37.65196897], [126.984437491, 37.651971015], [126.984428062, 37.651974489], [126.984423778, 37.651975862], [126.984420527, 37.651976633], [126.984417508, 37.651976995], [126.984414869, 37.651976869], [126.984412566, 37.651976205], [126.984410035, 37.651974285], [126.984408404, 37.651971348], [126.984407548, 37.651967601], [126.984407314, 37.651963228], [126.984407606, 37.651957828], [126.984408941, 37.651945838], [126.984409585, 37.65193811], [126.984409712, 37.651930226], [126.984409013, 37.65192234], [126.984407685, 37.651916249], [126.984405623, 37.651910307], [126.984402796, 37.651904585], [126.984398464, 37.651898191], [126.984393258, 37.651892143], [126.984387404, 37.651886394], [126.984371617, 37.651872636], [126.984365436, 37.651866659], [126.984359669, 37.651860355], [126.984354107, 37.651853447], [126.984337998, 37.651831617], [126.984332148, 37.651824198], [126.98432602, 37.651816942], [126.984319993, 37.651810347], [126.984313727, 37.651803958], [126.984297966, 37.651789191], [126.984292283, 37.651783476], [126.984286914, 37.651777532], [126.984282125, 37.65177172], [126.984277658, 37.651765744], [126.984273566, 37.651759606], [126.984270131, 37.651753773], [126.984260529, 37.65173529], [126.984256843, 37.651728794], [126.98425341, 37.651723627], [126.984249591, 37.651718597], [126.984245668, 37.65171397], [126.984241496, 37.651709435], [126.984235241, 37.651703093], [126.98422873, 37.651696827], [126.984192854, 37.651663582], [126.984179478, 37.651650611], [126.984167619, 37.651638298], [126.984157897, 37.651627399], [126.984150173, 37.65161803], [126.984146976, 37.651613756], [126.984142901, 37.651607635], [126.984132298, 37.651589316], [126.984129118, 37.651584487], [126.984125732, 37.651579844], [126.984121751, 37.651574869], [126.984117537, 37.651570248], [126.984113528, 37.651566554], [126.984109148, 37.651563363], [126.984102591, 37.651560003], [126.984094763, 37.651557147], [126.984086094, 37.651554223], [126.984080503, 37.651551969], [126.984074998, 37.651549308], [126.984070063, 37.651546469], [126.984065306, 37.651543287], [126.984059636, 37.651538875], [126.984054264, 37.651534048], [126.98404939, 37.651529089], [126.984044785, 37.651523851], [126.98403839, 37.651515531], [126.984033602, 37.651508147], [126.984028747, 37.651499667], [126.984025172, 37.651492903], [126.984021695, 37.651485878], [126.984017707, 37.65147715], [126.984014123, 37.651468474], [126.984010436, 37.651458262], [126.984007601, 37.651449007], [126.984006127, 37.651443358], [126.984003704, 37.651431774], [126.983985172, 37.651404869], [126.983984332, 37.651404601], [126.983982257, 37.651403484], [126.983974604, 37.651398663], [126.983963348, 37.651390825], [126.983933671, 37.651369299], [126.983923861, 37.651362788], [126.98391876, 37.65135977], [126.983908667, 37.651354585], [126.983897923, 37.651349715], [126.983873349, 37.651339665], [126.983868706, 37.651337893], [126.983863971, 37.651336345], [126.983858615, 37.651335007], [126.983853115, 37.651334049], [126.983847508, 37.651333466], [126.983841138, 37.651333239], [126.983814106, 37.651333863], [126.983788161, 37.651334761], [126.983781673, 37.651334823], [126.983775199, 37.651334708], [126.983769168, 37.651334385], [126.983763163, 37.651333863], [126.983757193, 37.651333153], [126.983751268, 37.651332252], [126.983745391, 37.65133114], [126.983740052, 37.651329895], [126.983726832, 37.651326173], [126.983700384, 37.651317637], [126.98369388, 37.651315686], [126.983688489, 37.651314356], [126.983673486, 37.651312968], [126.98365935, 37.651311427], [126.983652635, 37.651310397], [126.98364936, 37.651309739], [126.983646168, 37.651308936], [126.983643088, 37.651307936], [126.98364034, 37.651306791], [126.983635097, 37.651304053], [126.983619827, 37.651294757], [126.983611006, 37.651290196], [126.983604387, 37.651287164], [126.983595756, 37.651283211], [126.983546396, 37.651261561], [126.983545713, 37.651261115], [126.983543665, 37.651260274], [126.983540427, 37.651259157], [126.98353617, 37.651257902], [126.983531061, 37.651256655], [126.983525732, 37.651255622], [126.983513973, 37.651253934], [126.983461065, 37.65124797], [126.983450009, 37.651246854], [126.983444469, 37.651246422], [126.983433192, 37.651245897], [126.983415428, 37.651245759], [126.983409431, 37.651245632], [126.983403642, 37.6512453], [126.983397965, 37.65124472], [126.98339245, 37.651243844], [126.983387165, 37.651242593], [126.983382201, 37.651240857], [126.983377898, 37.651238693], [126.983373923, 37.651236085], [126.983370237, 37.651233121], [126.983367042, 37.651230099], [126.983364022, 37.65122689], [126.983358299, 37.651220121], [126.983337242, 37.651193721], [126.98333414, 37.651190167], [126.983330516, 37.651186459], [126.983326062, 37.651182474], [126.983321255, 37.651178578], [126.983297823, 37.651161017], [126.98328278, 37.651139116], [126.983281223, 37.65113823], [126.983277306, 37.651137274], [126.98324602, 37.651132086], [126.983233331, 37.651129642], [126.983211607, 37.651124949], [126.983191575, 37.651120083], [126.983181119, 37.651117128], [126.983172068, 37.651114103], [126.983163459, 37.651110694], [126.983157708, 37.651108054], [126.983152063, 37.65110524], [126.983109601, 37.651082828], [126.983093744, 37.651074301], [126.983078207, 37.651066334], [126.983070944, 37.651062466], [126.983063894, 37.651058405], [126.983057163, 37.65105405], [126.983051714, 37.651050009], [126.983046556, 37.65104571], [126.983041667, 37.651041186], [126.98303685, 37.651036298], [126.983014767, 37.651012215], [126.983001525, 37.650998347], [126.982988998, 37.650985873], [126.982971162, 37.650969214], [126.982965024, 37.650963776], [126.982956058, 37.650956179], [126.982949326, 37.650950811], [126.982922927, 37.650930763], [126.982916834, 37.650925811], [126.982911259, 37.65092094], [126.982892117, 37.650903243], [126.982887069, 37.650898755], [126.982881408, 37.650894014], [126.982875545, 37.65088942], [126.982869484, 37.650884984], [126.98286113, 37.65087935], [126.982851644, 37.650873499], [126.982819585, 37.650855403], [126.982780221, 37.650831486], [126.982767133, 37.650824118], [126.98275472, 37.650817759], [126.982746234, 37.650813695], [126.982740816, 37.65081124], [126.982732573, 37.650807813], [126.98272421, 37.650804716], [126.982715797, 37.650802009], [126.982707405, 37.650799782], [126.982698203, 37.65079802], [126.982689291, 37.650797188], [126.982681754, 37.650797404], [126.982675003, 37.650798604], [126.982668998, 37.650800888], [126.982667312, 37.650801846], [126.982661878, 37.650806458], [126.982657669, 37.650812355], [126.982654475, 37.650819199], [126.9826521, 37.650826888], [126.982650405, 37.650835074], [126.982649207, 37.650843588], [126.982648372, 37.650852305], [126.982647796, 37.650861124], [126.982646777, 37.650880831], [126.982646326, 37.650886197], [126.982645656, 37.65089149], [126.982644181, 37.650898645], [126.982641897, 37.650905568], [126.982639435, 37.650910803], [126.982636436, 37.650915863], [126.982634954, 37.65091806], [126.982629933, 37.650924657], [126.982623947, 37.650931385], [126.982618197, 37.650937156], [126.982615354, 37.650939831], [126.98260809, 37.650946144], [126.982600413, 37.650952226], [126.982592441, 37.650958105], [126.982584258, 37.650963781], [126.982575922, 37.650969226], [126.982569459, 37.650973184], [126.982562867, 37.650976867], [126.982556075, 37.650980154], [126.982547741, 37.650983368], [126.982539142, 37.650985877], [126.9825304, 37.650987681], [126.982521603, 37.650988691], [126.982517591, 37.650988705], [126.982510004, 37.650987877], [126.982502282, 37.650985889], [126.982495967, 37.650983334], [126.982489888, 37.650980008], [126.982483857, 37.650975777], [126.982478247, 37.650970991], [126.982471358, 37.650964004], [126.982465332, 37.650956883], [126.982458358, 37.650947439], [126.982454708, 37.650941977], [126.982451077, 37.650936075], [126.98243931, 37.650901131], [126.982443088, 37.650893238], [126.982446199, 37.650885045], [126.982448825, 37.650876638], [126.982451108, 37.650868078], [126.98245503, 37.650850679], [126.982458499, 37.650833089], [126.982473671, 37.65075107], [126.982479919, 37.650718384], [126.982505674, 37.650678794], [126.982533919, 37.65063607], [126.982564108, 37.650591314], [126.982588174, 37.650556447], [126.982592537, 37.650549791], [126.982596608, 37.650543036], [126.982600368, 37.650536016], [126.982603811, 37.650528882], [126.982610139, 37.650514411], [126.982616938, 37.65049784], [126.982622448, 37.65048343], [126.982626631, 37.650471213], [126.982628758, 37.650464133], [126.982634321, 37.650441687], [126.982636426, 37.650434824], [126.982641492, 37.650421173], [126.982652371, 37.650393491], [126.982655282, 37.650386522], [126.98265858, 37.650379448], [126.982662186, 37.650372453], [126.982666068, 37.650365541], [126.982670208, 37.650358717], [126.982687149, 37.650332836], [126.982691104, 37.650326141], [126.982694791, 37.650319354], [126.982698207, 37.650312482], [126.982710725, 37.650284413], [126.982714601, 37.650276734], [126.982726789, 37.650253798], [126.982730019, 37.650247084], [126.982733034, 37.650240302], [126.982738433, 37.650226575], [126.982740909, 37.650219308], [126.982743155, 37.650212008], [126.982750271, 37.650184944], [126.982752638, 37.65017745], [126.982760289, 37.650155073], [126.982762387, 37.650147545], [126.982764084, 37.650139092], [126.982765096, 37.650130564], [126.982765403, 37.650121988], [126.982765131, 37.650115298], [126.982764458, 37.650108603], [126.982763437, 37.650101914], [126.982762096, 37.650095238], [126.982760025, 37.650086972], [126.982757588, 37.650078739], [126.982754858, 37.650070542], [126.982751879, 37.650062385], [126.982748667, 37.650054278], [126.982745426, 37.650046681], [126.982738512, 37.650031637], [126.98273105, 37.650016512], [126.982726992, 37.650008948], [126.982722591, 37.650001551], [126.98271768, 37.649994394], [126.982711691, 37.649987033], [126.982705095, 37.649979949], [126.982698066, 37.649973064], [126.982690737, 37.649966318], [126.982660388, 37.649939862], [126.982652984, 37.649933201], [126.982645858, 37.649926445], [126.982639157, 37.649919543], [126.98263307, 37.649912431], [126.982627843, 37.649905022], [126.982623913, 37.649897659], [126.982621021, 37.649889997], [126.982619085, 37.649881721], [126.982618023, 37.649873242], [126.98261759, 37.649864619], [126.982617603, 37.649855894], [126.982617925, 37.649847099], [126.982619112, 37.649829385], [126.982622155, 37.649793773], [126.982623903, 37.649769784], [126.982624517, 37.64975745], [126.982625257, 37.649726498], [126.98262587, 37.64971105], [126.982627266, 37.649694146], [126.982629278, 37.649677285], [126.98263179, 37.64966048], [126.982633255, 37.649652109], [126.982634895, 37.649643769], [126.982636756, 37.649635469], [126.982638908, 37.649627224], [126.982641461, 37.649618834], [126.982649975, 37.649593829], [126.982652609, 37.649585454], [126.982654749, 37.649577695], [126.982656655, 37.649569891], [126.982659786, 37.649555248], [126.982660013, 37.649554187], [126.982664535, 37.649530511], [126.98266761, 37.649512063], [126.982670915, 37.649488699], [126.982674899, 37.649455222], [126.982670519, 37.649395304], [126.982669551, 37.649372614], [126.982669093, 37.649349668], [126.982669218, 37.649338276], [126.982669946, 37.649327036], [126.982670713, 37.649321519], [126.982671895, 37.64931611], [126.982673649, 37.649310847], [126.982676059, 37.649305845], [126.982679027, 37.649300986], [126.9826824, 37.649296231], [126.982686066, 37.649291552], [126.982689939, 37.649286925], [126.982698071, 37.649277772], [126.982727506, 37.649245921], [126.982735734, 37.649236436], [126.982740217, 37.649230768], [126.982744618, 37.649224814], [126.982753211, 37.649212342], [126.982760667, 37.64920086], [126.982767922, 37.649189196], [126.982769621, 37.649188103], [126.982772506, 37.649184309], [126.982775279, 37.649179366], [126.982778145, 37.649173015], [126.982780968, 37.649165518], [126.982783638, 37.64915715], [126.98278637, 37.649146945], [126.982788639, 37.649136398], [126.982790288, 37.649125929], [126.982791163, 37.649115955], [126.982791148, 37.649106507], [126.982788154, 37.64907221], [126.982787768, 37.649063623], [126.982787802, 37.649054992], [126.982788196, 37.649046359], [126.982788875, 37.64903773], [126.982790895, 37.649020504], [126.982793708, 37.64900338], [126.982795448, 37.648994885], [126.982797467, 37.648986455], [126.982803119, 37.648966045], [126.982804734, 37.648959216], [126.982806258, 37.648950577], [126.982807317, 37.648941863], [126.982808056, 37.648933098], [126.982810057, 37.64889783], [126.982810854, 37.64888903], [126.982812023, 37.648880267], [126.982813548, 37.648872175], [126.982815428, 37.648864118], [126.982817568, 37.648856085], [126.982839433, 37.648783697], [126.982852152, 37.648739526], [126.982853108, 37.648738031], [126.982866706, 37.648719742], [126.982880724, 37.648700501], [126.98289509, 37.648679805], [126.982901415, 37.648670025], [126.982906631, 37.648661216], [126.982910846, 37.648653069], [126.982914457, 37.648644774], [126.982917355, 37.648636262], [126.98291966, 37.648627606], [126.982921519, 37.648618846], [126.982923027, 37.648610012], [126.982924239, 37.648601125], [126.982925145, 37.648592693], [126.982927019, 37.648567279], [126.982930708, 37.64849934], [126.982932016, 37.648482393], [126.98293386, 37.648465496], [126.982936438, 37.648448969], [126.982939541, 37.648432489], [126.982949857, 37.648383134], [126.982954704, 37.648358299], [126.982956341, 37.648348444], [126.982959623, 37.648326191], [126.982962628, 37.648303761], [126.982966577, 37.648272203], [126.982967104, 37.648270897], [126.982967745, 37.648267159], [126.982968342, 37.648261359], [126.982968745, 37.648253245], [126.982968778, 37.64823298], [126.982968265, 37.648213653], [126.982967788, 37.648204095], [126.982967104, 37.648195002], [126.982966056, 37.648185642], [126.982960871, 37.648152646], [126.982958791, 37.648136266], [126.982958191, 37.64812811], [126.982958051, 37.648119986], [126.982958533, 37.648111907], [126.982959669, 37.648104388], [126.982961359, 37.648096914], [126.982963471, 37.648089483], [126.982965907, 37.648082094], [126.982968378, 37.648075343], [126.982971076, 37.64806865], [126.982974029, 37.648062038], [126.98297728, 37.648055534], [126.982981059, 37.648048817], [126.982985096, 37.648042226], [126.98299767, 37.648022831], [126.983001574, 37.648016361], [126.983004967, 37.648009872], [126.983006978, 37.64800514], [126.983009235, 37.64799808], [126.983010675, 37.647991272], [126.983012172, 37.647975684], [126.98301244, 37.647973433], [126.98301328, 37.647966394], [126.983015265, 37.647952832], [126.983016687, 37.647944754], [126.983018405, 37.647936668], [126.983020541, 37.647928625], [126.983022999, 37.647921233], [126.98302592, 37.647913943], [126.983029303, 37.647906782], [126.983033181, 37.647899782], [126.983037354, 37.647893287], [126.98304188, 37.64788692], [126.983056101, 37.647868427], [126.98306555, 37.647856651], [126.983070496, 37.647850895], [126.983089792, 37.64783013], [126.983095941, 37.647822988], [126.983107886, 37.647808457], [126.983114025, 37.647801265], [126.983120297, 37.647794437], [126.983126867, 37.647787784], [126.983133715, 37.647781316], [126.983140849, 37.647775059], [126.983148296, 37.647769057], [126.983156115, 37.647763376], [126.983164758, 37.647757823], [126.98317377, 37.647752603], [126.983183048, 37.647747622], [126.983192513, 37.647742813], [126.98320211, 37.647738124], [126.983221539, 37.647728966], [126.983280364, 37.647702012], [126.98330962, 37.647688378], [126.983328868, 37.647679017], [126.983338346, 37.64767418], [126.983347676, 37.647669185], [126.983356804, 37.647663974], [126.983365416, 37.647658671], [126.983373838, 37.647653163], [126.983390299, 37.647641733], [126.983406465, 37.64762998], [126.983446608, 37.647600294], [126.983462917, 37.647588726], [126.98347123, 37.647583138], [126.983479707, 37.647577759], [126.983488412, 37.647572672], [126.983496372, 37.64756847], [126.98350454, 37.647564565], [126.983512895, 37.647560957], [126.983521427, 37.647557672], [126.983530141, 37.647554753], [126.983539054, 37.64755227], [126.983548986, 37.647550121], [126.983559113, 37.647548428], [126.983569376, 37.64754705], [126.983579726, 37.647545868], [126.983610284, 37.647542592], [126.983619988, 37.64754136], [126.983629607, 37.647539943], [126.983639105, 37.647538268], [126.983648438, 37.647536251], [126.983657548, 37.647533782], [126.983667606, 37.647530312], [126.983677366, 37.647526258], [126.983686884, 37.647521756], [126.983696199, 37.647516902], [126.983705328, 37.647511757], [126.983714269, 37.647506352], [126.983722542, 37.64750103], [126.98376361, 37.647472962], [126.983780601, 37.647461735], [126.983797914, 37.647450977], [126.983806699, 37.647445807], [126.983824562, 37.647435789], [126.983842832, 37.647426267], [126.983851821, 37.647421916], [126.983860923, 37.647417733], [126.983870135, 37.647413727], [126.983879461, 37.647409927], [126.983888913, 37.647406382], [126.983898519, 37.647403162], [126.983908363, 37.647400322], [126.983918354, 37.647397865], [126.983928461, 37.647395775], [126.983938659, 37.647394069], [126.983948932, 37.647392801], [126.983959288, 37.64739203], [126.983969668, 37.647391734], [126.983980039, 37.647391896], [126.983990359, 37.647392543], [126.98400059, 37.647393742], [126.984011135, 37.647395645], [126.984021554, 37.647398099], [126.984031863, 37.647400979], [126.984042066, 37.647404199], [126.984052157, 37.647407715], [126.984062123, 37.647411507], [126.98407192, 37.647415559], [126.984081596, 37.647419828], [126.98409117, 37.647424269], [126.984110044, 37.647433564], [126.98412802, 37.647443075], [126.984153861, 37.647457245], [126.984162528, 37.647461825], [126.984171287, 37.647466216], [126.984179721, 37.64747014], [126.98418827, 37.647473786], [126.984196933, 37.647477103], [126.984205715, 37.647480016], [126.98421463, 37.64748242], [126.984223703, 37.647484173], [126.984234269, 37.647485238], [126.984245005, 37.647485463], [126.984255848, 37.647485025], [126.984266747, 37.647484036], [126.98427654, 37.64748274], [126.984286322, 37.647481125], [126.984296078, 37.647479239], [126.984305788, 37.647477104], [126.984315433, 37.64747472], [126.984325038, 37.647472072], [126.984334568, 37.647469213], [126.984344033, 37.647466192], [126.984362795, 37.64745977], [126.984372437, 37.647456265], [126.984391552, 37.647448963], [126.984401022, 37.647445175], [126.984419413, 37.647437477], [126.984446624, 37.647425433], [126.984503176, 37.647398955], [126.984512024, 37.647394524], [126.984520593, 37.647389847], [126.984528752, 37.647384795], [126.984536393, 37.647379267], [126.984543603, 37.647373336], [126.984550485, 37.647367102], [126.984557113, 37.647360641], [126.984563541, 37.647354004], [126.9845698, 37.64734723], [126.984581841, 37.647333352], [126.984587598, 37.647326256], [126.984593064, 37.647319163], [126.98459836, 37.647311986], [126.984608544, 37.647297454], [126.984613655, 37.647289785], [126.984618548, 37.64728204], [126.984623122, 37.647274186], [126.984627131, 37.647266529], [126.98463086, 37.647258774], [126.984646562, 37.647223585], [126.984661469, 37.647192262], [126.984665073, 37.64718412], [126.984667939, 37.647176817], [126.984670329, 37.647169495], [126.984672083, 37.647162145], [126.984673, 37.647154759], [126.984672903, 37.647147049], [126.984671935, 37.647139299], [126.984670343, 37.647131519], [126.984668334, 37.647123714], [126.984661445, 37.647100167], [126.984659357, 37.647092273], [126.984657628, 37.647084348], [126.98465644, 37.647076387], [126.984655949, 37.647068706], [126.984656024, 37.647060998], [126.984656572, 37.647053278], [126.984657526, 37.647045562], [126.984658848, 37.64703786], [126.984660714, 37.647029269], [126.984664529, 37.647014355], [126.984669291, 37.646995741], [126.984670937, 37.646987823], [126.984672095, 37.646979922], [126.984672551, 37.646972035], [126.984672139, 37.646964004], [126.984671066, 37.646955986], [126.984666781, 37.646932033], [126.984665939, 37.646924099], [126.984665914, 37.646916209], [126.984666821, 37.646909189], [126.984668533, 37.646902227], [126.984670934, 37.646895341], [126.984673947, 37.646888549], [126.984677537, 37.64688188], [126.984681946, 37.646874945], [126.984686816, 37.646868137], [126.984697344, 37.646854739], [126.984727936, 37.646817491], [126.984732699, 37.646812074], [126.984736699, 37.646807847], [126.984747613, 37.646796974], [126.984752359, 37.646791718], [126.984757572, 37.646785026], [126.984763074, 37.64677673], [126.984770782, 37.646763784], [126.984778746, 37.646748961], [126.984801137, 37.646703078], [126.98480827, 37.646689268], [126.984812263, 37.646682051], [126.98482065, 37.646667781], [126.984841496, 37.646634335], [126.984845139, 37.646627796], [126.984848389, 37.646621151], [126.984851644, 37.646613014], [126.984854355, 37.646604717], [126.984856709, 37.646596307], [126.984871703, 37.646537317], [126.984877433, 37.646513397], [126.984882742, 37.646487575], [126.984885595, 37.646471707], [126.984886692, 37.646464448], [126.984887524, 37.64645719], [126.98488797, 37.64644993], [126.984887883, 37.646441582], [126.98488724, 37.646433234], [126.98488614, 37.646424895], [126.984884644, 37.646416576], [126.984882687, 37.646407905], [126.984880352, 37.646399291], [126.984877627, 37.646390757], [126.984874456, 37.646382338], [126.984871434, 37.646375464], [126.984868062, 37.64636871], [126.984864347, 37.646362091], [126.98486027, 37.646355637], [126.984855783, 37.646349384], [126.984850934, 37.646343474], [126.984845676, 37.646337802], [126.984840041, 37.646332377], [126.984834035, 37.646327223], [126.984827512, 37.646322267], [126.984820638, 37.646317624], [126.984813441, 37.6463133], [126.984805932, 37.64630932], [126.984796497, 37.646304983], [126.984777004, 37.646296913], [126.984758767, 37.646288931], [126.984740713, 37.646280479], [126.984723825, 37.646272256], [126.984707071, 37.646263822], [126.984671652, 37.646245459], [126.984641376, 37.646230199], [126.984634614, 37.646226648], [126.984626601, 37.646222146], [126.984618871, 37.646217402], [126.984611498, 37.646212375], [126.984604582, 37.646206999], [126.984598124, 37.646201145], [126.984592161, 37.646194941], [126.984586617, 37.646188457], [126.984581451, 37.646181746], [126.984576654, 37.646174838], [126.984572249, 37.646167746], [126.984568125, 37.646160228], [126.984564383, 37.646152567], [126.984560963, 37.646144801], [126.984557836, 37.646136958], [126.984555004, 37.646129058], [126.984552453, 37.646120962], [126.984550301, 37.646112829], [126.984548643, 37.646104658], [126.984547619, 37.646096449], [126.984547325, 37.646089386], [126.984547442, 37.646082292], [126.984548995, 37.646053707], [126.984549383, 37.646039331], [126.984549176, 37.646021642], [126.984548746, 37.646012806], [126.98454805, 37.646003988], [126.984547028, 37.645995194], [126.98454569, 37.645986775], [126.984542236, 37.645970006], [126.984538184, 37.645953293], [126.984529717, 37.645919914], [126.984525957, 37.645903195], [126.984524392, 37.645894814], [126.984523154, 37.645886409], [126.984522333, 37.645878167], [126.984521834, 37.645869902], [126.984521575, 37.645861619], [126.984521644, 37.645836703], [126.984522559, 37.645803353], [126.98452388, 37.645783217], [126.984524906, 37.645772326], [126.984526173, 37.645761449], [126.984527673, 37.645751005], [126.984529377, 37.645741412], [126.984531322, 37.64573255], [126.984533124, 37.645725624], [126.984535119, 37.645719531], [126.98451615, 37.645621101], [126.984510943, 37.645595923], [126.984505208, 37.645570843], [126.984500784, 37.64555424], [126.984498268, 37.645545999], [126.984495507, 37.64553784], [126.984483464, 37.645505427], [126.984480616, 37.645497309], [126.984478017, 37.645489155], [126.984475783, 37.645480948], [126.984474147, 37.645473379], [126.984472862, 37.645465762], [126.984471872, 37.645458109], [126.984471142, 37.645450431], [126.98447066, 37.645442736], [126.984470428, 37.645435031], [126.984470469, 37.64542732], [126.984470833, 37.645418984], [126.984473592, 37.645385659], [126.984475732, 37.645354094], [126.984476561, 37.645346321], [126.98447773, 37.645338638], [126.98447939, 37.64533108], [126.984481733, 37.645323688], [126.984485348, 37.645315621], [126.984489784, 37.645307741], [126.984494761, 37.645299973], [126.984513948, 37.645271996], [126.984518354, 37.645265132], [126.984522922, 37.645257447], [126.984527117, 37.645249652], [126.984530861, 37.645241742], [126.984534018, 37.645233595], [126.984536428, 37.645223788], [126.984537899, 37.64521286], [126.984538491, 37.645201372], [126.984538259, 37.645189888], [126.984537261, 37.645178966], [126.984535571, 37.645169158], [126.984533323, 37.645161002], [126.984531106, 37.64515554], [126.98452918, 37.645152099], [126.984528029, 37.645150997], [126.984523131, 37.645140151], [126.984519468, 37.645132826], [126.984515052, 37.645124573], [126.98450993, 37.645115591], [126.984504256, 37.645106243], [126.984498193, 37.64509689], [126.984492291, 37.64508842], [126.984486364, 37.645080544], [126.984480594, 37.645073543], [126.984475048, 37.645067514], [126.984468476, 37.645061004], [126.984461554, 37.645054747], [126.984454276, 37.645048768], [126.984427258, 37.645028838], [126.984419807, 37.645023092], [126.984412586, 37.645017195], [126.984405697, 37.64501109], [126.984399264, 37.645004709], [126.984393078, 37.644997619], [126.984387408, 37.644990228], [126.984382129, 37.644982616], [126.984377156, 37.644974842], [126.984372433, 37.64496695], [126.98436134, 37.644947707], [126.984357152, 37.644941035], [126.984348166, 37.644927906], [126.984338526, 37.644915031], [126.984316406, 37.644887477], [126.984304541, 37.644872277], [126.984293883, 37.644858096], [126.984283596, 37.644843765], [126.984273887, 37.644829224], [126.984269363, 37.644821838], [126.984264875, 37.644813886], [126.984260673, 37.644805847], [126.984256711, 37.644797748], [126.98424942, 37.644781467], [126.984246086, 37.644773327], [126.984238353, 37.644752767], [126.984235665, 37.644746701], [126.984231624, 37.644739455], [126.984226883, 37.644732407], [126.984221618, 37.644725509], [126.984215976, 37.644718715], [126.984197962, 37.644698573], [126.984191593, 37.644690971], [126.98418512, 37.644682294], [126.984178978, 37.644672855], [126.98417358, 37.644662972], [126.984169469, 37.644653658], [126.984166226, 37.644644661], [126.984163762, 37.64463639], [126.984161997, 37.644629248], [126.984160862, 37.644623636], [126.984160293, 37.644619955], [126.984160245, 37.644618596], [126.984154897, 37.64458852], [126.98414795, 37.64455413], [126.984144687, 37.644537609], [126.984142306, 37.644528261], [126.984139201, 37.644519318], [126.984137642, 37.644515878], [126.984135658, 37.644512633], [126.984134441, 37.644511144], [126.98413163, 37.64450834], [126.984126914, 37.64450437], [126.984118567, 37.644498013], [126.984107665, 37.644490371], [126.984104364, 37.644487753], [126.984098679, 37.644482549], [126.98409198, 37.644475873], [126.984064993, 37.644444833], [126.984057273, 37.644440984], [126.984045796, 37.644434984], [126.984031887, 37.644427316], [126.984017424, 37.644418884], [126.984004338, 37.644410682], [126.98399192, 37.644402031], [126.983964653, 37.644382396], [126.983954197, 37.64437543], [126.983938385, 37.644365347], [126.983927929, 37.644358294], [126.983917763, 37.644350743], [126.983912885, 37.64434681], [126.983908177, 37.64434275], [126.983903128, 37.644338034], [126.983893542, 37.644328232], [126.983884367, 37.644318233], [126.983875453, 37.644308156], [126.983863252, 37.644293435], [126.983849231, 37.644275359], [126.983833713, 37.644255814], [126.983824469, 37.6442429], [126.983819844, 37.644235871], [126.983815608, 37.644229018], [126.983811932, 37.644222623], [126.98380884, 37.644216753], [126.983806585, 37.644212084], [126.983804838, 37.644207855], [126.983766823, 37.644158487], [126.983765849, 37.644158286], [126.98376339, 37.644157205], [126.983758016, 37.644154448], [126.983711599, 37.644128285], [126.983691297, 37.64411713], [126.983673376, 37.644107712], [126.983664466, 37.644103294], [126.983655436, 37.64409904], [126.983646326, 37.644095], [126.983637099, 37.644091133], [126.983618379, 37.644083861], [126.98359928, 37.644077174], [126.983570658, 37.644067664], [126.983562521, 37.64406475], [126.983554668, 37.644061588], [126.983547228, 37.644058002], [126.983540406, 37.644053911], [126.98353408, 37.644049313], [126.983528228, 37.644044277], [126.983522861, 37.644038847], [126.983517927, 37.644032983], [126.983513424, 37.64402682], [126.983509278, 37.644020425], [126.983505435, 37.644013844], [126.98350198, 37.64400737], [126.983485183, 37.643973186], [126.983481392, 37.643966097], [126.983477355, 37.643959106], [126.983472442, 37.643951384], [126.983467163, 37.643943822], [126.983461546, 37.643936417], [126.983455589, 37.643929183], [126.98345015, 37.643923069], [126.983438651, 37.64391118], [126.983426531, 37.64389965], [126.983412997, 37.643887678], [126.983405588, 37.643881438], [126.983390482, 37.643869168], [126.983368571, 37.643852181], [126.983346266, 37.643835739], [126.983338722, 37.643830475], [126.983331048, 37.643825371], [126.983323195, 37.643820484], [126.983315099, 37.643815888], [126.98331581, 37.643812826], [126.983315502, 37.643811247], [126.983313267, 37.643809072], [126.983310286, 37.643806378], [126.983296444, 37.643794699], [126.983292545, 37.643791018], [126.98328904, 37.643787393], [126.983286046, 37.643784002], [126.983281053, 37.643777678], [126.983276376, 37.643771186], [126.983272113, 37.64376469], [126.983268206, 37.64375823], [126.983262614, 37.643748421], [126.983257277, 37.643738513], [126.983251839, 37.643727657], [126.98324496, 37.643713097], [126.983241774, 37.643705807], [126.983239017, 37.643698517], [126.983237931, 37.643694872], [126.983237154, 37.643691226], [126.98323681, 37.643687581], [126.983236991, 37.643684052], [126.983237601, 37.643680523], [126.983238533, 37.643676994], [126.983241137, 37.643669783], [126.983245026, 37.643661078], [126.983258064, 37.643634649], [126.983280057, 37.643568257], [126.983281851, 37.643565153], [126.983287645, 37.643556274], [126.98329733, 37.643542482], [126.983303189, 37.643534574], [126.983309539, 37.643526387], [126.983316253, 37.643518213], [126.983324275, 37.643509141], [126.983332213, 37.643500814], [126.983339652, 37.643493563], [126.983350994, 37.643483211], [126.983369587, 37.643466696], [126.983376551, 37.643460306], [126.983383186, 37.643453738], [126.983389493, 37.6434468], [126.983415723, 37.643415897], [126.983425358, 37.643403912], [126.98343557, 37.643390757], [126.983441279, 37.643383756], [126.983446168, 37.643378246], [126.983456561, 37.643367523], [126.983504964, 37.643320504], [126.983516647, 37.643308724], [126.983528055, 37.643296068], [126.983555514, 37.643263363], [126.983589789, 37.643223249], [126.983601112, 37.643209349], [126.983606833, 37.643201924], [126.983612952, 37.64319334], [126.983619244, 37.643183805], [126.983625519, 37.643173526], [126.983631441, 37.643163117], [126.983636813, 37.643153043], [126.983641438, 37.643143764], [126.983645054, 37.643135942], [126.983647681, 37.643129763], [126.983649215, 37.643125675], [126.983649581, 37.643124137], [126.983655594, 37.643120322], [126.983665958, 37.643112977], [126.983680515, 37.643102147], [126.983688273, 37.643096124], [126.983693734, 37.643091376], [126.983697078, 37.64308807], [126.983698497, 37.643086418], [126.983700031, 37.643084631], [126.983701273, 37.643082842], [126.983702287, 37.643080985], [126.983703029, 37.643079014], [126.983703532, 37.643076975], [126.983704035, 37.643072767], [126.983703983, 37.643066297], [126.983703482, 37.643061966], [126.983702545, 37.64305772], [126.983700627, 37.643051356], [126.983693297, 37.643030473], [126.983693151, 37.643028107], [126.983693245, 37.643024283], [126.983694133, 37.643006037], [126.983694335, 37.642998462], [126.983694319, 37.64298882], [126.983693636, 37.642955082], [126.983693264, 37.642917952], [126.983693187, 37.642909521], [126.983693429, 37.642901141], [126.98369424, 37.642892825], [126.983695828, 37.642884589], [126.983698134, 37.642876448], [126.983701081, 37.64286842], [126.983704653, 37.642860528], [126.983708435, 37.64285351], [126.983712645, 37.642846612], [126.983717204, 37.642839821], [126.983722056, 37.642833128], [126.983727171, 37.642826536], [126.98373741, 37.642814332], [126.983759023, 37.642789322], [126.983770306, 37.642775438], [126.983781205, 37.642761374], [126.983791637, 37.642747125], [126.983801009, 37.64273317], [126.983805199, 37.64272636], [126.983809144, 37.642719476], [126.983812797, 37.642712507], [126.983816091, 37.642705437], [126.983819123, 37.642697866], [126.983821809, 37.642690197], [126.983826629, 37.642674686], [126.983843529, 37.642618232], [126.983847293, 37.642604875], [126.983849154, 37.642597453], [126.983854317, 37.642575269], [126.983857471, 37.642560678], [126.983860023, 37.642545997], [126.983860981, 37.642538616], [126.983861716, 37.642531223], [126.983862205, 37.64252382], [126.98386241, 37.642511277], [126.983862215, 37.642505005], [126.983861707, 37.64249738], [126.983860928, 37.642489763], [126.983859904, 37.642482158], [126.983858476, 37.642473576], [126.983855036, 37.64245645], [126.983847715, 37.642424512], [126.983840234, 37.642393958], [126.983836912, 37.642378952], [126.983835578, 37.64237143], [126.983834459, 37.642362972], [126.983833733, 37.642354498], [126.983833394, 37.642346018], [126.983833467, 37.642337544], [126.983834014, 37.642329085], [126.983835129, 37.642320376], [126.983836687, 37.642311689], [126.983838566, 37.64230302], [126.983842911, 37.642285721], [126.98385482, 37.642242909], [126.983857288, 37.642234618], [126.983870171, 37.642194414], [126.983875548, 37.642179256], [126.983882211, 37.642162998], [126.983885869, 37.642154953], [126.983892708, 37.642141203], [126.983899986, 37.642127579], [126.983908612, 37.642112137], [126.983917593, 37.642096826], [126.983926898, 37.642082054], [126.983936596, 37.642067866], [126.983946923, 37.642053968], [126.983952493, 37.642046992], [126.983964031, 37.642033238], [126.983981555, 37.64201277], [126.983992781, 37.641998988], [126.983998061, 37.641991981], [126.984002995, 37.641984851], [126.984007462, 37.641977555], [126.98401101, 37.641970799], [126.984014178, 37.641963905], [126.984017072, 37.641956908], [126.984022381, 37.641942721], [126.984031401, 37.641917655], [126.98403791, 37.641901039], [126.984041269, 37.641893318], [126.984048604, 37.64187806], [126.98405258, 37.64187053], [126.984056784, 37.641863079], [126.984065611, 37.641848853], [126.984075037, 37.641834845], [126.984100287, 37.641798927], [126.984109934, 37.641784079], [126.984114476, 37.641776476], [126.984118775, 37.641768792], [126.984122794, 37.641761017], [126.984126592, 37.641752932], [126.984130105, 37.641744764], [126.984133382, 37.64173653], [126.984139332, 37.641719923], [126.984141997, 37.641711561], [126.984144419, 37.641703162], [126.984146539, 37.641694725], [126.984148273, 37.64168624], [126.984149587, 37.64167747], [126.984150529, 37.641668658], [126.984153406, 37.641627139], [126.984154285, 37.641619686], [126.984155548, 37.641612285], [126.984157618, 37.641603771], [126.984160224, 37.641595326], [126.98416323, 37.641586932], [126.984166523, 37.641578576], [126.984173656, 37.641561934], [126.984188536, 37.64152875], [126.984195472, 37.641512128], [126.98419857, 37.641503791], [126.984201279, 37.641495423], [126.984203443, 37.641487014], [126.984204867, 37.641478549], [126.984205389, 37.641470318], [126.984205226, 37.641462033], [126.984204574, 37.641453707], [126.984203588, 37.64144535], [126.984199836, 37.641420154], [126.984197721, 37.641403284], [126.984197111, 37.641394831], [126.984196935, 37.641385874], [126.984197144, 37.641376907], [126.984198253, 37.641358962], [126.984199653, 37.641342066], [126.984201265, 37.641326303], [126.984202328, 37.641318513], [126.984203682, 37.641310819], [126.984205447, 37.641303261], [126.984207775, 37.641295887], [126.984210859, 37.64128876], [126.984215392, 37.641281132], [126.984220876, 37.641273824], [126.984227088, 37.641266775], [126.984233867, 37.641259948], [126.984240964, 37.641253434], [126.984248378, 37.641247062], [126.98425601, 37.641240788], [126.984279607, 37.641222297], [126.984319605, 37.641191845], [126.984343721, 37.641173712], [126.984367969, 37.641156067], [126.984384188, 37.64114483], [126.984392415, 37.641139329], [126.984409243, 37.641128502], [126.984451207, 37.641102383], [126.98445923, 37.641097065], [126.984466969, 37.641091587], [126.984474313, 37.641085878], [126.984481122, 37.641079852], [126.984487469, 37.641073313], [126.984498905, 37.641060641], [126.98450442, 37.641054756], [126.984510119, 37.641048944], [126.984516042, 37.641043248], [126.984522237, 37.64103772], [126.984529577, 37.641031748], [126.984537242, 37.641025994], [126.984545149, 37.641020402], [126.984553232, 37.64101493], [126.984578109, 37.640998936], [126.984637149, 37.640962213], [126.984691724, 37.640927672], [126.984706912, 37.640918379], [126.984722359, 37.640909427], [126.984730237, 37.640905159], [126.984738263, 37.640901095], [126.984747698, 37.640896734], [126.984757342, 37.640892678], [126.984767163, 37.640888904], [126.984777144, 37.640885416], [126.984787285, 37.640882251], [126.984796436, 37.640879748], [126.9848057, 37.640877522], [126.984815058, 37.64087556], [126.984824502, 37.640873873], [126.984834027, 37.640872491], [126.984844592, 37.640871357], [126.984855611, 37.640870526], [126.984868212, 37.640869839], [126.984910415, 37.640868068], [126.984934559, 37.640866826], [126.984951597, 37.640865613], [126.984957326, 37.640865066], [126.984960453, 37.640864656], [126.984961504, 37.640864338], [126.98500933, 37.640862503], [126.985015559, 37.640862362], [126.985021765, 37.640862475], [126.98502589, 37.64086282], [126.985027867, 37.640863072], [126.985032052, 37.640863604], [126.985066891, 37.640868991], [126.985103067, 37.640876432], [126.985117449, 37.640879717], [126.985127903, 37.640882627], [126.985144632, 37.640888149], [126.985151356, 37.640890214], [126.985158195, 37.64089192], [126.985161684, 37.640892561], [126.985168772, 37.6408935], [126.985175951, 37.640894165], [126.985215817, 37.640896724], [126.985253801, 37.640899766], [126.985311629, 37.640886683], [126.98534642, 37.640870855], [126.985383268, 37.640865387], [126.985409996, 37.640860992], [126.985436733, 37.640856057], [126.985448682, 37.640853554], [126.985458932, 37.640851153], [126.985478643, 37.640846111], [126.985498249, 37.640840839], [126.985518324, 37.640835254], [126.98552826, 37.640832308], [126.985538077, 37.640829175], [126.985547728, 37.640825772], [126.985556712, 37.640822215], [126.985565511, 37.640818376], [126.985574134, 37.640814288], [126.985582576, 37.640809967], [126.98559082, 37.640805405], [126.985598629, 37.640800746], [126.985621687, 37.640786282], [126.985629399, 37.640781652], [126.985645139, 37.640772688], [126.985669288, 37.640759781], [126.985703996, 37.64074197], [126.985721233, 37.640732587], [126.985738202, 37.640722588], [126.985746828, 37.640717063], [126.985756143, 37.640710439], [126.985765408, 37.640703205], [126.985774513, 37.640695454], [126.985783075, 37.64068748], [126.985790725, 37.640679586], [126.985797125, 37.640672088], [126.985802037, 37.640665365], [126.985805448, 37.640659899], [126.98580737, 37.64065619], [126.985807778, 37.640654732], [126.985848497, 37.640601372], [126.985855744, 37.640591623], [126.985862741, 37.640581798], [126.985869245, 37.640571825], [126.985872188, 37.640566745], [126.985874825, 37.640561573], [126.985877082, 37.640556324], [126.985879045, 37.640550986], [126.985882392, 37.640540134], [126.985886664, 37.640523632], [126.985894316, 37.640491025], [126.985896617, 37.640480549], [126.985898665, 37.640470046], [126.9859004, 37.640458908], [126.985902473, 37.640442145], [126.985909326, 37.640374948], [126.985924498, 37.640371044], [126.985939101, 37.640366728], [126.98594688, 37.640364143], [126.985954117, 37.640361493], [126.985960938, 37.640358768], [126.985972416, 37.640353604], [126.985982654, 37.640348539], [126.985992698, 37.640343311], [126.98601138, 37.64033291], [126.986015951, 37.640330593], [126.986021482, 37.640328204], [126.986027226, 37.640326081], [126.986033126, 37.640324152], [126.98604523, 37.640320669], [126.98606378, 37.640315923], [126.986114498, 37.640303667], [126.986213694, 37.640279698], [126.98626485, 37.640288039], [126.986271676, 37.640289401], [126.986276035, 37.6402906], [126.986278105, 37.640291364], [126.98628, 37.64029224], [126.986283578, 37.640294307], [126.986288663, 37.640297836], [126.986316507, 37.640319296], [126.9863214, 37.640332206], [126.986326368, 37.64034466], [126.986329242, 37.640351262], [126.986332291, 37.640357682], [126.986335457, 37.640363592], [126.986338682, 37.640368665], [126.986342095, 37.640372973], [126.986345581, 37.640376608], [126.986349396, 37.640380067], [126.986353448, 37.640383399], [126.986362023, 37.640389806], [126.986370967, 37.640396006], [126.986384761, 37.640405082], [126.986394127, 37.640410994], [126.986403646, 37.640416747], [126.986432908, 37.640433094], [126.986437576, 37.640435975], [126.986442195, 37.640439094], [126.986446619, 37.640442365], [126.986450841, 37.640445776], [126.986454832, 37.64044933], [126.986458546, 37.64045304], [126.986461905, 37.640456935], [126.986464976, 37.640461236], [126.98646767, 37.640465724], [126.986470079, 37.640470354], [126.986472275, 37.640475086], [126.986476287, 37.640485027], [126.986480404, 37.640497345], [126.98648418, 37.640510604], [126.98648692, 37.640521979], [126.986489372, 37.64053336], [126.986489342, 37.640562363], [126.986489292, 37.640565921], [126.986489249, 37.640567368], [126.98648845, 37.640569608], [126.986479125, 37.640572215], [126.986470618, 37.640575634], [126.986463233, 37.640580038], [126.986457727, 37.640585032], [126.986453265, 37.640590816], [126.986449706, 37.6405972], [126.986446976, 37.640604041], [126.986445063, 37.640611229], [126.986443908, 37.640619317], [126.986443509, 37.640627622], [126.986443669, 37.640636072], [126.98644424, 37.640644612], [126.986445126, 37.640653198], [126.986446267, 37.640661798], [126.986447637, 37.640670381], [126.986449243, 37.640678921], [126.986451132, 37.640687383], [126.986453381, 37.640695733], [126.986456126, 37.640703921], [126.986459555, 37.640711882], [126.986464005, 37.640719826], [126.986469954, 37.640728517], [126.986477114, 37.640737929], [126.986513288, 37.640782898], [126.986520729, 37.640792563], [126.986521502, 37.640793337], [126.986522391, 37.640794362], [126.986525167, 37.64079764], [126.986529022, 37.64080267], [126.986533461, 37.640809141], [126.986544053, 37.640826779], [126.986550087, 37.640835731], [126.986556782, 37.640844594], [126.986575025, 37.640866613], [126.986579488, 37.640872405], [126.986583411, 37.640878287], [126.986586556, 37.640884298], [126.986588652, 37.640890482], [126.986589441, 37.640896011], [126.986589345, 37.640901657], [126.986588466, 37.64090737], [126.986586355, 37.640914688], [126.986583388, 37.640922031], [126.986579801, 37.640929385], [126.986575769, 37.640936743], [126.986571427, 37.640944097], [126.986553472, 37.640972466], [126.986549405, 37.640979387], [126.986545397, 37.640987065], [126.986541895, 37.640994842], [126.98653895, 37.641002691], [126.986536601, 37.641010789], [126.986535049, 37.641018906], [126.986534471, 37.641027008], [126.986534906, 37.641034031], [126.986536183, 37.641040979], [126.986538263, 37.641047808], [126.986540926, 37.641054057], [126.986544216, 37.641060146], [126.986548082, 37.641066051], [126.986552908, 37.641072256], [126.986558269, 37.641078222], [126.986564073, 37.641083953], [126.986581583, 37.641099303], [126.986587237, 37.641104565], [126.986593359, 37.641110971], [126.986599072, 37.641117669], [126.986604466, 37.641124586], [126.986609621, 37.641131664], [126.986614598, 37.641138856], [126.986631359, 37.641164055], [126.98663553, 37.641169939], [126.986640412, 37.641176394], [126.98665071, 37.641189037], [126.98666139, 37.641201501], [126.986666904, 37.641207637], [126.986672655, 37.64121362], [126.986678216, 37.641218922], [126.98668405, 37.641224038], [126.986690143, 37.641228969], [126.986697384, 37.641234376], [126.986720433, 37.641250361], [126.986736231, 37.64126162], [126.986743803, 37.641267384], [126.986751014, 37.641273291], [126.986757718, 37.641279395], [126.986763726, 37.641285771], [126.98676879, 37.641292513], [126.986771837, 37.641297835], [126.986774428, 37.641303374], [126.986777565, 37.641311212], [126.986780395, 37.641319282], [126.986783011, 37.64132752], [126.986787859, 37.641344318], [126.986801518, 37.641395002], [126.986808284, 37.641418873], [126.986815493, 37.641442013], [126.986818375, 37.641450065], [126.986822161, 37.641459789], [126.986826579, 37.64146988], [126.986831692, 37.641479873], [126.98683766, 37.641489615], [126.986844002, 37.641498356], [126.986850303, 37.641505704], [126.986855094, 37.641510463], [126.986859122, 37.64151394], [126.986861985, 37.641516028], [126.98686332, 37.641516599], [126.986884315, 37.641538939], [126.98690712, 37.641553055], [126.986931583, 37.641567737], [126.986939445, 37.641572293], [126.986966185, 37.641587238], [126.986972547, 37.641590969], [126.98697878, 37.641594825], [126.986984413, 37.641598534], [126.987006284, 37.641613381], [126.987032673, 37.641630434], [126.987043598, 37.641638224], [126.987054817, 37.641647029], [126.98706569, 37.64165611], [126.987081549, 37.641669884], [126.987086863, 37.641674366], [126.987092302, 37.641678685], [126.987097949, 37.64168275], [126.98710391, 37.641686439], [126.987109718, 37.641689393], [126.987115814, 37.641692013], [126.987122127, 37.64169439], [126.987128596, 37.641696601], [126.987187288, 37.641714732], [126.987198378, 37.641718236], [126.987202537, 37.641719695], [126.987226111, 37.641723306], [126.987232455, 37.641724508], [126.98723841, 37.641726377], [126.987255026, 37.641732318], [126.987272039, 37.641738452], [126.987280269, 37.641741219], [126.987289582, 37.6417441], [126.987299742, 37.641746876], [126.987313132, 37.641749893], [126.987326877, 37.641752384], [126.987340368, 37.641754381], [126.987351112, 37.641755722], [126.987378987, 37.641758558], [126.987428193, 37.641764088], [126.987437372, 37.641764953], [126.987446536, 37.641765619], [126.987455683, 37.641765998], [126.987464817, 37.641765989], [126.987466527, 37.641771247], [126.987470107, 37.641773649], [126.987475205, 37.641777638], [126.987481839, 37.641783652], [126.987489009, 37.641791128], [126.987496189, 37.641799741], [126.987502868, 37.641809147], [126.987508532, 37.641819], [126.987512905, 37.641829341], [126.987515684, 37.641839236], [126.987517033, 37.641848225], [126.987517811, 37.641857018], [126.98751835, 37.64186587], [126.987519011, 37.641883676], [126.987519521, 37.641910494], [126.987519757, 37.641937348], [126.987519745, 37.641955255], [126.98751926, 37.64199829], [126.98751932, 37.64201551], [126.987519927, 37.642032725], [126.987521417, 37.642050285], [126.987523496, 37.642067842], [126.987527242, 37.642094145], [126.987530185, 37.642111559], [126.987531891, 37.642120171], [126.987533849, 37.642128671], [126.987536163, 37.642137004], [126.987538986, 37.642145098], [126.987542515, 37.64215285], [126.987547015, 37.642160128], [126.987552376, 37.642166468], [126.987558659, 37.642172311], [126.987565678, 37.642177704], [126.987573306, 37.642182655], [126.987581466, 37.642187137], [126.987590128, 37.64219108], [126.987599696, 37.642194559], [126.987609673, 37.642197506], [126.987619944, 37.642200049], [126.987630422, 37.642202281], [126.987641046, 37.642204264], [126.987651773, 37.642206029], [126.987662573, 37.642207586], [126.987673427, 37.642208921], [126.987684323, 37.642209996], [126.987695256, 37.642210755], [126.987705621, 37.642211139], [126.987715991, 37.642211276], [126.987756905, 37.642211203], [126.987766771, 37.642211497], [126.98777635, 37.642212144], [126.987785536, 37.642213301], [126.987794184, 37.642215169], [126.987802112, 37.642217996], [126.987809393, 37.642222141], [126.987815875, 37.642227323], [126.987821719, 37.642233288], [126.987827034, 37.642239848], [126.987831883, 37.642246863], [126.987836285, 37.642254239], [126.987840314, 37.642262039], [126.987843994, 37.642270058], [126.987850673, 37.642286498], [126.987856848, 37.642303209], [126.987877675, 37.642361961], [126.987884033, 37.642378512], [126.987887444, 37.642386668], [126.9878911, 37.642394697], [126.9878951, 37.642402548], [126.987899577, 37.642410152], [126.987904702, 37.642417414], [126.9879105, 37.642424126], [126.987916957, 37.642430467], [126.987923944, 37.642436478], [126.987931378, 37.642442172], [126.987939213, 37.642447533], [126.987947443, 37.642452514], [126.987956094, 37.642457036], [126.98796555, 37.642461177], [126.987975387, 37.642464863], [126.987985497, 37.642468219], [126.987995798, 37.642471339], [126.988006224, 37.642474299], [126.988058617, 37.642488437], [126.988068818, 37.642491441], [126.988078773, 37.642494633], [126.988088371, 37.6424981], [126.988097469, 37.642501955], [126.988105878, 37.642506348], [126.988113347, 37.642511476], [126.988119828, 37.64251766], [126.988125339, 37.642524607], [126.988130151, 37.642532105], [126.98813448, 37.64253999], [126.988138493, 37.642548139], [126.988149878, 37.642573311], [126.988153803, 37.642581731], [126.988157968, 37.642590076], [126.988162497, 37.642598291], [126.988167272, 37.642605998], [126.988172404, 37.64261357], [126.988177802, 37.642621041], [126.988189135, 37.642635773], [126.9882009, 37.64265033], [126.988212924, 37.642664761], [126.988225184, 37.642679038], [126.988237266, 37.642692457], [126.988243212, 37.64269873], [126.988249302, 37.642704869], [126.988255579, 37.642710835], [126.988262094, 37.642716567], [126.988268925, 37.642721993], [126.988276169, 37.642727016], [126.988284733, 37.642732008], [126.988293785, 37.642736522], [126.988303194, 37.642740681], [126.988312862, 37.642744582], [126.988332694, 37.642751868], [126.988352869, 37.642758741], [126.988401986, 37.642774925], [126.988411076, 37.64277826], [126.988419831, 37.642781875], [126.98842812, 37.642785904], [126.988435778, 37.642790506], [126.988443267, 37.642796312], [126.988450057, 37.642802774], [126.988456388, 37.642809679], [126.988474576, 37.642831397], [126.988480966, 37.642838492], [126.98848784, 37.642845274], [126.988495211, 37.642851508], [126.988503103, 37.642857391], [126.988511381, 37.64286301], [126.988519942, 37.642868436], [126.988528706, 37.642873722], [126.988546627, 37.642884021], [126.98864725, 37.642939287], [126.988682846, 37.642959499], [126.988780523, 37.643015537], [126.988797904, 37.643025907], [126.988806365, 37.643031202], [126.988814572, 37.643036614], [126.988822416, 37.643042198], [126.988829751, 37.643048022], [126.988836381, 37.643054177], [126.988842053, 37.643060785], [126.988846663, 37.643068134], [126.988850271, 37.643075957], [126.988853147, 37.643084123], [126.988855495, 37.643092538], [126.988857472, 37.643101128], [126.988860744, 37.643118629], [126.988866379, 37.643154082], [126.988869496, 37.643171716], [126.988871319, 37.643180438], [126.988873433, 37.643189055], [126.988875956, 37.643197524], [126.988879049, 37.643205789], [126.988882922, 37.643213773], [126.988887653, 37.643221286], [126.98889314, 37.643228526], [126.988899185, 37.643235563], [126.988905635, 37.643242453], [126.98891238, 37.643249233], [126.988926454, 37.643262557], [126.988941037, 37.64327564], [126.988956038, 37.643288457], [126.988963727, 37.643294726], [126.988979811, 37.643307135], [126.988996254, 37.643319256], [126.989037684, 37.643349245], [126.989054006, 37.643361403], [126.989069862, 37.643373892], [126.989077497, 37.643380348], [126.989084768, 37.643386899], [126.989091828, 37.643393601], [126.989105527, 37.64340731], [126.989118899, 37.643421253], [126.989171744, 37.643477498], [126.989185234, 37.643491372], [126.989199133, 37.643504972], [126.989213846, 37.643518353], [126.989228975, 37.643531453], [126.989252035, 37.643550858], [126.989321681, 37.643608759], [126.989337013, 37.643621724], [126.989352131, 37.643634833], [126.989366843, 37.643648215], [126.989373264, 37.643654372], [126.989410718, 37.643692044], [126.989423502, 37.643704403], [126.989437924, 37.64371744], [126.98947486, 37.643749429], [126.989489203, 37.643762479], [126.989496086, 37.643769176], [126.989502679, 37.643776046], [126.989508719, 37.64378289], [126.989514493, 37.643789888], [126.989520078, 37.643796992], [126.989536365, 37.643818479], [126.989547449, 37.643832469], [126.989553275, 37.643839175], [126.989559421, 37.643845567], [126.989566017, 37.643851525], [126.989573227, 37.64385689], [126.989581128, 37.643861511], [126.98958964, 37.643865542], [126.98959861, 37.643869133], [126.989607918, 37.6438724], [126.989617471, 37.643875429], [126.98963706, 37.643881018], [126.989667081, 37.643888753], [126.989697448, 37.643896046], [126.989740914, 37.643906006], [126.989762501, 37.643911308], [126.989773171, 37.643914203], [126.989783703, 37.643917357], [126.989793846, 37.643920761], [126.989803826, 37.643924429], [126.989813652, 37.64392831], [126.989823312, 37.643932367], [126.989832771, 37.643936587], [126.989841964, 37.643940977], [126.989850794, 37.643945563], [126.989859123, 37.643950397], [126.989866754, 37.643955556], [126.989873426, 37.643961151], [126.989878794, 37.643967332], [126.989882474, 37.643973973], [126.989884926, 37.643981161], [126.98988647, 37.643988751], [126.989887352, 37.643996635], [126.989887754, 37.64400473], [126.989887818, 37.644012971], [126.989887643, 37.644021315], [126.98988685, 37.64403818], [126.989884383, 37.644072155], [126.989881904, 37.644097978], [126.989875232, 37.644158514], [126.989872911, 37.64418443], [126.98987243, 37.644193051], [126.989872209, 37.644201652], [126.989872352, 37.64421022], [126.989872997, 37.644218738], [126.989874321, 37.644227479], [126.989876223, 37.644236135], [126.989878604, 37.644244691], [126.989881415, 37.644253114], [126.989884654, 37.644261359], [126.989888374, 37.644269354], [126.98989268, 37.644277001], [126.989897737, 37.644284168], [126.989903787, 37.644290677], [126.989911058, 37.644296411], [126.989919304, 37.644301483], [126.989928253, 37.644306077], [126.989937701, 37.644310329], [126.989947497, 37.64431434], [126.989957529, 37.644318187], [126.98998835, 37.644329213], [126.990050651, 37.644350749], [126.990102333, 37.644368824], [126.990287604, 37.644434359], [126.990401295, 37.644474053], [126.990421858, 37.64448141], [126.990432028, 37.644485199], [126.990442069, 37.644489112], [126.990451917, 37.644493207], [126.990461485, 37.644497565], [126.990470656, 37.644502293], [126.990479271, 37.644507531], [126.990487042, 37.644513269], [126.990494247, 37.644519509], [126.990500994, 37.644526127], [126.990507355, 37.644533035], [126.990513355, 37.644540173], [126.990518981, 37.644547505], [126.990524178, 37.644555021], [126.990528849, 37.644562725], [126.990532843, 37.64457065], [126.990535999, 37.644578695], [126.990538522, 37.64458693], [126.990540587, 37.6445953], [126.990542326, 37.644603765], [126.990545208, 37.644620867], [126.990551667, 37.6446639], [126.990554825, 37.644680806], [126.990558496, 37.644697397], [126.990562546, 37.644713919], [126.990566929, 37.644730359], [126.990571758, 37.644746665], [126.990574429, 37.644754735], [126.99057735, 37.644762724], [126.990580609, 37.644770602], [126.990584319, 37.644778331], [126.990588815, 37.644786282], [126.990593803, 37.644794071], [126.990599147, 37.644801742], [126.990610528, 37.644816855], [126.99062846, 37.644839241], [126.9906651, 37.644883741], [126.990683594, 37.64490589], [126.990702582, 37.644927868], [126.990728872, 37.644956921], [126.990775496, 37.645007403], [126.990795815, 37.645028807], [126.990809771, 37.645042797], [126.990816981, 37.645049633], [126.99083189, 37.645062818], [126.990855116, 37.645082006], [126.990878762, 37.645100908], [126.990918411, 37.645132256], [126.991021874, 37.645213618], [126.991045397, 37.645232592], [126.99105302, 37.645239029], [126.99106044, 37.645245567], [126.991067571, 37.645252251], [126.991074296, 37.645259137], [126.991080458, 37.645266303], [126.991085675, 37.645273429], [126.991090365, 37.645280814], [126.991094654, 37.64528839], [126.991098629, 37.645296111], [126.991102352, 37.645303939], [126.991105854, 37.645311849], [126.991109146, 37.645319824], [126.991112211, 37.645327856], [126.991115014, 37.645335942], [126.991117489, 37.645344086], [126.991119546, 37.645352296], [126.991121168, 37.645360941], [126.991122358, 37.64536965], [126.991123238, 37.645378404], [126.991124447, 37.645395991], [126.991125899, 37.6454224], [126.991127356, 37.645439903], [126.991128469, 37.645448582], [126.991129991, 37.645457183], [126.991132077, 37.645465679], [126.991134719, 37.645473676], [126.991137887, 37.645481574], [126.991141446, 37.645489398], [126.991145297, 37.645497167], [126.991153586, 37.645512582], [126.991162387, 37.645527866], [126.991171597, 37.64554299], [126.991181338, 37.645557837], [126.991186517, 37.645565088], [126.991191996, 37.645572165], [126.991197881, 37.64557901], [126.991204645, 37.645585953], [126.991211852, 37.64559264], [126.991219381, 37.64559914], [126.991235061, 37.645611782], [126.991251194, 37.645624159], [126.991308492, 37.645667018], [126.991332909, 37.645685517], [126.991348979, 37.645698015], [126.991364701, 37.645710773], [126.99137235, 37.645717306], [126.991379789, 37.645723988], [126.991386764, 37.645730633], [126.991400207, 37.64574425], [126.991419906, 37.645764748], [126.991426544, 37.645771373], [126.991433314, 37.645777761], [126.991440288, 37.645783798], [126.991447563, 37.645789336], [126.99145526, 37.645794181], [126.991463537, 37.645798079], [126.991472307, 37.64580078], [126.991481638, 37.645802573], [126.991491383, 37.645803693], [126.991501431, 37.645804326], [126.991511698, 37.645804617], [126.991522116, 37.645804678], [126.991564477, 37.645804216], [126.991575097, 37.64580426], [126.991585685, 37.645804509], [126.991596218, 37.645805056], [126.991606671, 37.645806013], [126.991617316, 37.645807516], [126.991627872, 37.645809458], [126.991638359, 37.645811722], [126.991648793, 37.645814225], [126.991669525, 37.645819724], [126.991690043, 37.645825684], [126.991710178, 37.6458321], [126.991719992, 37.64583555], [126.99172954, 37.645839239], [126.991738716, 37.645843256], [126.991747382, 37.645847724], [126.991755349, 37.645852805], [126.991762345, 37.645858515], [126.991768667, 37.645864818], [126.991774491, 37.645871556], [126.991779955, 37.645878609], [126.991785162, 37.645885888], [126.991790192, 37.645893323], [126.991819263, 37.645939046], [126.991829296, 37.645954176], [126.991834529, 37.645961637], [126.991840106, 37.64596921], [126.991851719, 37.645984134], [126.991875859, 37.646013533], [126.991918919, 37.64606454], [126.99193779, 37.646086104], [126.991950886, 37.646100112], [126.991957731, 37.646106906], [126.991964872, 37.646113489], [126.991972455, 37.64611988], [126.991980342, 37.646126056], [126.991988453, 37.646132074], [126.992005121, 37.646143797], [126.992022137, 37.646155282], [126.992073833, 37.64618931], [126.992090916, 37.646200714], [126.992107566, 37.646212312], [126.992115575, 37.646218251], [126.992123246, 37.64622434], [126.992130435, 37.646230641], [126.992136954, 37.646237236], [126.992142553, 37.646244234], [126.992146947, 37.646251556], [126.992150455, 37.646259266], [126.992153314, 37.646267261], [126.992155704, 37.646275462], [126.992157759, 37.64628381], [126.992161233, 37.64630078], [126.99216424, 37.646317944], [126.992168293, 37.64634382], [126.992170674, 37.6463611], [126.992172573, 37.6463784], [126.992173259, 37.646387244], [126.992174174, 37.646404949], [126.992174934, 37.64643153], [126.992176106, 37.646502416], [126.992176994, 37.646528906], [126.992178292, 37.646546438], [126.992179358, 37.646555127], [126.992180854, 37.646563737], [126.992182938, 37.646572241], [126.992185697, 37.646580505], [126.992189032, 37.646588663], [126.992192789, 37.646596745], [126.992201125, 37.646612757], [126.992214678, 37.646636583], [126.992270613, 37.646731582], [126.992284157, 37.646755463], [126.992292763, 37.646771517], [126.992300709, 37.646787775], [126.992307999, 37.646804239], [126.992314923, 37.646820817], [126.992331793, 37.646862382], [126.992338783, 37.646878889], [126.992342454, 37.646887062], [126.992346316, 37.646895149], [126.992350448, 37.646903113], [126.992354951, 37.646910909], [126.992359964, 37.646918474], [126.992365663, 37.64692584], [126.99237188, 37.646932972], [126.992378476, 37.64693993], [126.992385345, 37.646946766], [126.992399603, 37.646960199], [126.992421625, 37.646980064], [126.992503329, 37.647052456], [126.992532775, 37.647078908], [126.992547133, 37.647092316], [126.992554106, 37.647099123], [126.992560866, 37.647106037], [126.992567327, 37.647113098], [126.992573382, 37.647120363], [126.992578979, 37.647127931], [126.992584163, 37.647135704], [126.992589046, 37.647143627], [126.99259371, 37.64715166], [126.992606949, 37.647176137], [126.992636822, 37.647233755], [126.992645789, 37.647249988], [126.992650513, 37.647257977], [126.992655487, 37.647265832], [126.992660812, 37.6472735], [126.992666618, 37.647280911], [126.992672915, 37.647287911], [126.992679685, 37.647294657], [126.992686807, 37.647301212], [126.992694189, 37.647307622], [126.992701769, 37.647313921], [126.992709502, 37.647320128], [126.992725336, 37.647332297], [126.99274178, 37.647344299], [126.992758455, 37.647356119], [126.992867512, 37.647432308], [126.992992922, 37.647520569], [126.993018336, 37.647537857], [126.993026959, 37.647543447], [126.993035709, 37.647548883], [126.99304464, 37.647554109], [126.993053815, 37.647559046], [126.993063019, 37.647563508], [126.993072457, 37.647567694], [126.993082074, 37.647571675], [126.993091822, 37.647575505], [126.993111584, 37.647582871], [126.993151496, 37.647597118], [126.993171212, 37.647604308], [126.993180849, 37.647608004], [126.99319023, 37.647611816], [126.993199238, 37.647615802], [126.99320771, 37.647620034], [126.993215433, 37.647624611], [126.993222119, 37.647629663], [126.9932274, 37.64763536], [126.993231011, 37.647641956], [126.99323105, 37.647642029], [126.993233227, 37.647649372], [126.993234333, 37.647657207], [126.993234668, 37.647665397], [126.993234461, 37.647673836], [126.993233882, 37.647682447], [126.993233051, 37.647691176], [126.993230967, 37.647708832], [126.993222883, 37.647771106], [126.993213264, 37.647850859], [126.993210639, 37.647868352], [126.993209037, 37.647876996], [126.993207124, 37.64788553], [126.993204773, 37.647893913], [126.993201813, 37.647902087], [126.993198028, 37.647909977], [126.993193367, 37.647917346], [126.993187934, 37.647924453], [126.993181964, 37.647931378], [126.993175646, 37.64793819], [126.993156175, 37.647958508], [126.993150002, 37.647965426], [126.993144261, 37.64797252], [126.993139153, 37.647979868], [126.99313469, 37.647987832], [126.993130929, 37.647996078], [126.99312768, 37.648004534], [126.993124794, 37.648013144], [126.993122163, 37.648021865], [126.993117367, 37.648039517], [126.993110804, 37.648066202], [126.993106853, 37.648083898], [126.993105127, 37.648092635], [126.993103685, 37.648101236], [126.993102665, 37.648109639], [126.993102258, 37.648117752], [126.993102725, 37.648125456], [126.993104417, 37.648132586], [126.993107797, 37.648138933], [126.99311323, 37.648144314], [126.993120344, 37.648148916], [126.993128678, 37.648152953], [126.993137877, 37.64815659], [126.993147673, 37.648159958], [126.993157862, 37.648163155], [126.993189326, 37.648172523], [126.993199725, 37.648175816], [126.993209889, 37.648179336], [126.993219681, 37.648183198], [126.993228935, 37.648187544], [126.993237438, 37.648192562], [126.993244669, 37.648198105], [126.993251197, 37.64820427], [126.993257193, 37.648210899], [126.993262785, 37.648217872], [126.993268061, 37.648225099], [126.99327308, 37.648232515], [126.993277872, 37.648240076], [126.993282439, 37.648247756], [126.993286758, 37.64825554], [126.993290778, 37.648263429], [126.993294422, 37.648271433], [126.993297743, 37.648279893], [126.993300677, 37.648288459], [126.993303331, 37.648297099], [126.993308072, 37.648314509], [126.993312278, 37.648331989], [126.993314182, 37.648340726], [126.993315909, 37.648349451], [126.993317398, 37.648358151], [126.993318548, 37.648366814], [126.993319227, 37.648375425], [126.993319251, 37.648383966], [126.993318375, 37.648392411], [126.993316395, 37.648400756], [126.993313514, 37.648409005], [126.993309975, 37.648417184], [126.993305964, 37.64842531], [126.99329705, 37.648441466], [126.993287494, 37.648457552], [126.993253052, 37.648513832], [126.993243498, 37.648530041], [126.993234423, 37.64854642], [126.993226586, 37.648562033], [126.993222875, 37.648569901], [126.993215804, 37.648585704], [126.993209301, 37.648601534], [126.993206371, 37.648609438], [126.993203767, 37.648617318], [126.993201613, 37.64862516], [126.993200075, 37.648632946], [126.99319938, 37.648640651], [126.993199819, 37.648648245], [126.993201691, 37.648655896], [126.993204763, 37.648663419], [126.993208732, 37.648670834], [126.993213381, 37.648678152], [126.993218551, 37.648685371], [126.993224144, 37.648692476], [126.993230102, 37.648699445], [126.993236418, 37.648706238], [126.993243117, 37.648712798], [126.99325027, 37.648719048], [126.993257978, 37.648724957], [126.993266099, 37.648730558], [126.993274518, 37.648735932], [126.993291916, 37.648746244], [126.993309707, 37.648756228], [126.993345658, 37.648775827], [126.99337272, 37.648790361], [126.993400269, 37.648804861], [126.993427961, 37.648819087], [126.993446585, 37.64882825], [126.993455997, 37.648832642], [126.993465512, 37.648836839], [126.99347517, 37.648840766], [126.993485025, 37.648844324], [126.993495413, 37.648847516], [126.99350601, 37.648850323], [126.993516757, 37.648852846], [126.993538546, 37.648857345], [126.993604691, 37.648869417], [126.993626607, 37.648873701], [126.993637453, 37.648876048], [126.993648179, 37.648878616], [126.993658734, 37.648881493], [126.993669053, 37.648884795], [126.993678827, 37.648888514], [126.993688374, 37.64889264], [126.993697752, 37.648897064], [126.99371617, 37.648906508], [126.993734265, 37.648916435], [126.993752031, 37.648926691], [126.993760729, 37.648931952], [126.993769238, 37.64893733], [126.993777484, 37.648942871], [126.993785357, 37.648948631], [126.993792721, 37.648954696], [126.993799387, 37.648961175], [126.993805237, 37.648968197], [126.993810382, 37.648975638], [126.993815011, 37.648983383], [126.993819269, 37.648991347], [126.993823266, 37.648999465], [126.993830788, 37.649015979], [126.993845371, 37.649049273], [126.993853141, 37.649065652], [126.993857353, 37.649073657], [126.993861911, 37.649081468], [126.993866948, 37.649089011], [126.993872635, 37.64909619], [126.993879159, 37.649102968], [126.993886342, 37.649109377], [126.993894006, 37.649115518], [126.993902015, 37.649121465], [126.993910268, 37.649127276], [126.993927224, 37.649138647], [126.993970455, 37.649166649], [126.993987653, 37.649177959], [126.994004624, 37.649189492], [126.994029677, 37.649207179], [126.994062734, 37.649231059], [126.994112104, 37.649267055], [126.994191434, 37.649325244], [126.99422298, 37.649348694], [126.994238461, 37.649360644], [126.994246042, 37.64936674], [126.994251757, 37.649371594], [126.994260491, 37.649379011], [126.994274424, 37.649391623], [126.994287761, 37.649404572], [126.994294111, 37.64941121], [126.994300163, 37.649417997], [126.994305818, 37.649424976], [126.994311245, 37.649432545], [126.994316249, 37.64944032], [126.994320941, 37.649448244], [126.994329711, 37.649464385], [126.994337979, 37.649480753], [126.994345898, 37.64949725], [126.994353416, 37.64951386], [126.99435695, 37.649522221], [126.994360263, 37.649530635], [126.994363197, 37.649538792], [126.994365926, 37.649546997], [126.994370981, 37.649563503], [126.994375722, 37.649580081], [126.994382542, 37.649605004], [126.994386924, 37.64962164], [126.994391076, 37.649638296], [126.994394773, 37.649654989], [126.99439633, 37.649663359], [126.9943976, 37.649671754], [126.994398561, 37.649680638], [126.994399204, 37.649689549], [126.994399615, 37.64969848], [126.994399981, 37.649716384], [126.994399997, 37.649734321], [126.994399104, 37.649815199], [126.994399344, 37.649833093], [126.99439973, 37.649841983], [126.994400407, 37.649850808], [126.994401501, 37.649859538], [126.99440318, 37.649868133], [126.994405668, 37.649876536], [126.994408982, 37.649884358], [126.994413065, 37.649891989], [126.994417734, 37.649899462], [126.994422862, 37.649906797], [126.994428363, 37.649913995], [126.994434192, 37.649921044], [126.994440336, 37.649927918], [126.99444682, 37.649934571], [126.994453701, 37.649940936], [126.994461072, 37.649946925], [126.994468992, 37.649952453], [126.994477367, 37.649957617], [126.994486064, 37.649962518], [126.994494975, 37.649967238], [126.994531076, 37.649985533], [126.994539811, 37.649990238], [126.99454823, 37.64999512], [126.994556194, 37.650000263], [126.994563522, 37.650005774], [126.994569985, 37.650011791], [126.994575394, 37.65001841], [126.994579935, 37.650025537], [126.994583834, 37.65003304], [126.994587262, 37.650040817], [126.99459035, 37.650048793], [126.994593196, 37.65005691], [126.994595872, 37.650065125], [126.99460091, 37.650081737], [126.994617612, 37.650140346], [126.99462233, 37.650156248], [126.994627242, 37.650171224], [126.994629998, 37.65017858], [126.994633061, 37.650185803], [126.994636544, 37.650192849], [126.994640583, 37.650199661], [126.994645936, 37.650207019], [126.994651976, 37.650214089], [126.99465852, 37.650220949], [126.994665426, 37.650227657], [126.994672589, 37.650234259], [126.994679929, 37.650240786], [126.99469493, 37.650253708], [126.994756093, 37.650304857], [126.994771536, 37.650317518], [126.994787178, 37.650330022], [126.99481899, 37.650354621], [126.994867211, 37.650391112], [126.994899738, 37.650415127], [126.994940112, 37.650444115], [126.994955876, 37.650455938], [126.994963507, 37.650462012], [126.994970873, 37.650468255], [126.994977876, 37.650474734], [126.994984255, 37.650481305], [126.994990283, 37.650488102], [126.994996046, 37.650495069], [126.995001607, 37.65050216], [126.995012291, 37.650516602], [126.995022502, 37.650531282], [126.995027421, 37.650538697], [126.995036731, 37.650553704], [126.995041009, 37.650561326], [126.995044925, 37.650569061], [126.99504849, 37.650577134], [126.99505168, 37.650585323], [126.995054593, 37.650593595], [126.995059873, 37.650610303], [126.99506474, 37.650627133], [126.995078793, 37.650677767], [126.995083772, 37.650694538], [126.995086442, 37.65070286], [126.995089303, 37.650711115], [126.995092428, 37.650719278], [126.995095915, 37.650727314], [126.995099896, 37.650735178], [126.995104645, 37.650743102], [126.995109916, 37.650750845], [126.995115568, 37.650758454], [126.995127611, 37.650773414], [126.995146605, 37.650795528], [126.995198326, 37.650854122], [126.995217445, 37.650876211], [126.995229806, 37.650891101], [126.995235762, 37.650898641], [126.995241491, 37.650906278], [126.995246907, 37.650914047], [126.99525188, 37.650921871], [126.995256547, 37.650929824], [126.99526527, 37.650945991], [126.995273511, 37.650962366], [126.995284786, 37.650985573], [126.995297516, 37.651011775], [126.995305847, 37.651028044], [126.99531023, 37.651036051], [126.995314846, 37.651043921], [126.995319791, 37.651051599], [126.99532519, 37.651059009], [126.995331209, 37.651066055], [126.995337842, 37.65107253], [126.995345076, 37.651078652], [126.995352754, 37.651084514], [126.995360754, 37.651090185], [126.995377385, 37.651101159], [126.995428868, 37.651133135], [126.995445654, 37.65114398], [126.995453772, 37.651149546], [126.995461599, 37.651155264], [126.995469017, 37.651161193], [126.995475875, 37.651167413], [126.995481973, 37.651174029], [126.995487128, 37.651181085], [126.99549153, 37.651188533], [126.995495373, 37.65119627], [126.995498811, 37.651204218], [126.995501955, 37.651212318], [126.995507684, 37.651228807], [126.99551301, 37.651245506], [126.99552597, 37.651287437], [126.995531439, 37.651304069], [126.995534357, 37.651312294], [126.99553747, 37.651320423], [126.995540859, 37.651328416], [126.99554463, 37.651336221], [126.995548925, 37.651343768], [126.995553929, 37.651350967], [126.995559703, 37.651357657], [126.995566168, 37.651364006], [126.995573146, 37.651370104], [126.995580495, 37.651376018], [126.995595918, 37.651387492], [126.995643951, 37.65142111], [126.995659563, 37.651432596], [126.995667104, 37.65143851], [126.995674378, 37.651444597], [126.99568129, 37.651450916], [126.995688121, 37.651457895], [126.995694556, 37.651465129], [126.995700704, 37.651472549], [126.995712441, 37.651487748], [126.995729353, 37.651510994], [126.995751498, 37.651542243], [126.995773374, 37.6515736], [126.995784001, 37.651589392], [126.995794105, 37.65160538], [126.995803225, 37.651621313], [126.995811836, 37.651637439], [126.99582019, 37.651653661], [126.995861193, 37.651735068], [126.995877417, 37.651767674], [126.995889052, 37.651792261], [126.995896115, 37.651808827], [126.995902178, 37.651825323], [126.995910254, 37.651850324], [126.995925365, 37.651900588], [126.995933232, 37.651925641], [126.995938992, 37.651942211], [126.995942155, 37.651950424], [126.99594572, 37.651958928], [126.995953458, 37.651975781], [126.995965878, 37.652000855], [126.996021744, 37.652109045], [126.996030212, 37.652125748], [126.996038176, 37.652141976], [126.996049232, 37.652165625], [126.996056223, 37.652181448], [126.996062652, 37.652197324], [126.996065511, 37.65220529], [126.996068011, 37.652213284], [126.996070023, 37.652221316], [126.996071378, 37.652229397], [126.996071951, 37.652238043], [126.996071797, 37.652246744], [126.996071113, 37.652255485], [126.99607005, 37.652264254], [126.996068719, 37.652273043], [126.99606556, 37.652290658], [126.99605305, 37.652352442], [126.996048032, 37.652378962], [126.996045234, 37.65239668], [126.996044141, 37.65240556], [126.996043328, 37.652414405], [126.996042743, 37.652423263], [126.996042047, 37.652441003], [126.996041823, 37.652458735], [126.996042101, 37.652476406], [126.996042516, 37.652485191], [126.99604321, 37.652493919], [126.996044291, 37.652502567], [126.996045904, 37.652511103], [126.996048248, 37.652519485], [126.996051461, 37.652527634], [126.996055394, 37.652535629], [126.996059854, 37.652543513], [126.99606469, 37.652551317], [126.996075076, 37.652566772], [126.996091509, 37.652589772], [126.996152725, 37.652673883], [126.996202347, 37.652742805], [126.996224057, 37.652773376], [126.996293744, 37.652872463], [126.996314898, 37.652903046], [126.996325032, 37.652918477], [126.996329859, 37.652926269], [126.996334438, 37.652934139], [126.996338682, 37.652942117], [126.996342462, 37.652950103], [126.996345914, 37.652958194], [126.996349123, 37.652966361], [126.996355065, 37.652982847], [126.996363361, 37.653007773], [126.996387586, 37.653082769], [126.996393246, 37.653099362], [126.996399265, 37.653115864], [126.996405967, 37.65313233], [126.996413361, 37.653148759], [126.996440773, 37.653205863], [126.996448372, 37.653222234], [126.99645547, 37.653238724], [126.996458705, 37.653247044], [126.996461675, 37.653255477], [126.996466982, 37.653272492], [126.996471794, 37.653289627], [126.996483431, 37.653332535], [126.996488625, 37.653349527], [126.996491546, 37.653357923], [126.996494803, 37.653366214], [126.99649852, 37.653374362], [126.996502817, 37.653382367], [126.996507578, 37.653390228], [126.996512676, 37.653397986], [126.996518015, 37.653405671], [126.996534846, 37.653428487], [126.996558078, 37.653458629], [126.996569956, 37.653473488], [126.996576029, 37.653480788], [126.996582249, 37.653487945], [126.996588683, 37.653494894], [126.996595423, 37.653501548], [126.996602589, 37.653507792], [126.996610342, 37.653513473], [126.996618812, 37.653518468], [126.996627868, 37.653522899], [126.996637354, 37.653526919], [126.996647148, 37.653530643], [126.99665716, 37.653534156], [126.996677586, 37.653540794], [126.996739828, 37.653559814], [126.996760466, 37.653566336], [126.996770701, 37.653569719], [126.996780851, 37.653573226], [126.996790885, 37.653576905], [126.996800764, 37.653580817], [126.996810467, 37.653585016], [126.996820015, 37.653589445], [126.996838806, 37.653598765], [126.996875818, 37.653618268], [126.99696793, 37.653667747], [126.996986227, 37.653677736], [126.997004245, 37.653687942], [126.997013059, 37.653693198], [126.997021664, 37.653698618], [126.997029981, 37.653704265], [126.997037901, 37.653710227], [126.997045261, 37.653716499], [126.99705223, 37.65372308], [126.997058913, 37.653729887], [126.997065389, 37.653736855], [126.997077945, 37.653751104], [126.997102294, 37.653780182], [126.997126065, 37.653809606], [126.997143448, 37.653832086], [126.997171951, 37.653869767], [126.997205949, 37.653915064], [126.997222682, 37.653937827], [126.997233481, 37.653953057], [126.997243965, 37.653968323], [126.997284985, 37.654029797], [126.997310233, 37.654068549], [126.997355412, 37.654139615], [126.997371172, 37.654163144], [126.997382194, 37.6541788], [126.997399038, 37.65420215], [126.997465599, 37.654293601], [126.997464746, 37.654306818], [126.99745842, 37.654317638], [126.997451634, 37.654322519], [126.997445681, 37.654327587], [126.997440998, 37.654333036], [126.997438453, 37.654337777], [126.997436987, 37.654342782], [126.997436566, 37.654347941], [126.997437215, 37.654353161], [126.997439377, 37.654359289], [126.997442805, 37.654365327], [126.997447255, 37.654371236], [126.997452561, 37.654376964], [126.997458897, 37.654382732], [126.99746583, 37.654388311], [126.997473172, 37.654393752], [126.997480782, 37.654399108], [126.997512565, 37.654420588], [126.997520748, 37.6544259], [126.997529174, 37.654431049], [126.997539099, 37.654436261], [126.997550644, 37.654441365], [126.997563178, 37.654446152], [126.997576088, 37.654450493], [126.997588778, 37.654454268], [126.997600639, 37.65445736], [126.997611121, 37.654459716], [126.997619443, 37.654461329], [126.997626788, 37.654462496], [126.997635049, 37.654464991], [126.997638738, 37.654468794], [126.997640089, 37.654472211], [126.997642412, 37.654477424], [126.997645656, 37.654484077], [126.997649781, 37.654491809], [126.997654894, 37.654500563], [126.997660645, 37.65450977], [126.997678546, 37.654537195], [126.997683746, 37.654545512], [126.997688163, 37.654552987], [126.997692282, 37.654560444], [126.997696151, 37.654567977], [126.997706287, 37.654589513], [126.99770981, 37.654596589], [126.997713635, 37.654603523], [126.997717912, 37.65461025], [126.997722801, 37.654616754], [126.997728238, 37.654622998], [126.997734109, 37.654628957], [126.997740354, 37.654634721], [126.997746886, 37.654640333], [126.997753642, 37.654645817], [126.997767684, 37.65465647], [126.997774524, 37.654661363], [126.997788541, 37.654670899], [126.997803801, 37.654680658], [126.997819305, 37.654690203], [126.997844747, 37.654705484], [126.99786251, 37.654715815], [126.997871471, 37.654720818], [126.997880521, 37.654725648], [126.997889692, 37.654730227], [126.997899041, 37.654734452], [126.9979068, 37.654737545], [126.99791471, 37.654740286], [126.997922778, 37.654742627], [126.997931011, 37.654744501], [126.997939911, 37.654745913], [126.997948971, 37.654746853], [126.997958148, 37.654747453], [126.99800076, 37.654748732], [126.998010479, 37.654749247], [126.99802014, 37.654749977], [126.998029713, 37.654750979], [126.998037307, 37.654752036], [126.9980448, 37.654753365], [126.998052166, 37.654755016], [126.998062288, 37.65475795], [126.998072181, 37.654761459], [126.9980819, 37.654765391], [126.998091495, 37.654769627], [126.998110444, 37.654778681], [126.998138577, 37.654792976], [126.998241269, 37.654846374], [126.998278789, 37.654865487], [126.998297744, 37.654874752], [126.998307326, 37.654879233], [126.99831701, 37.654883565], [126.998336302, 37.654891539], [126.998355894, 37.654899082], [126.998395456, 37.65491361], [126.998464997, 37.654938571], [126.9985036, 37.654952115], [126.998531708, 37.654961715], [126.99855994, 37.654971083], [126.998627585, 37.654992538], [126.998646825, 37.654998838], [126.998666204, 37.655005532], [126.998724685, 37.655026779], [126.998744329, 37.655033346], [126.998754258, 37.655036314], [126.998764295, 37.655038961], [126.998773526, 37.655041008], [126.998782855, 37.655042716], [126.998792266, 37.655044088], [126.998801752, 37.655045101], [126.998812815, 37.655045815], [126.998823941, 37.65504615], [126.998835111, 37.655046235], [126.99886872, 37.655045982], [126.998879915, 37.65504602], [126.998891086, 37.65504627], [126.998902218, 37.655046843], [126.998912747, 37.655047773], [126.998923235, 37.655049013], [126.998933696, 37.655050488], [126.998954561, 37.655053911], [126.998985783, 37.655059678], [126.999186378, 37.655099029], [126.999207379, 37.65510341], [126.999228176, 37.655108195], [126.999238429, 37.655110866], [126.999248536, 37.655113826], [126.999258442, 37.65511717], [126.999269479, 37.655121363], [126.999281391, 37.655126217], [126.999306011, 37.65513682], [126.999338062, 37.655150955], [126.999349558, 37.655155779], [126.999352114, 37.655156733], [126.999353078, 37.655156947], [126.999368797, 37.655160484], [126.999376006, 37.655162317], [126.999383694, 37.655164505], [126.999391445, 37.655167032], [126.999398833, 37.655169901], [126.999405433, 37.655173106], [126.999411006, 37.65517671], [126.999415435, 37.655180444], [126.999419563, 37.655184418], [126.999423529, 37.655188565], [126.999431183, 37.655197166], [126.999446065, 37.655214846], [126.999464457, 37.65523712], [126.999471607, 37.655246077], [126.999478353, 37.655255139], [126.999481444, 37.655259744], [126.999484239, 37.65526443], [126.99948662, 37.655269227], [126.999488442, 37.655274028], [126.999489861, 37.65527894], [126.999490983, 37.65528393], [126.999492636, 37.655294074], [126.999493835, 37.655304337], [126.999499673, 37.655371572], [126.999499661, 37.655372686], [126.99950031, 37.655375808], [126.999501688, 37.655380602], [126.99950389, 37.655386733], [126.999507289, 37.655394513], [126.999511665, 37.65540312], [126.999516842, 37.655412224], [126.999522618, 37.655421495], [126.999528781, 37.655430612], [126.999535112, 37.655439253], [126.999541835, 37.65544764], [126.999548185, 37.655454833], [126.999554517, 37.655461644], [126.999567548, 37.655474971], [126.999574261, 37.655481444], [126.999581142, 37.655487733], [126.999588232, 37.655493777], [126.999595606, 37.655499482], [126.999603358, 37.65550473], [126.999611603, 37.655509364], [126.999620764, 37.655513392], [126.999630438, 37.65551678], [126.999640478, 37.655519694], [126.999650773, 37.655522261], [126.999661238, 37.655524555], [126.999671809, 37.655526623], [126.99968244, 37.655528477], [126.999693078, 37.655530097], [126.99970369, 37.655531428], [126.999714226, 37.655532383], [126.999724643, 37.655532836], [126.999734879, 37.655532596], [126.999744867, 37.655531422], [126.999754732, 37.655529058], [126.999764318, 37.65552571], [126.999773672, 37.655521627], [126.999782823, 37.655516977], [126.999791778, 37.655511881], [126.999799357, 37.655507185], [126.999814199, 37.65549723], [126.999828776, 37.655486836], [126.999843145, 37.655476279], [126.99987856, 37.655449811], [126.999885662, 37.655444782], [126.999892848, 37.655440039], [126.999900171, 37.655435708], [126.999907692, 37.655431946], [126.999915486, 37.655428951], [126.999923391, 37.655426945], [126.999931514, 37.655425834], [126.999939744, 37.655425599], [126.999947974, 37.655426277], [126.99995768, 37.6554283], [126.999967283, 37.655431348], [126.999976819, 37.655435099], [126.999986326, 37.655439306], [127.000015079, 37.655452795], [127.000024902, 37.655457064], [127.000034947, 37.655460963], [127.000045065, 37.655464328], [127.000055376, 37.655467387], [127.00007591, 37.655473031], [127.000117375, 37.655483817], [127.000137902, 37.655489345], [127.000147979, 37.655492263], [127.000157852, 37.655495358], [127.000167431, 37.655498705], [127.000176593, 37.655502415], [127.000185187, 37.655506624], [127.000193003, 37.65551151], [127.000199667, 37.655517018], [127.000205618, 37.655523163], [127.000211057, 37.655529773], [127.000216147, 37.655536713], [127.000221021, 37.655543878], [127.000252186, 37.655592332], [127.000276482, 37.655629684], [127.000280525, 37.655636156], [127.000284263, 37.655642663], [127.000287537, 37.65564925], [127.000290159, 37.655655963], [127.000292206, 37.655663931], [127.000293375, 37.655672082], [127.000293899, 37.65568037], [127.000293961, 37.655688754], [127.0002937, 37.655697208], [127.00029087, 37.655739896], [127.000290531, 37.655748433], [127.000290456, 37.655756947], [127.000290763, 37.655765426], [127.000291585, 37.655773857], [127.000293052, 37.655782302], [127.000295024, 37.655790705], [127.000297338, 37.655799079], [127.000310272, 37.655840764], [127.000315727, 37.65585737], [127.000329812, 37.655897378], [127.000334816, 37.655913515], [127.000339435, 37.655929735], [127.000348214, 37.655961761], [127.00036527, 37.656024945], [127.00036995, 37.656040643], [127.000372575, 37.656048415], [127.000375493, 37.656056104], [127.000379025, 37.656064284], [127.000382852, 37.656072381], [127.000394854, 37.65609645], [127.000405854, 37.656119016], [127.000409833, 37.656126308], [127.000414224, 37.656133369], [127.00041921, 37.656140112], [127.00042467, 37.656146209], [127.000430634, 37.656152054], [127.000443174, 37.656163501], [127.000449333, 37.656169348], [127.000455224, 37.656175477], [127.000460736, 37.656181834], [127.00046583, 37.656188405], [127.000470448, 37.656195186], [127.000474486, 37.656202193], [127.000477985, 37.656209701], [127.000480912, 37.656217414], [127.000483407, 37.656225275], [127.000485587, 37.65623325], [127.000489319, 37.656249408], [127.000492576, 37.656265729], [127.000497073, 37.656290321], [127.000501197, 37.656314284], [127.000503493, 37.656330417], [127.000507455, 37.656363378], [127.000508672, 37.656371566], [127.000510139, 37.656379713], [127.000511958, 37.656387802], [127.000514426, 37.65639649], [127.000517316, 37.656405108], [127.000520513, 37.656413679], [127.000527505, 37.656430719], [127.000538747, 37.656456161], [127.0006079, 37.656608634]]}, "properties": {"vcursId": "121500V013", "name": "소귀천코스", "distanceKm": "5.1", "durationH": "03", "durationM": "10", "difficulty": "중", "section": "소귀천공원지킴터~소귀천계곡~대동문~동장대~용암문~도선사"}}, {"type": "Feature", "geometry": {"type": "LineString", "coordinates": [[126.949344177, 37.655115507], [126.949415535, 37.655123103], [126.949482141, 37.655123132], [126.949517031, 37.655121885], [126.949532686, 37.655117339], [126.949582063, 37.655103], [126.949586125, 37.655100653], [126.949586451, 37.655100466], [126.949634417, 37.655072763], [126.949642595, 37.655064739], [126.949661394, 37.655046298], [126.949689951, 37.655028658], [126.949713403, 37.65501333], [126.949729329, 37.655002921], [126.949810676, 37.654986781], [126.949811582, 37.654986066], [126.949814412, 37.654984414], [126.949824999, 37.654978972], [126.949833922, 37.654974839], [126.949844329, 37.654970406], [126.949854758, 37.654966317], [126.949865725, 37.654962264], [126.949869009, 37.654961079], [126.949898503, 37.654950444], [126.949919169, 37.654942512], [126.949936822, 37.654935736], [126.949946793, 37.654932078], [126.949956834, 37.654928698], [126.949966999, 37.65492573], [126.949991164, 37.654919992], [126.950000544, 37.654917483], [126.950009831, 37.654914652], [126.950018997, 37.654911511], [126.950028002, 37.654908046], [126.950036123, 37.654904578], [126.950060169, 37.654893511], [126.950068301, 37.654889943], [126.950077918, 37.654886062], [126.950087698, 37.654882412], [126.950097588, 37.654878918], [126.950125703, 37.654869355], [126.950135178, 37.654866132], [126.950144198, 37.654862826], [126.950171405, 37.654852125], [126.95017816, 37.654849724], [126.950180399, 37.654848928], [126.950189467, 37.654846232], [126.950198678, 37.654844276], [126.950207592, 37.654843254], [126.950216669, 37.654842819], [126.95024307, 37.654842269], [126.950251682, 37.654841803], [126.950260243, 37.654841005], [126.950268697, 37.654839748], [126.950278584, 37.654837526], [126.950288325, 37.654834702], [126.950317388, 37.654824903], [126.950327571, 37.654821823], [126.950337891, 37.654819158], [126.950340478, 37.654818635], [126.95034833, 37.654817051], [126.950358893, 37.654815699], [126.950369356, 37.654815313], [126.950381325, 37.654815929], [126.950394573, 37.654817383], [126.950408496, 37.654819447], [126.950422495, 37.654821894], [126.950448335, 37.654827079], [126.950472752, 37.654832498], [126.950474673, 37.654832812], [126.95050878, 37.654830859], [126.950520249, 37.654828591], [126.950531526, 37.654825779], [126.950537666, 37.654823973], [126.950544204, 37.654821774], [126.950550494, 37.6548194], [126.9505563, 37.654816987], [126.95056139, 37.654814678], [126.950584506, 37.654803601], [126.950618834, 37.654788362], [126.950628565, 37.654783905], [126.950637375, 37.654779645], [126.950668254, 37.654764237], [126.950716282, 37.654741498], [126.950728303, 37.65473554], [126.950740291, 37.654729286], [126.950750254, 37.654723686], [126.950756939, 37.654719523], [126.950859252, 37.654675085], [126.950873593, 37.654668489], [126.950882807, 37.654663775], [126.950887219, 37.654661239], [126.950891435, 37.654658523], [126.950895145, 37.654655795], [126.950902114, 37.654649921], [126.950918825, 37.654634507], [126.950922342, 37.654631552], [126.950930403, 37.654625545], [126.950938909, 37.654619888], [126.950948251, 37.654614081], [126.950987995, 37.654590627], [126.951127024, 37.65456926], [126.951158986, 37.65456422], [126.951190395, 37.654558797], [126.951200935, 37.654556737], [126.95121137, 37.654554476], [126.951221652, 37.654551936], [126.951231611, 37.654549092], [126.951241369, 37.654545991], [126.951250919, 37.654542729], [126.951254924, 37.654541269], [126.95126924, 37.654536052], [126.95130518, 37.654522464], [126.951308871, 37.654521217], [126.951310589, 37.65452078], [126.951312541, 37.654520511], [126.95131424, 37.654520012], [126.951316759, 37.65451904], [126.951333974, 37.654512399], [126.951341941, 37.654509469], [126.951359591, 37.654503283], [126.951378566, 37.654496943], [126.951398139, 37.654490744], [126.951408008, 37.654487807], [126.951417878, 37.654485059], [126.951427712, 37.654482578], [126.951437478, 37.654480473], [126.951447137, 37.654478882], [126.951456648, 37.654477985], [126.951465958, 37.654478014], [126.951475033, 37.654479111], [126.951485378, 37.654481243], [126.951492997, 37.654482813], [126.951502184, 37.654484405], [126.951510985, 37.654485212], [126.951520011, 37.654485395], [126.951529192, 37.654485047], [126.951538466, 37.654484232], [126.951547773, 37.654482978], [126.951558144, 37.654481073], [126.951568436, 37.654478679], [126.951578592, 37.65447581], [126.951583365, 37.65447419], [126.951588542, 37.654472433], [126.951596017, 37.654469464], [126.951603372, 37.654466243], [126.951628434, 37.6544545], [126.951640144, 37.654449274], [126.951652614, 37.654443947], [126.951665343, 37.654438781], [126.95167782, 37.654434025], [126.951679477, 37.654433437], [126.951687461, 37.654430604], [126.951696279, 37.654427691], [126.951703963, 37.654425361], [126.951710198, 37.654423682], [126.951715345, 37.654422584], [126.951717297, 37.654422536], [126.951720739, 37.654422105], [126.95172313, 37.65442163], [126.951725485, 37.654420898], [126.951727383, 37.654419997], [126.951745489, 37.654408636], [126.951759722, 37.654399703], [126.951761008, 37.654400025], [126.951764648, 37.654399888], [126.951770001, 37.654399133], [126.951776789, 37.654397741], [126.951785184, 37.654395664], [126.951794456, 37.654393149], [126.951813072, 37.654387815], [126.951822149, 37.654384982], [126.951830545, 37.654382077], [126.95183786, 37.654379119], [126.951844144, 37.654376009], [126.9518499, 37.654372565], [126.951855198, 37.654368782], [126.95186017, 37.654364688], [126.951864858, 37.654360347], [126.951867956, 37.654357167], [126.951869286, 37.654355803], [126.951873455, 37.65435108], [126.95187735, 37.654346192], [126.951881071, 37.654340998], [126.95189156, 37.654325035], [126.951895212, 37.654319784], [126.951898617, 37.654315285], [126.951902231, 37.654310898], [126.951906067, 37.654306638], [126.951910144, 37.654302529], [126.951915503, 37.654297705], [126.951917799, 37.654295833], [126.951921172, 37.654293082], [126.951933127, 37.654284234], [126.951961625, 37.654264877], [126.951970676, 37.65425873], [126.951982496, 37.654250355], [126.95199349, 37.654242039], [126.95199883, 37.654237765], [126.952015783, 37.654223409], [126.952022571, 37.654217889], [126.952029994, 37.654212151], [126.952037795, 37.65420636], [126.952053186, 37.654195389], [126.952074886, 37.654180636], [126.952079263, 37.654171042], [126.952081861, 37.654166117], [126.952083168, 37.654163991], [126.952083234, 37.654163885], [126.952084619, 37.654161973], [126.952086053, 37.654160377], [126.952087668, 37.654158909], [126.952089431, 37.654157531], [126.952093235, 37.654154946], [126.952101337, 37.654150072], [126.952108124, 37.654146153], [126.952130276, 37.654133361], [126.952136545, 37.654129901], [126.952140831, 37.654127763], [126.95214533, 37.65412591], [126.952150327, 37.654124296], [126.952159807, 37.65412177], [126.952172174, 37.654118758], [126.952186139, 37.654116012], [126.952191177, 37.654114902], [126.952206686, 37.654111485], [126.952218838, 37.654108639], [126.952240177, 37.654103404], [126.952256365, 37.654099433], [126.952268085, 37.654096781], [126.952279181, 37.654094578], [126.952310033, 37.654089018], [126.952356165, 37.654079864], [126.952373292, 37.654076467], [126.952389374, 37.654073658], [126.95240783, 37.654070972], [126.952433265, 37.654068031], [126.95244955, 37.654066148], [126.95247031, 37.654063498], [126.952480589, 37.654061891], [126.95249076, 37.654059976], [126.952500188, 37.654057822], [126.952509488, 37.654055341], [126.952518652, 37.654052558], [126.95252577, 37.654050166], [126.952542752, 37.654043917], [126.952552576, 37.654040035], [126.952562258, 37.654035988], [126.952571742, 37.654031741], [126.952580948, 37.654027239], [126.952589765, 37.654022394], [126.952598045, 37.654017086], [126.952604929, 37.654011796], [126.952611222, 37.65400605], [126.952617602, 37.653999104], [126.952623449, 37.653991777], [126.95262897, 37.653984203], [126.952635599, 37.653974746], [126.952643628, 37.65396329], [126.952689605, 37.653899798], [126.952694333, 37.653892613], [126.952698339, 37.653885264], [126.952701269, 37.653877911], [126.952703485, 37.653870002], [126.952704875, 37.653863417], [126.952705402, 37.653860924], [126.952708867, 37.653842358], [126.952710989, 37.653833443], [126.952713462, 37.653824808], [126.952716185, 37.653816735], [126.952719525, 37.653808419], [126.952720964, 37.653805524], [126.952722882, 37.653801667], [126.952725617, 37.653797342], [126.952727815, 37.653794701], [126.952729193, 37.653793953], [126.952734156, 37.653792053], [126.952740606, 37.653789586], [126.952748567, 37.653786287], [126.952756219, 37.6537827], [126.952759455, 37.65378092], [126.952762208, 37.653779152], [126.952767354, 37.653775383], [126.952782186, 37.653763422], [126.952787273, 37.653759588], [126.95278971, 37.65375799], [126.952792646, 37.653756063], [126.952798248, 37.653753095], [126.952804124, 37.65375042], [126.952810142, 37.653747899], [126.952843898, 37.653734465], [126.952881213, 37.653719047], [126.952901352, 37.653711982], [126.952950042, 37.653693883], [126.95298289, 37.653682283], [126.952991878, 37.653678944], [126.95299945, 37.653675934], [126.95302196, 37.65366654], [126.953049985, 37.653655148], [126.953059196, 37.653651153], [126.953067985, 37.653647056], [126.95306855, 37.653646792], [126.953096199, 37.653633077], [126.953105494, 37.65362861], [126.953114938, 37.65362436], [126.953122572, 37.653621202], [126.953130323, 37.653618216], [126.953146096, 37.653612645], [126.953158246, 37.653608738], [126.953162667, 37.653607317], [126.95317941, 37.653602285], [126.953197328, 37.653597207], [126.953215396, 37.653592527], [126.953224936, 37.65359031], [126.953234534, 37.653588279], [126.953244186, 37.653586456], [126.953253897, 37.653584874], [126.953263211, 37.653583625], [126.953272571, 37.653582613], [126.953281967, 37.653581822], [126.953292719, 37.653581168], [126.953329776, 37.65357968], [126.953333721, 37.653579522], [126.953343386, 37.653578876], [126.953348869, 37.65357832], [126.953352977, 37.653577905], [126.953361327, 37.653576703], [126.95336962, 37.653575223], [126.953377875, 37.653573539], [126.953396407, 37.653569301], [126.953406685, 37.653566776], [126.953427103, 37.653561405], [126.953437186, 37.653558524], [126.953440943, 37.653557364], [126.953447125, 37.653555456], [126.953457023, 37.653552008], [126.95346768, 37.65354739], [126.953478679, 37.653541534], [126.9534897, 37.653534451], [126.953500205, 37.653526752], [126.95350974, 37.653519176], [126.953509957, 37.653519004], [126.953531284, 37.653501134], [126.953534922, 37.653498124], [126.953536345, 37.653497172], [126.953543597, 37.653486901], [126.953551289, 37.653476913], [126.953554165, 37.653473498], [126.953555785, 37.653471573], [126.953560582, 37.653466337], [126.95356558, 37.653461458], [126.953570188, 37.653457525], [126.953574645, 37.653454155], [126.953579679, 37.653450674], [126.9535872, 37.653445472], [126.953601139, 37.653435114], [126.953605912, 37.653431805], [126.953610898, 37.653428722], [126.953616164, 37.653425941], [126.95362167, 37.653423409], [126.953625906, 37.65342166], [126.95362735, 37.653421064], [126.953639067, 37.653416764], [126.953647446, 37.653414037], [126.95365108, 37.653412853], [126.953661541, 37.653409821], [126.953664974, 37.653408991], [126.953672154, 37.653407255], [126.953677866, 37.653406169], [126.953683616, 37.653405285], [126.953689388, 37.653404599], [126.953695164, 37.653404125], [126.953700929, 37.653403895], [126.953703504, 37.653403925], [126.953706663, 37.653403962], [126.953712672, 37.653404413], [126.953718601, 37.65340522], [126.95372442, 37.653406354], [126.953730089, 37.653407812], [126.953730724, 37.653408022], [126.953735553, 37.653409621], [126.953740737, 37.653411843], [126.953745288, 37.653414352], [126.953747787, 37.653416011], [126.953749585, 37.653417205], [126.95375369, 37.653420317], [126.953755377, 37.653421747], [126.953779604, 37.653442287], [126.953785591, 37.653447037], [126.953791221, 37.65345122], [126.953796241, 37.653454606], [126.953800282, 37.653456974], [126.953803087, 37.653458314], [126.953804304, 37.653458511], [126.953809416, 37.653457492], [126.953815102, 37.653456596], [126.953822291, 37.653455694], [126.953830541, 37.653454982], [126.95383941, 37.653454661], [126.953848447, 37.653454944], [126.953857202, 37.653456056], [126.953864582, 37.653457918], [126.953871165, 37.653460418], [126.953876775, 37.653463296], [126.953891545, 37.653472383], [126.953896411, 37.653475129], [126.953901424, 37.653477534], [126.95390667, 37.653479445], [126.953913311, 37.653480951], [126.953920296, 37.653481872], [126.953933412, 37.653483047], [126.953937792, 37.653483439], [126.953945333, 37.653484369], [126.953976029, 37.653489067], [126.953980483, 37.653489613], [126.953983826, 37.653490023], [126.953991086, 37.653490673], [126.954005706, 37.653491515], [126.954036025, 37.653492891], [126.954043807, 37.653493137], [126.95405154, 37.653493159], [126.954057738, 37.653492934], [126.954063872, 37.653492451], [126.954069237, 37.653491756], [126.954069913, 37.653491669], [126.95407583, 37.653490528], [126.954082936, 37.653488558], [126.954089853, 37.653486078], [126.954096626, 37.65348322], [126.954103586, 37.65347993], [126.954119893, 37.653471444], [126.954152731, 37.653453657], [126.954163009, 37.65344844], [126.954165698, 37.653447238], [126.95416673, 37.653446975], [126.95416842, 37.653446292], [126.954173074, 37.653445317], [126.954180166, 37.65344437], [126.954187202, 37.653443869], [126.954195167, 37.653443739], [126.954203777, 37.653444097], [126.954212739, 37.653445055], [126.954223454, 37.653447064], [126.95423391, 37.653449868], [126.954243782, 37.653453216], [126.954252749, 37.653456835], [126.954263121, 37.653461642], [126.954274663, 37.653466992], [126.954281798, 37.653470136], [126.954289027, 37.653473144], [126.954296373, 37.653475969], [126.95430875, 37.653480169], [126.954313842, 37.653481696], [126.954338293, 37.653489033], [126.954345969, 37.653491503], [126.954373894, 37.653501422], [126.954379132, 37.653503107], [126.954387629, 37.65350584], [126.954398986, 37.65350903], [126.954406122, 37.65351077], [126.954413185, 37.653512183], [126.954420153, 37.653513144], [126.954426996, 37.65351349], [126.95443359, 37.653513073], [126.95443992, 37.653511869], [126.954447142, 37.65350933], [126.95445372, 37.65350577], [126.954459521, 37.653501317], [126.954464063, 37.653496446], [126.954464278, 37.653496215], [126.95446817, 37.653490499], [126.954471183, 37.653484296], [126.954473332, 37.653477637], [126.954474833, 37.653470687], [126.954478074, 37.653449654], [126.954479442, 37.653442207], [126.954481642, 37.653431629], [126.954483263, 37.653423842], [126.954485617, 37.653413479], [126.954490434, 37.653394156], [126.954491128, 37.653391668], [126.95449268, 37.653386103], [126.954495566, 37.65337698], [126.954496508, 37.653374521], [126.954497014, 37.653373779], [126.954497305, 37.653372769], [126.954497263, 37.653370015], [126.954496886, 37.653365797], [126.954496123, 37.653360399], [126.954494857, 37.653353686], [126.954491591, 37.65333847], [126.954490235, 37.653331206], [126.954490038, 37.653330147], [126.954489, 37.653322086], [126.954488769, 37.653314654], [126.954489491, 37.653308284], [126.954490836, 37.653302214], [126.954492064, 37.653297939], [126.954496099, 37.653283897], [126.954497669, 37.653277708], [126.954498859, 37.653271833], [126.954499519, 37.653267679], [126.954505329, 37.653231122], [126.954506447, 37.653221495], [126.954507484, 37.653212573], [126.954508394, 37.653206227], [126.954509764, 37.653199967], [126.954511497, 37.653194575], [126.95451365, 37.65318925], [126.954516098, 37.653183966], [126.954524649, 37.653167226], [126.954526882, 37.653162854], [126.954531827, 37.653151887], [126.954536042, 37.653140927], [126.954536113, 37.65314074], [126.954537983, 37.653135111], [126.954543582, 37.653115988], [126.954546481, 37.653108836], [126.954549759, 37.653102453], [126.954553664, 37.653096016], [126.954558038, 37.653089735], [126.954562711, 37.653083815], [126.954567507, 37.653078454], [126.954572254, 37.653073777], [126.954576571, 37.653069966], [126.954580116, 37.653067129], [126.954582548, 37.653065379], [126.954583546, 37.653064837], [126.9545965, 37.653049134], [126.954605301, 37.653038047], [126.954613395, 37.653027101], [126.95461659, 37.653022281], [126.954619133, 37.653018018], [126.95462383, 37.653009339], [126.95462823, 37.653000542], [126.954638702, 37.652978345], [126.954643701, 37.652967054], [126.954650217, 37.652952335], [126.954663132, 37.652921475], [126.954667208, 37.652912452], [126.954669451, 37.652908022], [126.954670784, 37.65290567], [126.954671913, 37.652903678], [126.954674564, 37.652899568], [126.954680445, 37.652891576], [126.954690077, 37.652879568], [126.954693645, 37.652874775], [126.954695742, 37.652871724], [126.954697235, 37.652869554], [126.954700636, 37.65286409], [126.95470365, 37.652858576], [126.954706078, 37.652853367], [126.954708007, 37.652848549], [126.954709458, 37.652844368], [126.954710451, 37.652841069], [126.954710301, 37.652839128], [126.954710093, 37.652836437], [126.954713427, 37.652837861], [126.95471713, 37.652838824], [126.954724962, 37.652840147], [126.954784879, 37.65284839], [126.954795564, 37.652857912], [126.954803088, 37.652864181], [126.954811913, 37.652871083], [126.954821852, 37.652878305], [126.954832589, 37.652885427], [126.954843767, 37.652892058], [126.954854934, 37.652897946], [126.954865582, 37.652902878], [126.954875331, 37.652906727], [126.954885398, 37.652910249], [126.954895615, 37.652913503], [126.95490595, 37.652916518], [126.954916383, 37.652919292], [126.954926909, 37.652921793], [126.954937533, 37.65292396], [126.954947769, 37.652925659], [126.954958077, 37.652927018], [126.954968436, 37.652928055], [126.954978898, 37.652928761], [126.954989377, 37.652929109], [126.954999852, 37.652929048], [126.955010834, 37.652928491], [126.955021782, 37.652927499], [126.955032687, 37.652926135], [126.955041032, 37.652924854], [126.955049336, 37.652923383], [126.955057589, 37.652921723], [126.95506578, 37.652919864], [126.9550743, 37.652917691], [126.955082754, 37.652915333], [126.955099522, 37.65291023], [126.955150448, 37.652893398], [126.955160048, 37.652890348], [126.955208681, 37.652876084], [126.955248605, 37.652863757], [126.955256726, 37.652861595], [126.955266138, 37.652859491], [126.95527567, 37.652857671], [126.955305155, 37.652852485], [126.955315042, 37.652850518], [126.955324742, 37.652848319], [126.955334334, 37.652845846], [126.955343797, 37.65284308], [126.955353921, 37.652839738], [126.955390715, 37.652826575], [126.955407111, 37.652820548], [126.955415071, 37.652817444], [126.955430692, 37.652810846], [126.955457563, 37.652798203], [126.955466674, 37.652794247], [126.955475442, 37.65279087], [126.9554844, 37.652787766], [126.955493503, 37.652784859], [126.955511173, 37.652779612], [126.95555542, 37.652767304], [126.955616709, 37.65275079], [126.955637772, 37.652744748], [126.95564815, 37.652741539], [126.955657025, 37.652738603], [126.955665742, 37.652735486], [126.955674247, 37.65273214], [126.95568248, 37.652728508], [126.955690199, 37.652724673], [126.955705129, 37.652716733], [126.955712561, 37.652712999], [126.955720115, 37.652709694], [126.955727904, 37.652707053], [126.955736536, 37.652705192], [126.955745445, 37.652704238], [126.955754515, 37.652704099], [126.95576364, 37.652704738], [126.955772613, 37.652706125], [126.955781467, 37.652708195], [126.955790134, 37.652710898], [126.955798523, 37.652714232], [126.955807619, 37.652718752], [126.955816413, 37.652723839], [126.955842484, 37.652740235], [126.955850019, 37.652744658], [126.955872999, 37.652757685], [126.955880926, 37.652762442], [126.955888713, 37.652767357], [126.955896345, 37.652772431], [126.955903795, 37.652777676], [126.955911491, 37.652783458], [126.955918972, 37.652789426], [126.955926248, 37.652795559], [126.955933315, 37.65280185], [126.955939909, 37.652808047], [126.955946328, 37.652814367], [126.955958725, 37.652827295], [126.955964721, 37.652833895], [126.9559763, 37.652847301], [126.955987092, 37.652860801], [126.955992073, 37.652867588], [126.955996718, 37.65287448], [126.956000916, 37.652881512], [126.956004515, 37.65288862], [126.956007565, 37.652895872], [126.956010064, 37.652903244], [126.956011965, 37.652910724], [126.956013246, 37.652918518], [126.95601393, 37.652926385], [126.956014095, 37.652934297], [126.956013843, 37.652941478], [126.95601326, 37.652948664], [126.956012387, 37.652955846], [126.956011325, 37.652962517], [126.956010021, 37.652969163], [126.956008458, 37.652975775], [126.956006602, 37.652982339], [126.956003853, 37.652990414], [126.95600068, 37.652998404], [126.955997153, 37.653006316], [126.955989676, 37.653021172], [126.955981244, 37.65303648], [126.955972056, 37.653052272], [126.955952715, 37.653084038], [126.955943955, 37.653098879], [126.955932429, 37.653119528], [126.955921122, 37.653141029], [126.955914016, 37.653155744], [126.955910766, 37.653163082], [126.955898492, 37.65319263], [126.955891976, 37.653207286], [126.955884936, 37.653221346], [126.955870656, 37.653248779], [126.955864076, 37.653262345], [126.955856881, 37.653278509], [126.955843704, 37.653309045], [126.95583797, 37.653323588], [126.955833029, 37.653338433], [126.955829026, 37.653353058], [126.955827397, 37.653360227], [126.955825998, 37.653367416], [126.95582487, 37.65337462], [126.955823986, 37.65338265], [126.955823553, 37.653390685], [126.955823615, 37.653399091], [126.955824154, 37.653408716], [126.955826264, 37.65342818], [126.955827328, 37.653435622], [126.955828651, 37.653442971], [126.955830406, 37.653450194], [126.955832838, 37.653457468], [126.955835359, 37.653463368], [126.955839162, 37.653470457], [126.955843495, 37.653476904], [126.95584616, 37.653480313], [126.955850138, 37.653484872], [126.955859947, 37.653495506], [126.955865484, 37.653501822], [126.955870787, 37.653508337], [126.955876005, 37.653515408], [126.955880927, 37.653522643], [126.955890595, 37.65353769], [126.955895722, 37.653545263], [126.95590136, 37.653552505], [126.955907724, 37.653559157], [126.95591494, 37.653565206], [126.955923021, 37.653570595], [126.955931782, 37.653575437], [126.95594104, 37.653579876], [126.955950658, 37.653584022], [126.955960534, 37.653587956], [126.955970593, 37.653591741], [126.955992201, 37.653599415], [126.956018674, 37.653608438], [126.956077165, 37.653628047], [126.956084427, 37.653630641], [126.956100475, 37.653635408], [126.956112627, 37.653634883], [126.956124516, 37.653634643], [126.95613095, 37.653634658], [126.956143031, 37.653635049], [126.956153137, 37.65363579], [126.956162447, 37.653636751], [126.956171389, 37.653637894], [126.956197135, 37.653641647], [126.956211501, 37.653643189], [126.95622109, 37.653643725], [126.95622588, 37.653643756], [126.95623537, 37.653643243], [126.956249566, 37.653641616], [126.956262822, 37.653639619], [126.95627125, 37.653638067], [126.956279452, 37.653636108], [126.956283412, 37.653634879], [126.956287356, 37.653633386], [126.956291195, 37.653631704], [126.956303437, 37.653625787], [126.956313601, 37.653621449], [126.956319168, 37.653619438], [126.956329633, 37.653616194], [126.956337459, 37.653614138], [126.956340581, 37.653613504], [126.956361636, 37.653610559], [126.95636438, 37.65361025], [126.956367115, 37.653610136], [126.956371621, 37.653610663], [126.956386895, 37.653613637], [126.956388074, 37.653614833], [126.956391905, 37.65361762], [126.956398077, 37.65362161], [126.956406399, 37.653626462], [126.956416411, 37.653631807], [126.956427675, 37.653637361], [126.956439937, 37.653642962], [126.956452482, 37.653648303], [126.956464761, 37.653653201], [126.956476225, 37.653657477], [126.956486457, 37.653661018], [126.956526387, 37.653674271], [126.956546915, 37.653681703], [126.956564816, 37.653688604], [126.956580147, 37.653694847], [126.956587718, 37.653698104], [126.956602516, 37.653704895], [126.956617054, 37.653712037], [126.956626481, 37.653716898], [126.956635789, 37.653721898], [126.956644953, 37.653727063], [126.956651867, 37.653731151], [126.956665459, 37.653739583], [126.956693944, 37.653757949], [126.956701289, 37.653762537], [126.956710234, 37.653767891], [126.956719339, 37.653773059], [126.95672862, 37.653778016], [126.956747459, 37.653787246], [126.956804594, 37.653814337], [126.956813521, 37.653818324], [126.956823112, 37.653822345], [126.956832833, 37.653826041], [126.956842735, 37.653829288], [126.956851705, 37.65383173], [126.956878094, 37.653838157], [126.956894323, 37.653842696], [126.956902359, 37.653845175], [126.956929739, 37.65385432], [126.956937715, 37.653856851], [126.956945728, 37.653859175], [126.956953793, 37.653861204], [126.956961931, 37.65386283], [126.956970173, 37.653863959], [126.956978471, 37.653864583], [126.956986786, 37.653864712], [126.956995084, 37.653864321], [126.957003866, 37.653863336], [126.95701263, 37.653861939], [126.957030285, 37.653858747], [126.957047128, 37.653856219], [126.957055667, 37.653855167], [126.957073443, 37.65385336], [126.957091912, 37.653851999], [126.957101842, 37.65385154], [126.957123867, 37.65385113], [126.957160341, 37.653851182], [126.957205667, 37.65385156], [126.957260194, 37.653858515], [126.957282092, 37.653861518], [126.957298221, 37.653864246], [126.957308731, 37.653866646], [126.95731401, 37.653868175], [126.957324375, 37.653871696], [126.95733459, 37.653875576], [126.957395272, 37.653900331], [126.957415454, 37.653908325], [126.95743766, 37.653916677], [126.957475213, 37.653930511], [126.957477307, 37.653930997], [126.957482471, 37.653933078], [126.957488614, 37.653935896], [126.957494485, 37.653938837], [126.957503559, 37.653943851], [126.957513361, 37.653949785], [126.957523499, 37.653956375], [126.957551082, 37.653975518], [126.957558966, 37.653980763], [126.957566198, 37.653985243], [126.957573518, 37.653989349], [126.957580744, 37.653993], [126.957595531, 37.653999969], [126.957610303, 37.654007216], [126.957624734, 37.654014979], [126.957631767, 37.654019075], [126.957638649, 37.654023316], [126.957659521, 37.654036773], [126.957667753, 37.654041522], [126.957676283, 37.654045957], [126.957685095, 37.654050058], [126.957692909, 37.654053304], [126.957700899, 37.654056308], [126.957709034, 37.654059095], [126.957717293, 37.654061675], [126.95772588, 37.654064109], [126.957734566, 37.654066337], [126.957743338, 37.654068357], [126.957752191, 37.65407015], [126.957762221, 37.65407187], [126.957772328, 37.654073282], [126.957782491, 37.65407438], [126.9577927, 37.654075128], [126.957803081, 37.654075487], [126.957813476, 37.654075472], [126.957823865, 37.654075104], [126.957834224, 37.65407437], [126.957844504, 37.654073251], [126.95785472, 37.654071785], [126.957864855, 37.654070001], [126.957874883, 37.654067899], [126.957883973, 37.654065671], [126.957892928, 37.654063167], [126.957901725, 37.654060378], [126.957910326, 37.65405728], [126.957917978, 37.654054146], [126.957925412, 37.654050732], [126.957932608, 37.654047042], [126.957939529, 37.654043064], [126.957946284, 37.654038678], [126.957952695, 37.65403399], [126.957958743, 37.654029014], [126.957964385, 37.654023742], [126.957970287, 37.654017378], [126.957975761, 37.654010721], [126.957980955, 37.654003865], [126.958010192, 37.653963049], [126.958022486, 37.65394516], [126.958030518, 37.653932733], [126.958034394, 37.653926249], [126.95803795, 37.653919688], [126.958041066, 37.653913012], [126.958044051, 37.653904982], [126.958046449, 37.653896793], [126.958048443, 37.653888497], [126.958055239, 37.653855021], [126.9580573, 37.653846767], [126.958059807, 37.653838647], [126.958062954, 37.653830719], [126.958066531, 37.653823694], [126.958070695, 37.653816851], [126.958075334, 37.653810165], [126.958080367, 37.653803619], [126.958085083, 37.653797945], [126.958110516, 37.653769508], [126.958121154, 37.653757899], [126.958132399, 37.653746426], [126.958138358, 37.65374079], [126.958144515, 37.653735306], [126.958150901, 37.653730004], [126.958158332, 37.653724305], [126.958181317, 37.653707716], [126.958188791, 37.653702053], [126.958203406, 37.653690408], [126.958225067, 37.653672681], [126.958239774, 37.653661095], [126.95824734, 37.653655492], [126.95825427, 37.653650626], [126.958275452, 37.653636354], [126.958290874, 37.653625518], [126.958305832, 37.653614282], [126.958312757, 37.653608758], [126.95831952, 37.653603114], [126.958326094, 37.653597338], [126.958332446, 37.65359141], [126.958339113, 37.653584736], [126.958364898, 37.653557386], [126.958371424, 37.65355095], [126.958378159, 37.653544645], [126.958385094, 37.653538472], [126.958392231, 37.653532441], [126.958399592, 37.653526577], [126.958407634, 37.653520579], [126.958415901, 37.653514759], [126.958424345, 37.653509083], [126.958441675, 37.653498123], [126.95845055, 37.65349286], [126.958459584, 37.653487788], [126.958468814, 37.653482971], [126.95847829, 37.653478499], [126.958486784, 37.653474959], [126.958495478, 37.653471737], [126.958504339, 37.65346882], [126.958513344, 37.653466218], [126.958522481, 37.653463966], [126.958532586, 37.653461955], [126.958542784, 37.6534604], [126.958553021, 37.653459311], [126.958563245, 37.653458741], [126.958573089, 37.653458749], [126.958582791, 37.653459304], [126.958592264, 37.65346042], [126.958601396, 37.65346216], [126.958607989, 37.65346395], [126.958614239, 37.653466197], [126.958620062, 37.653468963], [126.958627071, 37.653473534], [126.958633223, 37.653478958], [126.958638548, 37.653485077], [126.958642662, 37.653491115], [126.958646205, 37.653497523], [126.958649272, 37.653504215], [126.958651925, 37.653511123], [126.958654676, 37.653519758], [126.958657037, 37.653528557], [126.958661058, 37.653546425], [126.958664646, 37.65356443], [126.958673081, 37.653608019], [126.958675775, 37.653623384], [126.958676856, 37.653631073], [126.958677678, 37.653638854], [126.958678231, 37.653646644], [126.958678525, 37.653654439], [126.95867855, 37.653662237], [126.958678309, 37.653669732], [126.958677144, 37.653684707], [126.958675181, 37.653699629], [126.958670308, 37.653730767], [126.958668333, 37.653748434], [126.958667701, 37.653757286], [126.958667411, 37.65376459], [126.958667433, 37.653779199], [126.958667754, 37.653786494], [126.958668312, 37.653793775], [126.958669131, 37.653800991], [126.958670213, 37.653808174], [126.958671566, 37.653815316], [126.958673219, 37.653822399], [126.958675219, 37.653829405], [126.958677734, 37.653836623], [126.958680675, 37.653843715], [126.958684038, 37.653850657], [126.958687855, 37.653857415], [126.958692186, 37.653863937], [126.958696996, 37.653870056], [126.958702326, 37.653875889], [126.958708134, 37.653881421], [126.958714416, 37.653886618], [126.958721245, 37.65389149], [126.958728488, 37.653896009], [126.958736079, 37.653900194], [126.958743978, 37.653904044], [126.958752295, 37.653907604], [126.958760849, 37.653910833], [126.958769602, 37.653913743], [126.958778526, 37.653916322], [126.958787613, 37.653918536], [126.958797484, 37.653920454], [126.958807495, 37.653921978], [126.958817607, 37.653923182], [126.958827793, 37.653924107], [126.95883803, 37.653924771], [126.958847397, 37.653925151], [126.958857359, 37.653925276], [126.958868517, 37.653925072], [126.958880488, 37.653924543], [126.958892882, 37.653923697], [126.958907648, 37.653922319], [126.958921824, 37.653920675], [126.958934769, 37.653918927], [126.958945845, 37.653917241], [126.958961498, 37.653914568], [126.959010766, 37.653905003], [126.95905565, 37.653896551], [126.959066766, 37.653894244], [126.959072234, 37.653892892], [126.959080384, 37.653890553], [126.959106931, 37.65388212], [126.959120348, 37.653881815], [126.959165194, 37.653879864], [126.95917816, 37.653879509], [126.959192303, 37.653879446], [126.959222237, 37.653880035], [126.959230281, 37.65388004], [126.959238369, 37.653879773], [126.959247568, 37.653879075], [126.959256791, 37.653878024], [126.959266026, 37.653876697], [126.959275523, 37.653875112], [126.959294522, 37.653871495], [126.959322993, 37.653865501], [126.959344383, 37.653860589], [126.95935501, 37.653857751], [126.959365555, 37.653854674], [126.959386474, 37.653848051], [126.959407263, 37.65384107], [126.959459064, 37.653823327], [126.959479812, 37.653816625], [126.959490215, 37.653813528], [126.959500648, 37.653810706], [126.959511123, 37.653808271], [126.959521661, 37.653806374], [126.959532282, 37.653805215], [126.959542326, 37.653804944], [126.959552444, 37.653805328], [126.95956262, 37.653806191], [126.959572838, 37.653807396], [126.959583088, 37.653808832], [126.95961397, 37.653813683], [126.959634638, 37.653816638], [126.959644996, 37.653817794], [126.959655373, 37.6538186], [126.959665185, 37.653818952], [126.959675001, 37.653818927], [126.959684804, 37.653818556], [126.959694576, 37.653817842], [126.959704299, 37.653816766], [126.959714822, 37.653815159], [126.959725271, 37.653813173], [126.959735648, 37.65381088], [126.959745951, 37.653808326], [126.959755686, 37.653805678], [126.959774958, 37.653799868], [126.959784493, 37.653796744], [126.959812945, 37.65378696], [126.959821341, 37.653784247], [126.959838337, 37.653779258], [126.95984695, 37.653777023], [126.959856947, 37.653774698], [126.959867026, 37.653772569], [126.959912342, 37.653763663], [126.959929374, 37.653759933], [126.959938028, 37.653757811], [126.959946549, 37.653755497], [126.959954889, 37.653752929], [126.959963554, 37.653749831], [126.959971901, 37.653746344], [126.95997986, 37.653742433], [126.95998734, 37.653738032], [126.959994601, 37.653732813], [126.960001299, 37.653727083], [126.960007507, 37.653720946], [126.960013259, 37.653714472], [126.960018797, 37.65370746], [126.960034658, 37.653685867], [126.960040367, 37.653678875], [126.960046714, 37.653672008], [126.960053499, 37.653665377], [126.960060587, 37.653658916], [126.960067596, 37.653652809], [126.960101226, 37.653624398], [126.960106581, 37.653619592], [126.960111683, 37.653614687], [126.96011642, 37.653609614], [126.960120898, 37.653604089], [126.960134196, 37.653585439], [126.960139461, 37.653578331], [126.960150009, 37.653564708], [126.960158597, 37.653553288], [126.960163097, 37.653547666], [126.960168348, 37.653541734], [126.960173943, 37.653535956], [126.960179805, 37.653530302], [126.960205766, 37.653506934], [126.960212031, 37.65350111], [126.960218127, 37.653495213], [126.960230346, 37.65348291], [126.960236662, 37.653476954], [126.960243677, 37.653471053], [126.960251099, 37.653465475], [126.960258865, 37.65346021], [126.960279052, 37.653447855], [126.960285632, 37.653443579], [126.960293636, 37.653437783], [126.960301363, 37.653431669], [126.960324002, 37.653413062], [126.960339299, 37.653401403], [126.960347209, 37.653395776], [126.960353958, 37.653391216], [126.960367809, 37.653382437], [126.96039592, 37.653366051], [126.960402784, 37.653361858], [126.960409782, 37.653357279], [126.96041661, 37.653352527], [126.960429884, 37.653342661], [126.960458388, 37.653320303], [126.960465528, 37.653314888], [126.960473447, 37.653309228], [126.960481728, 37.653304029], [126.960489743, 37.653299873], [126.960498182, 37.653296215], [126.960506961, 37.653292987], [126.960516018, 37.653290146], [126.960524941, 37.653287739], [126.960552329, 37.653281335], [126.960568799, 37.653277196], [126.960576933, 37.653274892], [126.96058496, 37.653272375], [126.960594293, 37.653269077], [126.960603448, 37.653265469], [126.960612434, 37.653261591], [126.960620456, 37.653257851], [126.960628327, 37.65325391], [126.960636028, 37.653249758], [126.960643547, 37.653245389], [126.960658199, 37.653236207], [126.960671439, 37.653227435], [126.96067793, 37.653222929], [126.960703884, 37.653203961], [126.96071128, 37.653198812], [126.960719007, 37.653193767], [126.96072692, 37.653188898], [126.960734985, 37.653184173], [126.96075148, 37.653175088], [126.960772567, 37.653164258], [126.960807029, 37.653147245], [126.960850094, 37.65312674], [126.960864961, 37.653119033], [126.960879426, 37.65311088], [126.960907481, 37.65309373], [126.960946056, 37.653071224], [126.960953331, 37.653067198], [126.960960753, 37.653063379], [126.960969844, 37.653059184], [126.960979146, 37.653055265], [126.961022334, 37.653037882], [126.961030579, 37.653034834], [126.961038952, 37.653032059], [126.961047466, 37.653029545], [126.961056791, 37.653027109], [126.961067284, 37.653024659], [126.961103609, 37.653017186], [126.961115409, 37.653014676], [126.961126229, 37.653012172], [126.961135788, 37.653009735], [126.961143699, 37.653007475], [126.961149369, 37.653005616], [126.961152912, 37.653004222], [126.961154025, 37.653003446], [126.961191234, 37.652981007], [126.961198724, 37.652976942], [126.961217629, 37.652967163], [126.961234139, 37.652964348], [126.96125032, 37.652961802], [126.961273577, 37.652958564], [126.961286807, 37.652957023], [126.961317369, 37.652954187], [126.961329558, 37.652952648], [126.961336237, 37.652951513], [126.961349487, 37.652948774], [126.961389007, 37.652939416], [126.96140228, 37.652936631], [126.961408574, 37.652935512], [126.961421245, 37.652933652], [126.961433996, 37.652932315], [126.961440396, 37.652931896], [126.961446291, 37.652931694], [126.961452196, 37.652931646], [126.961464016, 37.652931927], [126.961475825, 37.652932656], [126.961503867, 37.652935577], [126.961520868, 37.652937113], [126.961529388, 37.652937685], [126.961544255, 37.652938355], [126.96155282, 37.652938453], [126.961556765, 37.652932875], [126.961559537, 37.652928338], [126.9615623, 37.65292286], [126.961563044, 37.652920525], [126.961562953, 37.65292013], [126.961565899, 37.652915197], [126.961579699, 37.652907866], [126.961606299, 37.652908919], [126.961615142, 37.652909058], [126.961618656, 37.652908907], [126.961622104, 37.652908541], [126.961640932, 37.652905343], [126.961646094, 37.65290472], [126.961652956, 37.652904586], [126.96167003, 37.65290536], [126.96170151, 37.652898873], [126.961712072, 37.652896518], [126.961720949, 37.65289431], [126.96173398, 37.652890713], [126.961746918, 37.652886902], [126.961759726, 37.652882837], [126.961768289, 37.652879853], [126.961789433, 37.652871916], [126.961806087, 37.652865156], [126.961822236, 37.652857771], [126.961870563, 37.65283453], [126.961881788, 37.652829501], [126.961886349, 37.652827767], [126.961887172, 37.652827595], [126.961904842, 37.652812287], [126.961921875, 37.652796857], [126.961931319, 37.652787973], [126.961949454, 37.65277029], [126.961971006, 37.652748213], [126.96199768, 37.65272011], [126.962017299, 37.652698813], [126.962035662, 37.652678312], [126.962048606, 37.652664404], [126.962069403, 37.652643375], [126.962090844, 37.652622757], [126.962105591, 37.652609338], [126.962113186, 37.652602793], [126.962120401, 37.652596861], [126.962135236, 37.652585306], [126.962150458, 37.652574062], [126.962166011, 37.652563111], [126.962181978, 37.652552557], [126.962190094, 37.65254753], [126.962206655, 37.652537811], [126.962232027, 37.652523808], [126.96224923, 37.652514833], [126.962257937, 37.65251049], [126.962266738, 37.652506283], [126.962275663, 37.65250225], [126.962285445, 37.652498134], [126.962305376, 37.65249043], [126.962325586, 37.652483129], [126.962366235, 37.652468851], [126.96238646, 37.652461555], [126.962406456, 37.6524539], [126.962416245, 37.652449892], [126.962435607, 37.652441537], [126.962454796, 37.652432911], [126.962567839, 37.65238047], [126.962591531, 37.652383175], [126.962608766, 37.652385844], [126.962627046, 37.652389206], [126.962635466, 37.652390984], [126.962642914, 37.652392736], [126.962656307, 37.652396434], [126.96266238, 37.652398377], [126.962674303, 37.652402663], [126.962685912, 37.652407432], [126.962691568, 37.652410018], [126.962697095, 37.65241277], [126.962702946, 37.652415982], [126.962708653, 37.652419375], [126.96271976, 37.652426525], [126.962730574, 37.652434003], [126.962745353, 37.652444979], [126.962749902, 37.652448655], [126.962754785, 37.652452601], [126.962759294, 37.652456545], [126.962763513, 37.652460509], [126.962767544, 37.652464582], [126.962771374, 37.652468761], [126.962774975, 37.652473052], [126.962778296, 37.65247747], [126.962781238, 37.652481944], [126.962783105, 37.65248517], [126.962783895, 37.652486536], [126.962786301, 37.652491224], [126.962788468, 37.652495992], [126.962790391, 37.652500836], [126.962792224, 37.652506276], [126.962793783, 37.65251178], [126.962795093, 37.652517377], [126.962796138, 37.6525237], [126.962796854, 37.652530747], [126.962797205, 37.652538621], [126.962797195, 37.652546594], [126.962796903, 37.652554305], [126.962795808, 37.652567381], [126.96279471, 37.652576193], [126.962787802, 37.652582811], [126.962784844, 37.652585995], [126.962781848, 37.652589536], [126.962779051, 37.652593308], [126.962776643, 37.652597201], [126.962774715, 37.652601], [126.962773294, 37.652604495], [126.96277022, 37.652614332], [126.962766556, 37.652627612], [126.962763106, 37.652640933], [126.96276086, 37.652650947], [126.96275978, 37.652657652], [126.962759456, 37.652660886], [126.962758415, 37.652677038], [126.962757364, 37.652683374], [126.962756542, 37.652686251], [126.96275437, 37.652691919], [126.962744246, 37.652713603], [126.962734544, 37.652735928], [126.962731699, 37.652740336], [126.962723581, 37.652751458], [126.962717505, 37.652759112], [126.96271046, 37.652767433], [126.962702668, 37.65277601], [126.962694345, 37.652784431], [126.962686746, 37.652791439], [126.962679224, 37.652797837], [126.962672101, 37.652803465], [126.962638977, 37.652828355], [126.962625879, 37.652838545], [126.962606314, 37.652854242], [126.962593472, 37.652864857], [126.962580886, 37.652875594], [126.962568654, 37.652886565], [126.96256274, 37.652892182], [126.962556938, 37.65289797], [126.962545708, 37.652909793], [126.962522105, 37.652935689], [126.962504377, 37.652955642], [126.962489082, 37.652973754], [126.962479297, 37.652986134], [126.962474573, 37.652992452], [126.962465606, 37.653005262], [126.962461377, 37.653012096], [126.962456604, 37.653021457], [126.962452347, 37.653031814], [126.962448889, 37.653042683], [126.962446486, 37.653053577], [126.962445324, 37.653062923], [126.962444908, 37.653071483], [126.962444998, 37.653078848], [126.962445367, 37.653084611], [126.962446052, 37.653089704], [126.962461957, 37.653117808], [126.962464976, 37.653122663], [126.962467208, 37.653125793], [126.96247107, 37.653130246], [126.962475249, 37.653134543], [126.962508582, 37.653167308], [126.962539172, 37.653176177], [126.962544331, 37.653177421], [126.962554713, 37.653179586], [126.962558521, 37.65318056], [126.962563672, 37.653182222], [126.962574367, 37.653186033], [126.962575787, 37.653186409], [126.962585453, 37.653190206], [126.962615217, 37.653202704], [126.962627888, 37.653207764], [126.962639967, 37.653212201], [126.962651977, 37.653216275], [126.962663438, 37.653219901], [126.962673863, 37.653223005], [126.962694682, 37.653228766], [126.9627036, 37.653230941], [126.962709717, 37.653232245], [126.962738362, 37.653237437], [126.962755773, 37.653240141], [126.962764532, 37.65324119], [126.96277106, 37.653241779], [126.962777601, 37.6532422], [126.962785009, 37.65324248], [126.962792408, 37.65324256], [126.962799783, 37.653242443], [126.962822449, 37.653241279], [126.962836445, 37.653240071], [126.962859879, 37.653237215], [126.962866536, 37.653236498], [126.962873172, 37.653236007], [126.962882263, 37.653235912], [126.962891304, 37.653236551], [126.962899608, 37.653237847], [126.962907745, 37.653239802], [126.962916264, 37.65324258], [126.962924625, 37.653245842], [126.962943559, 37.653253874], [126.962950198, 37.653256544], [126.962966162, 37.653262679], [126.962975455, 37.653265829], [126.962984588, 37.653268212], [126.962993655, 37.653269686], [126.963001119, 37.653270072], [126.96300831, 37.6532696], [126.963015134, 37.653268185], [126.963021354, 37.653265818], [126.963026898, 37.65326246], [126.963031631, 37.653258333], [126.963035951, 37.653253248], [126.963042926, 37.653244211], [126.963046037, 37.65324065], [126.963050033, 37.6532366], [126.963054483, 37.653232855], [126.963061175, 37.653228562], [126.963068627, 37.653224989], [126.963076663, 37.653222129], [126.963085192, 37.653220163], [126.963091787, 37.653219394], [126.963098589, 37.653219122], [126.963105552, 37.653219233], [126.963113515, 37.653219693], [126.963121592, 37.653220385], [126.963145756, 37.653222684], [126.963155116, 37.6532232], [126.963162153, 37.653223279], [126.963169145, 37.653223042], [126.963175846, 37.653222472], [126.963182448, 37.653221536], [126.963190324, 37.65321986], [126.963197953, 37.653217585], [126.963205632, 37.653214573], [126.963213051, 37.653211041], [126.963219035, 37.653207821], [126.963230679, 37.653200813], [126.96324406, 37.653192161], [126.963250459, 37.653188202], [126.963287771, 37.653166008], [126.963296784, 37.653161196], [126.963305346, 37.653157325], [126.963314179, 37.653154066], [126.963322907, 37.653151579], [126.963331801, 37.653149816], [126.963340387, 37.653148905], [126.963349019, 37.653148823], [126.963356175, 37.653149423], [126.963363323, 37.653150533], [126.963370472, 37.653152039], [126.963378405, 37.653154058], [126.963394312, 37.653158794], [126.963442572, 37.653174378], [126.963464506, 37.653181262], [126.96348178, 37.653187378], [126.963520458, 37.653201722], [126.963529984, 37.653205122], [126.96353955, 37.653208144], [126.963548534, 37.653210378], [126.963557628, 37.653211979], [126.963564783, 37.653212741], [126.963571947, 37.653213063], [126.963579087, 37.653212932], [126.963587006, 37.653212266], [126.963606031, 37.653209746], [126.963613678, 37.653208906], [126.963621404, 37.653208358], [126.963629633, 37.653208181], [126.963637899, 37.653208389], [126.963646171, 37.653208942], [126.96365442, 37.65320981], [126.963681399, 37.653213568], [126.963689629, 37.653214368], [126.963697093, 37.653214808], [126.963704604, 37.653215011], [126.963720001, 37.653214863], [126.963736776, 37.65321404], [126.963745653, 37.653213366], [126.963763184, 37.653211577], [126.963782321, 37.653209293], [126.963788898, 37.653208757], [126.963812617, 37.653207605], [126.963819857, 37.653207025], [126.963836525, 37.653205262], [126.963862209, 37.653201821], [126.963871537, 37.653201122], [126.963880953, 37.653201057], [126.963890377, 37.653201711], [126.963898181, 37.653202862], [126.963905934, 37.653204491], [126.963913631, 37.65320651], [126.963921266, 37.653208851], [126.963929763, 37.653211779], [126.963955341, 37.653221071], [126.963965429, 37.653224323], [126.963996249, 37.653233314], [126.964006477, 37.653236433], [126.964063323, 37.653255229], [126.964094103, 37.653264985], [126.964101879, 37.653267682], [126.964109516, 37.653270595], [126.964116972, 37.653273775], [126.964124983, 37.653277645], [126.964132794, 37.653281805], [126.964162139, 37.653298794], [126.964169531, 37.653302834], [126.964177033, 37.65330664], [126.964192456, 37.65331378], [126.96420785, 37.653320368], [126.96423074, 37.653329537], [126.964255363, 37.653338558], [126.964271516, 37.653344012], [126.964279437, 37.653346491], [126.964287423, 37.653348792], [126.964295496, 37.653350854], [126.964304947, 37.653352877], [126.96431452, 37.653354559], [126.964324187, 37.653355947], [126.964333927, 37.653357075], [126.964342631, 37.653357881], [126.964377607, 37.653360516], [126.964386324, 37.653361336], [126.964395, 37.653362342], [126.964405081, 37.65336382], [126.964415078, 37.653365612], [126.964424982, 37.653367695], [126.9644354, 37.653370224], [126.964445691, 37.653373042], [126.964455848, 37.653376132], [126.964465839, 37.653379504], [126.964475625, 37.653383193], [126.96448527, 37.653387284], [126.964494659, 37.653391695], [126.964503787, 37.653396384], [126.964512626, 37.653401335], [126.964521123, 37.653406559], [126.964529198, 37.653412089], [126.964545255, 37.653424427], [126.964551422, 37.653428862], [126.9645578, 37.653433178], [126.964570972, 37.653441612], [126.964586882, 37.653451446], [126.964603176, 37.653461036], [126.964611516, 37.653465665], [126.964628542, 37.653474563], [126.964645687, 37.653482836], [126.964695912, 37.653505577], [126.964726625, 37.653519895], [126.964733751, 37.653523434], [126.964742832, 37.653528198], [126.964751766, 37.65353314], [126.964769286, 37.653543419], [126.964777894, 37.653548719], [126.964793995, 37.653559095], [126.964808891, 37.653569275], [126.964816164, 37.653574479], [126.964830226, 37.653585157], [126.964836926, 37.65359067], [126.964849288, 37.653601517], [126.964855602, 37.653606799], [126.964862135, 37.653611724], [126.964869714, 37.653616938], [126.964906079, 37.653640246], [126.964922823, 37.653651377], [126.964936299, 37.653661042], [126.964941076, 37.653664745], [126.964944057, 37.653667223], [126.964944981, 37.653668219], [126.964958921, 37.653675545], [126.964965266, 37.653679038], [126.964970463, 37.653682273], [126.964973706, 37.653684731], [126.964979687, 37.6536903], [126.96499389, 37.653704863], [126.964999722, 37.653710587], [126.965007227, 37.65371721], [126.965027299, 37.653734048], [126.965028543, 37.653734397], [126.965031866, 37.653735776], [126.965055712, 37.653746543], [126.965072519, 37.653753899], [126.965082869, 37.653758274], [126.965093366, 37.6537625], [126.96510377, 37.653766349], [126.965114424, 37.653769783], [126.965124332, 37.653772379], [126.965133433, 37.653774111], [126.965144601, 37.653775528], [126.96515386, 37.65377629], [126.965163199, 37.653776816], [126.965191295, 37.653777827], [126.965209697, 37.653778812], [126.965218848, 37.653779544], [126.965228948, 37.6537806], [126.965238943, 37.653781942], [126.965248794, 37.653783614], [126.965259051, 37.653785824], [126.965269017, 37.653788557], [126.965278594, 37.653791927], [126.965286222, 37.653795306], [126.965293545, 37.653799134], [126.965300595, 37.653803329], [126.965307393, 37.653807829], [126.965315383, 37.653813685], [126.965323048, 37.65381984], [126.965330403, 37.653826219], [126.965336198, 37.653831604], [126.9653417, 37.653837137], [126.965346819, 37.653842856], [126.965351908, 37.653849348], [126.965365147, 37.653868253], [126.965369556, 37.65387387], [126.965374321, 37.653879242], [126.965379487, 37.653884303], [126.965385118, 37.653888969], [126.965391776, 37.653893522], [126.96539886, 37.65389774], [126.965413566, 37.653906095], [126.965420906, 37.653910509], [126.9654281, 37.653915145], [126.965434376, 37.653919545], [126.965440724, 37.653924376], [126.965447592, 37.65392998], [126.965475122, 37.653953857], [126.965484505, 37.653961484], [126.965493446, 37.653968281], [126.965501506, 37.653973941], [126.965508491, 37.65397838], [126.965513297, 37.653981069], [126.965515271, 37.653981793], [126.965528245, 37.653986462], [126.96553522, 37.653989377], [126.965538742, 37.65399103], [126.965544718, 37.653994181], [126.965581778, 37.654015375], [126.965589375, 37.654019483], [126.965597279, 37.654023178], [126.965602788, 37.654025079], [126.965605777, 37.654025769], [126.965611945, 37.654026639], [126.965615083, 37.654026887], [126.965621379, 37.654027083], [126.965627586, 37.654026824], [126.965630614, 37.654026436], [126.965633839, 37.654025601], [126.965637201, 37.654024235], [126.965640586, 37.654022461], [126.965643886, 37.654020437], [126.965649785, 37.654016268], [126.965655629, 37.654011666], [126.965655912, 37.654010681], [126.965657463, 37.654008616], [126.965659647, 37.654006268], [126.965662622, 37.654003483], [126.965666681, 37.654000146], [126.965671607, 37.653996645], [126.965678147, 37.653992721], [126.965685595, 37.653988917], [126.965693746, 37.65398528], [126.965701431, 37.653982212], [126.965709369, 37.653979393], [126.965719667, 37.65397626], [126.96572981, 37.653973612], [126.96574048, 37.653971161], [126.965783283, 37.653962725], [126.965803513, 37.653958961], [126.965814421, 37.653957204], [126.965825345, 37.653955714], [126.965836273, 37.653954559], [126.965847196, 37.653953843], [126.965858101, 37.653953708], [126.965868735, 37.653954233], [126.965879362, 37.65395523], [126.965907429, 37.653958709], [126.965926953, 37.653961465], [126.965943601, 37.6539643], [126.965949465, 37.653965528], [126.965956046, 37.653967147], [126.96596249, 37.653969005], [126.96597081, 37.653971862], [126.96597876, 37.653975252], [126.965984847, 37.65397844], [126.965990654, 37.653981993], [126.965998277, 37.653987369], [126.966005581, 37.653993117], [126.966024873, 37.654009162], [126.966031026, 37.654013914], [126.966037255, 37.654018291], [126.966043677, 37.654022341], [126.966050272, 37.654026004], [126.966057025, 37.654029201], [126.966062604, 37.654031369], [126.966068309, 37.654033068], [126.966075684, 37.654034408], [126.966083201, 37.654034838], [126.966092333, 37.654034155], [126.966101399, 37.654032315], [126.966108462, 37.654030136], [126.966115378, 37.654027422], [126.966122122, 37.654024252], [126.966128658, 37.654020685], [126.966136835, 37.654015571], [126.966153116, 37.654004952], [126.966160259, 37.654000874], [126.9661677, 37.653997136], [126.966174046, 37.653994341], [126.966180556, 37.653991805], [126.966189337, 37.653988878], [126.966198364, 37.653986507], [126.966206166, 37.653985014], [126.966214119, 37.653983931], [126.966222187, 37.65398319], [126.96623114, 37.653982695], [126.966250522, 37.653982207], [126.966281836, 37.65398177], [126.966302756, 37.653981246], [126.966322448, 37.653980294], [126.966374233, 37.653976791], [126.966381297, 37.653976575], [126.966389262, 37.653976819], [126.966396868, 37.653977884], [126.966402945, 37.653979608], [126.9664087, 37.653982049], [126.966414107, 37.653985127], [126.966420359, 37.653989759], [126.966426176, 37.653995057], [126.966431701, 37.654000819], [126.966443401, 37.654014134], [126.966449506, 37.654020796], [126.966454934, 37.654026196], [126.966460644, 37.654031404], [126.966466603, 37.654036398], [126.966473294, 37.6540415], [126.966480309, 37.654046208], [126.966487737, 37.654050388], [126.966495569, 37.654053887], [126.966503812, 37.654056763], [126.96651296, 37.654059191], [126.966522377, 37.654061063], [126.966531973, 37.654062473], [126.966551727, 37.65406458], [126.966560121, 37.654065651], [126.966568486, 37.654066952], [126.966576792, 37.654068492], [126.966589041, 37.654071233], [126.96659926, 37.654073903], [126.966609213, 37.654077038], [126.966615334, 37.654079368], [126.966621274, 37.65408198], [126.966629031, 37.654085958], [126.966636485, 37.65409035], [126.966647327, 37.654097496], [126.966678699, 37.654119219], [126.96668712, 37.654124844], [126.966695705, 37.654130232], [126.966704538, 37.65413526], [126.966711686, 37.654138867], [126.966719037, 37.654142143], [126.966724933, 37.654144478], [126.966749042, 37.654153351], [126.966758066, 37.654157149], [126.966766941, 37.654161263], [126.966775695, 37.654165619], [126.966797425, 37.654177047], [126.966804763, 37.654180785], [126.966814077, 37.654185247], [126.966823575, 37.654189482], [126.966833238, 37.654193491], [126.966843062, 37.654197256], [126.966851294, 37.654200162], [126.966859619, 37.654202901], [126.966868019, 37.654205486], [126.966894341, 37.654213012], [126.966903042, 37.654215632], [126.96691327, 37.654218988], [126.966923376, 37.65422254], [126.966953209, 37.654233514], [126.96697894, 37.654242639], [126.966986559, 37.654245797], [126.966993158, 37.654249083], [126.966999507, 37.654252728], [126.967007286, 37.654257754], [126.967014743, 37.65426317], [126.967021829, 37.654268958], [126.967027902, 37.654274497], [126.967045247, 37.654291287], [126.96705147, 37.654296882], [126.967058614, 37.654302939], [126.967066443, 37.654309271], [126.967076363, 37.65431692], [126.967086576, 37.654324345], [126.967096717, 37.654331203], [126.967106694, 37.654337405], [126.967115553, 37.654342503], [126.967122675, 37.654346321], [126.967127452, 37.65434868], [126.967129298, 37.654349372], [126.967159382, 37.654371647], [126.967164874, 37.65437536], [126.96716873, 37.654377599], [126.967174829, 37.654380357], [126.967181204, 37.654382784], [126.967230912, 37.654400387], [126.967264188, 37.654416479], [126.967269974, 37.654419414], [126.967275664, 37.654422588], [126.96728498, 37.654428496], [126.967308785, 37.654444312], [126.967315295, 37.654448875], [126.967337584, 37.65446211], [126.967336629, 37.654457197], [126.96733809, 37.654453249], [126.967341147, 37.654449686], [126.967345195, 37.654446237], [126.967349945, 37.654442903], [126.967355201, 37.654439696], [126.967360836, 37.654436648], [126.967366773, 37.654433805], [126.967371095, 37.654431987], [126.967372174, 37.654431534], [126.967377732, 37.654429475], [126.967383419, 37.654427647], [126.967389215, 37.654426085], [126.967395111, 37.654424846], [126.967401176, 37.654423971], [126.967407306, 37.654423436], [126.967413468, 37.654423198], [126.967419635, 37.654423237], [126.967425776, 37.654423554], [126.967431864, 37.654424175], [126.967437868, 37.654425145], [126.967443947, 37.654426549], [126.967449936, 37.654428282], [126.967455861, 37.654430246], [126.967485579, 37.654441204], [126.967498071, 37.65444542], [126.967510677, 37.654449432], [126.967529713, 37.654455176], [126.967544191, 37.654459326], [126.967600877, 37.654474939], [126.967606867, 37.654477643], [126.967622845, 37.654483948], [126.967633486, 37.654487857], [126.967643451, 37.654491327], [126.967664768, 37.654498274], [126.967706287, 37.654510736], [126.967714545, 37.654513349], [126.967722683, 37.654516138], [126.967730671, 37.654519148], [126.967738468, 37.654522435], [126.967747611, 37.654526817], [126.967756541, 37.654531514], [126.967783133, 37.654546], [126.967791586, 37.654550203], [126.967800222, 37.654554146], [126.967809063, 37.654557774], [126.967818494, 37.654561169], [126.967828114, 37.654564243], [126.967837867, 37.654567073], [126.967846239, 37.654569329], [126.96786311, 37.654573489], [126.967881007, 37.654577353], [126.967890468, 37.654579055], [126.967899989, 37.654580385], [126.967908999, 37.654581225], [126.967918077, 37.65458181], [126.967949417, 37.654583563], [126.96796046, 37.654584403], [126.967982544, 37.654586538], [126.96800458, 37.654589145], [126.968022288, 37.65459156], [126.968039864, 37.654594318], [126.968061101, 37.654598029], [126.968071718, 37.65459968], [126.968080891, 37.654600806], [126.968090095, 37.654601617], [126.968099316, 37.654602078], [126.968108542, 37.654602136], [126.968117631, 37.654601755], [126.968126713, 37.654601008], [126.968135786, 37.654599979], [126.968144849, 37.654598731], [126.968179751, 37.654593061], [126.9682143, 37.65458784], [126.968239906, 37.654583552], [126.968250706, 37.654581922], [126.968261546, 37.654580547], [126.968272432, 37.654579518], [126.968281891, 37.654578969], [126.968291379, 37.654578693], [126.968310409, 37.654578753], [126.968341407, 37.654579667], [126.968379769, 37.654580501], [126.968389656, 37.654580906], [126.968429451, 37.654583454], [126.968481779, 37.654584946], [126.9685253, 37.6545848], [126.968535154, 37.654584592], [126.968561749, 37.654583533], [126.968572687, 37.654583267], [126.968583636, 37.654583216], [126.96859259, 37.654583339], [126.968619285, 37.654584218], [126.968636834, 37.654585183], [126.968645572, 37.654585918], [126.968654682, 37.654586932], [126.968663767, 37.654588137], [126.968702796, 37.654593802], [126.968765637, 37.654602394], [126.968786488, 37.654605487], [126.968807136, 37.654609064], [126.968817324, 37.654611169], [126.968827378, 37.654613591], [126.968836853, 37.654616267], [126.968846209, 37.654619222], [126.968855484, 37.654622368], [126.968883115, 37.654632254], [126.968916825, 37.654644044], [126.96892482, 37.654647129], [126.968933314, 37.654650765], [126.968941632, 37.654654669], [126.968949799, 37.654658793], [126.968957243, 37.654662776], [126.968971886, 37.65467104], [126.96898775, 37.65468035], [126.968996225, 37.654685556], [126.969004441, 37.654690967], [126.969012266, 37.654696699], [126.969019267, 37.654702547], [126.969025908, 37.654708697], [126.969032304, 37.654715052], [126.969051017, 37.654734521], [126.969056924, 37.654740427], [126.969063021, 37.654746173], [126.969069399, 37.65475168], [126.969076542, 37.654757182], [126.96908405, 37.65476234], [126.96909188, 37.654767157], [126.969100012, 37.65477161], [126.969108449, 37.654775648], [126.969117215, 37.654779197], [126.969126848, 37.654782356], [126.969136767, 37.654785064], [126.969167195, 37.654792243], [126.969177244, 37.654794864], [126.969187178, 37.654797876], [126.969196859, 37.654801282], [126.969206229, 37.654805094], [126.969215204, 37.654809359], [126.969223663, 37.654814164], [126.969231064, 37.654819256], [126.969237944, 37.654824828], [126.969244346, 37.654830801], [126.969250273, 37.654837127], [126.969255191, 37.65484307], [126.96925981, 37.654849209], [126.969264212, 37.654855487], [126.969278631, 37.654877219], [126.969283729, 37.654884325], [126.969289075, 37.654891331], [126.969300346, 37.654905098], [126.969306214, 37.654911874], [126.969315935, 37.654922652], [126.969327471, 37.654934968], [126.969339186, 37.654947165], [126.969351921, 37.65496014], [126.969358878, 37.654966953], [126.969366069, 37.654973588], [126.96937218, 37.654978823], [126.969378499, 37.654983894], [126.96938501, 37.654988809], [126.969391704, 37.654993564], [126.969399117, 37.654998507], [126.969406694, 37.655003292], [126.969422191, 37.655012496], [126.969439211, 37.655021932], [126.96944856, 37.655026651], [126.969458091, 37.655030957], [126.969467832, 37.655035009], [126.969516104, 37.655054484], [126.969535212, 37.655062482], [126.969554104, 37.655070752], [126.969563406, 37.655075053], [126.969572561, 37.655079521], [126.96958151, 37.655084217], [126.969588993, 37.655088477], [126.969603514, 37.655097481], [126.969617507, 37.65510686], [126.969624306, 37.655111733], [126.969631377, 37.655117287], [126.969638327, 37.655123325], [126.96964541, 37.655129975], [126.969652463, 37.655137029], [126.969659319, 37.65514428], [126.969665861, 37.65515157], [126.969671877, 37.655158635], [126.969677212, 37.655165256], [126.969681718, 37.655171214], [126.969686156, 37.655177583], [126.96968968, 37.655183418], [126.969739231, 37.655215207], [126.969750423, 37.655222051], [126.969754375, 37.655224129], [126.969760591, 37.655226993], [126.969788247, 37.65523853], [126.969804766, 37.655242508], [126.96980955, 37.655243826], [126.969815181, 37.655245897], [126.969836485, 37.655254399], [126.969858656, 37.65526986], [126.969889221, 37.655287901], [126.969965318, 37.655356333], [126.969971328, 37.655371984], [126.96997605, 37.655391928], [126.969996596, 37.655413497], [126.970026896, 37.655436021], [126.970051165, 37.655454815], [126.970054953, 37.655457531], [126.970058913, 37.65546005], [126.970062376, 37.655461945], [126.970065979, 37.655463678], [126.970073499, 37.655466732], [126.970085319, 37.65547074], [126.970093634, 37.655473923], [126.970097966, 37.655475836], [126.970119737, 37.6554861], [126.970133355, 37.655492013], [126.970142629, 37.655495627], [126.970171082, 37.655505688], [126.97018071, 37.655509396], [126.970196179, 37.655516291], [126.97022499, 37.655530284], [126.970250259, 37.655537653], [126.97025487, 37.655539207], [126.970257809, 37.655540425], [126.970263106, 37.655543427], [126.970274428, 37.655551001], [126.970279565, 37.655554228], [126.970296985, 37.655563588], [126.970301957, 37.65556525], [126.970304993, 37.655566879], [126.970308575, 37.655569773], [126.970320175, 37.655579938], [126.970323775, 37.655582695], [126.970325359, 37.655583533], [126.970327944, 37.655584461], [126.97033701, 37.655586746], [126.970343396, 37.655587741], [126.970360099, 37.655589509], [126.970370522, 37.655590302], [126.970382017, 37.655590978], [126.970405836, 37.655591877], [126.970417395, 37.655592004], [126.970428528, 37.655591791], [126.9704394, 37.655591123], [126.970449094, 37.655590112], [126.970476878, 37.65558653], [126.970496073, 37.655584424], [126.9705057, 37.655583565], [126.970515339, 37.655582875], [126.970525764, 37.655582369], [126.970536191, 37.655582154], [126.970546612, 37.655582285], [126.970556276, 37.655582758], [126.970565928, 37.655583517], [126.970585203, 37.65558564], [126.970594826, 37.655586921], [126.970614035, 37.655589795], [126.970647215, 37.655595326], [126.970669357, 37.655598817], [126.970680462, 37.65560032], [126.97068973, 37.655601384], [126.970699012, 37.65560229], [126.970717586, 37.655603677], [126.970736245, 37.6556045], [126.970745597, 37.655604642], [126.9707549, 37.655604537], [126.970764139, 37.655604119], [126.970772865, 37.655603399], [126.970798792, 37.655600764], [126.970807405, 37.655600275], [126.970817137, 37.655600269], [126.970826833, 37.655600865], [126.970836441, 37.655602074], [126.970845102, 37.655603715], [126.97085368, 37.655605741], [126.970862208, 37.655608009], [126.97087706, 37.655612282], [126.970899775, 37.655619362], [126.97090754, 37.655621489], [126.970915414, 37.65562322], [126.970923422, 37.655624579], [126.970933735, 37.655625821], [126.970944157, 37.655626535], [126.970989118, 37.655627211], [126.971009326, 37.655627792], [126.971019455, 37.655628221], [126.971040035, 37.655629478], [126.971081743, 37.655632733], [126.971092145, 37.65563337], [126.971102534, 37.655633803], [126.971112907, 37.655633949], [126.971122241, 37.655633787], [126.971150243, 37.655632694], [126.971189846, 37.655632121], [126.971240932, 37.655630621], [126.971251589, 37.655630604], [126.971260319, 37.655630862], [126.971269016, 37.655631371], [126.971277674, 37.655632121], [126.971285521, 37.655633015], [126.971293314, 37.655634108], [126.971301039, 37.655635407], [126.971328588, 37.655640851], [126.971338381, 37.655642526], [126.971348237, 37.655643964], [126.97135656, 37.655644957], [126.971364906, 37.655645764], [126.971373257, 37.655646398], [126.971394948, 37.655647668], [126.971405704, 37.655648608], [126.971414359, 37.655649769], [126.971422936, 37.655651289], [126.971431418, 37.655653142], [126.971462912, 37.655661545], [126.971473433, 37.65566406], [126.97151892, 37.655673386], [126.971526665, 37.655674792], [126.971536673, 37.655676056], [126.971546645, 37.655676419], [126.971554987, 37.655675839], [126.971563229, 37.655674488], [126.971571317, 37.655672433], [126.971580276, 37.655669324], [126.971589049, 37.655665623], [126.97161508, 37.655653243], [126.971623924, 37.655649361], [126.971632991, 37.65564594], [126.971642133, 37.655643183], [126.971651475, 37.655640842], [126.971670365, 37.65563655], [126.971688309, 37.655632156], [126.971697286, 37.655630127], [126.971706336, 37.655628472], [126.971714767, 37.655627394], [126.971740439, 37.655625019], [126.971749543, 37.655623816], [126.9717774, 37.655619252], [126.971787009, 37.655617803], [126.971796652, 37.655616608], [126.97180632, 37.655615808], [126.971816448, 37.655615507], [126.971826565, 37.655615652], [126.971836641, 37.655616111], [126.971845249, 37.655616712], [126.971853755, 37.655617593], [126.971862763, 37.655618998], [126.971871525, 37.655620956], [126.971879952, 37.655623565], [126.971888767, 37.655627288], [126.971897119, 37.65563175], [126.971905051, 37.655636785], [126.971912578, 37.655642267], [126.971929353, 37.655656016], [126.971934418, 37.655659915], [126.971939696, 37.655663618], [126.971946935, 37.655668052], [126.971954563, 37.655672056], [126.971962525, 37.655675629], [126.971970786, 37.655678748], [126.971980407, 37.655681708], [126.971990253, 37.655684216], [126.972010507, 37.655688851], [126.972016397, 37.655690381], [126.972031787, 37.65569471], [126.972055322, 37.655701877], [126.972065155, 37.655705067], [126.972082271, 37.655711006], [126.972094528, 37.655715794], [126.972113276, 37.655723892], [126.972120315, 37.655726516], [126.972127351, 37.65572857], [126.972134624, 37.655730144], [126.972142231, 37.655731281], [126.972149994, 37.655732036], [126.972157218, 37.655732465], [126.97216451, 37.655732683], [126.972171844, 37.655732718], [126.972181986, 37.655732484], [126.9721921, 37.655731889], [126.972202124, 37.655730859], [126.972211994, 37.655729285], [126.97221921, 37.655727712], [126.972240619, 37.655722129], [126.972247813, 37.655720395], [126.972255088, 37.655718899], [126.972263249, 37.655717627], [126.972271512, 37.655716765], [126.972279846, 37.65571631], [126.972289525, 37.655716292], [126.972299229, 37.655716754], [126.972308926, 37.65571764], [126.972316522, 37.655718596], [126.972340886, 37.655722112], [126.972350104, 37.655723218], [126.972359359, 37.655724029], [126.972368884, 37.655724456], [126.972378422, 37.655724473], [126.972387951, 37.655724087], [126.972398086, 37.655723215], [126.972408142, 37.655721865], [126.972418078, 37.655720004], [126.972426918, 37.655717874], [126.972435665, 37.655715434], [126.972462754, 37.655707347], [126.972472487, 37.655704765], [126.972482241, 37.655702593], [126.972487844, 37.655701595], [126.972493437, 37.655700801], [126.972500041, 37.655700139], [126.972506575, 37.655699777], [126.972515142, 37.65569979], [126.97252343, 37.655700497], [126.972531326, 37.655702091], [126.972537446, 37.655704196], [126.972543204, 37.655706974], [126.972549513, 37.655710988], [126.972555423, 37.655715636], [126.972561247, 37.655720957], [126.97256682, 37.655726654], [126.972572182, 37.655732631], [126.972578231, 37.65573989], [126.972584043, 37.655747343], [126.972594955, 37.655761906], [126.972600246, 37.655768423], [126.972606747, 37.655775552], [126.972611976, 37.65578064], [126.972617427, 37.655785607], [126.97263572, 37.655801707], [126.972655805, 37.655820193], [126.972666318, 37.655830269], [126.972688747, 37.655853121], [126.972695978, 37.655859866], [126.972703527, 37.655866418], [126.972711314, 37.655872819], [126.972719286, 37.655879095], [126.972727396, 37.655885263], [126.972743933, 37.655897292], [126.97275937, 37.655907896], [126.972783226, 37.655923103], [126.972796101, 37.655931609], [126.972803172, 37.655936939], [126.972808227, 37.655941468], [126.972812865, 37.655946292], [126.97281713, 37.655951357], [126.972821355, 37.655957], [126.972829439, 37.655968572], [126.972834557, 37.655975483], [126.972840036, 37.655982229], [126.972863476, 37.656008435], [126.972868659, 37.656014013], [126.972873967, 37.65601946], [126.972879491, 37.656024793], [126.972886633, 37.656031181], [126.972894057, 37.656037402], [126.972901669, 37.656043512], [126.972923276, 37.656060402], [126.972931016, 37.656066637], [126.972960017, 37.65609077], [126.972966395, 37.656095834], [126.972973207, 37.656100854], [126.972978035, 37.656104138], [126.973004236, 37.656120745], [126.97301393, 37.656127799], [126.973023394, 37.656135768], [126.973032056, 37.656144364], [126.973038245, 37.656151598], [126.973043631, 37.656158664], [126.973048257, 37.656165205], [126.973054717, 37.656174932], [126.973056631, 37.656178086], [126.97305759, 37.656180007], [126.973083053, 37.656196827], [126.973095848, 37.656198208], [126.973098432, 37.656198196], [126.973099996, 37.656197886], [126.973100696, 37.656197585], [126.973101977, 37.656196754], [126.973103157, 37.65619574], [126.973106374, 37.656192265], [126.97310871, 37.656189012], [126.973116176, 37.656177779], [126.973116339, 37.656177772], [126.973117195, 37.656175947], [126.973118556, 37.656171782], [126.97312246, 37.656158061], [126.973127498, 37.656138604], [126.973136043, 37.656100589], [126.973138043, 37.656093746], [126.973140195, 37.656088016], [126.973142664, 37.656082911], [126.973146639, 37.65607691], [126.973151518, 37.656072205], [126.9731572, 37.656069248], [126.973163555, 37.656068085], [126.973167927, 37.65606839], [126.973172347, 37.656069445], [126.97317744, 37.656071437], [126.973182436, 37.656074009], [126.973193998, 37.65608094], [126.973198677, 37.656083449], [126.97320342, 37.656085489], [126.97320822, 37.65608685], [126.973214233, 37.656087318], [126.973220005, 37.656086324], [126.973224771, 37.656084186], [126.973229361, 37.656081133], [126.973233469, 37.656077881], [126.973237597, 37.656074237], [126.973257519, 37.656054804], [126.973264894, 37.656048095], [126.973268205, 37.65604541], [126.973270862, 37.656043457], [126.973277674, 37.656039154], [126.973284323, 37.656035851], [126.973288807, 37.656034064], [126.973295376, 37.656031951], [126.973304195, 37.656029706], [126.973313392, 37.656027806], [126.973322858, 37.656026136], [126.973352085, 37.656021555], [126.973361907, 37.656019889], [126.973372533, 37.656017866], [126.97339361, 37.656013283], [126.973403304, 37.656010941], [126.973417818, 37.656006899], [126.973449032, 37.655997128], [126.973457113, 37.655994793], [126.973465446, 37.655992629], [126.973483115, 37.655988593], [126.973502105, 37.655984825], [126.973520778, 37.655981433], [126.973529763, 37.655979976], [126.973538767, 37.655978847], [126.973548596, 37.655978158], [126.973558444, 37.655978042], [126.973568266, 37.655978507], [126.97357891, 37.655979656], [126.973589529, 37.655981212], [126.973608323, 37.655984446], [126.973617638, 37.655986442], [126.973626737, 37.655988782], [126.973635735, 37.655991412], [126.973660494, 37.655999364], [126.973668507, 37.656001691], [126.973675924, 37.656003525], [126.973683446, 37.656005097], [126.973691054, 37.656006434], [126.973698425, 37.656007509], [126.973705846, 37.65600838], [126.97371331, 37.656009032], [126.973719598, 37.656009395], [126.973725906, 37.656009581], [126.973734514, 37.656009539], [126.973743138, 37.656009199], [126.973751767, 37.656008598], [126.97376028, 37.656007785], [126.973777304, 37.656005713], [126.973826412, 37.655999], [126.973859005, 37.655995399], [126.973895716, 37.655991777], [126.973904305, 37.655991149], [126.97391302, 37.655990714], [126.973921712, 37.655990545], [126.973930377, 37.655990719], [126.973941246, 37.655991505], [126.973952055, 37.655992827], [126.973961777, 37.655994374], [126.973986143, 37.655998751], [126.974039193, 37.656007377], [126.974060453, 37.656011199], [126.974070741, 37.656013354], [126.974103229, 37.656020664], [126.974146767, 37.656031373], [126.974155892, 37.656033378], [126.974165064, 37.656035205], [126.974174279, 37.656036824], [126.974183298, 37.656038179], [126.974192338, 37.656039329], [126.974209014, 37.656040947], [126.97421664, 37.65604141], [126.974224262, 37.656041613], [126.974235047, 37.656041357], [126.974245801, 37.65604052], [126.97425377, 37.656039571], [126.97426171, 37.656038422], [126.974292332, 37.656033425], [126.9743002, 37.656032329], [126.974308091, 37.656031521], [126.974318866, 37.656031042], [126.974329696, 37.656031167], [126.974340543, 37.656031755], [126.974351373, 37.656032705], [126.974371651, 37.65603498], [126.974381774, 37.656035946], [126.974390152, 37.656036482], [126.974398511, 37.656036815], [126.974425257, 37.656037251], [126.974434889, 37.65603764], [126.974445227, 37.65603869], [126.974451516, 37.656039696], [126.974457577, 37.656041026], [126.974463773, 37.656042878], [126.974468214, 37.65604452], [126.97447898, 37.656048895], [126.974485631, 37.656051236], [126.974491054, 37.656052688], [126.974496708, 37.656053809], [126.974502286, 37.656054581], [126.974508009, 37.65605505], [126.974516104, 37.656055192], [126.974524367, 37.656054831], [126.974534552, 37.656053863], [126.974544877, 37.656052518], [126.974578496, 37.656047501], [126.974596651, 37.656044963], [126.974606724, 37.656043822], [126.974616794, 37.656043096], [126.974626292, 37.656042945], [126.974635759, 37.656043345], [126.97464482, 37.656044229], [126.974653845, 37.656045451], [126.974671896, 37.656048223], [126.974689, 37.65605051], [126.974700068, 37.656051778], [126.974707511, 37.656052396], [126.974714982, 37.656052804], [126.97472496, 37.656053032], [126.974734926, 37.656052882], [126.974744843, 37.656052309], [126.974753725, 37.656051423], [126.974771506, 37.656049336], [126.974780522, 37.656048523], [126.974789615, 37.656047925], [126.974807963, 37.656047259], [126.97482721, 37.656047163], [126.974856099, 37.656047741], [126.974880383, 37.656048568], [126.974899477, 37.656049843], [126.974934711, 37.656052953], [126.97495632, 37.656055185], [126.974965496, 37.656056389], [126.974974549, 37.656057899], [126.974980388, 37.656059117], [126.974986146, 37.656060531], [126.974996303, 37.656063508], [126.975020559, 37.656071454], [126.975064104, 37.656085082], [126.975080946, 37.656090611], [126.975087844, 37.656093061], [126.975099195, 37.656097436], [126.975108825, 37.65610149], [126.975116267, 37.65610486], [126.975122699, 37.656108117], [126.975174115, 37.656118884], [126.975187996, 37.656122175], [126.975197379, 37.656124765], [126.975211634, 37.656129269], [126.975230366, 37.656135763], [126.975239515, 37.656139275], [126.975243975, 37.65614116], [126.975248316, 37.656143176], [126.975252492, 37.656145374], [126.975256243, 37.656147657], [126.975259832, 37.656150113], [126.975263286, 37.656152708], [126.975269944, 37.65615831], [126.975276346, 37.656164306], [126.975282547, 37.656170472], [126.975294489, 37.656183103], [126.975300422, 37.656190139], [126.975306884, 37.656198983], [126.975313014, 37.656208124], [126.975321324, 37.656221166], [126.975321848, 37.656221742], [126.975323946, 37.65622248], [126.97532767, 37.656223321], [126.975332798, 37.656224212], [126.975369859, 37.656229883], [126.975381351, 37.656231851], [126.975392802, 37.656234015], [126.975403812, 37.656236367], [126.975414533, 37.656239032], [126.975423895, 37.656241779], [126.97543145, 37.656244292], [126.975461567, 37.656255097], [126.975468644, 37.656257392], [126.975476033, 37.656259457], [126.97548356, 37.656261161], [126.975490206, 37.656262321], [126.975496939, 37.656263247], [126.97550603, 37.656264232], [126.975524414, 37.656265619], [126.975552909, 37.656267208], [126.975560518, 37.65626794], [126.975568012, 37.656268948], [126.975575444, 37.656270179], [126.975586437, 37.656272279], [126.975593884, 37.656273874], [126.975601202, 37.656275656], [126.975608956, 37.656277904], [126.975616404, 37.656280549], [126.975622414, 37.656283176], [126.975628065, 37.656286205], [126.975634275, 37.656290388], [126.975639374, 37.656294562], [126.975644112, 37.656299078], [126.975648519, 37.656303877], [126.975652729, 37.656309056], [126.975656678, 37.656314425], [126.975660435, 37.656319926], [126.975670613, 37.656335794], [126.975674101, 37.656340843], [126.975678238, 37.656346214], [126.975682709, 37.656351482], [126.975689003, 37.656358326], [126.975696208, 37.656365827], [126.97572265, 37.656392972], [126.975743655, 37.656415437], [126.975745448, 37.656417155], [126.975746184, 37.656417656], [126.975794905, 37.656497371], [126.975809668, 37.656521248], [126.975824353, 37.656544124], [126.975833845, 37.656557906], [126.975838483, 37.656564208], [126.97584331, 37.656570411], [126.975848376, 37.656576487], [126.975854524, 37.656583279], [126.975860952, 37.656589925], [126.975887786, 37.656615978], [126.975901202, 37.65662952], [126.975914352, 37.656643698], [126.975927093, 37.656658124], [126.975930366, 37.656661968], [126.975933302, 37.656665418], [126.975945257, 37.656680194], [126.975950882, 37.65668771], [126.975956146, 37.656695348], [126.975960276, 37.656702001], [126.975964033, 37.656708759], [126.975967383, 37.656715611], [126.975970264, 37.656722555], [126.975972574, 37.656729594], [126.975974429, 37.656737917], [126.975975434, 37.65674633], [126.975975626, 37.656754784], [126.975974965, 37.656763238], [126.97597339, 37.656771751], [126.975971104, 37.656780232], [126.975968333, 37.65678869], [126.975958875, 37.656814048], [126.975955925, 37.656822959], [126.975953612, 37.656832827], [126.97595203, 37.656843405], [126.975951305, 37.656854203], [126.975951547, 37.656864732], [126.975952843, 37.65687451], [126.975955196, 37.656883071], [126.975958055, 37.656889437], [126.975961055, 37.65689422], [126.975963604, 37.656897196], [126.97596521, 37.65689812], [126.976034623, 37.65692827], [126.976053575, 37.656936148], [126.976063948, 37.656940082], [126.976073383, 37.656943322], [126.976082848, 37.656946281], [126.976092395, 37.65694895], [126.976102021, 37.656951271], [126.976109641, 37.656952815], [126.976117275, 37.656954149], [126.976133637, 37.656956465], [126.976142315, 37.656957272], [126.976150919, 37.656957554], [126.976158723, 37.656957212], [126.976166402, 37.656956311], [126.976173897, 37.656954884], [126.976182266, 37.656952579], [126.976190173, 37.656949574], [126.976197469, 37.656945822], [126.976203482, 37.656941688], [126.976208831, 37.656936964], [126.976213488, 37.656931726], [126.976217388, 37.656926027], [126.976220526, 37.656919812], [126.976222992, 37.656913256], [126.976224964, 37.65690645], [126.976226589, 37.656899469], [126.976231858, 37.656872161], [126.976233757, 37.656863996], [126.976236026, 37.656856018], [126.976238818, 37.656848325], [126.976242327, 37.656841044], [126.97624702, 37.656833961], [126.976252762, 37.656827656], [126.976259611, 37.656822334], [126.976265681, 37.656819046], [126.976272339, 37.656816418], [126.976279469, 37.656814389], [126.976286973, 37.65681293], [126.97629613, 37.656811912], [126.976305581, 37.656811522], [126.976315233, 37.656811646], [126.976324902, 37.656812195], [126.976334654, 37.656813068], [126.976344458, 37.65681418], [126.976355438, 37.656815624], [126.976399263, 37.656821896], [126.976410109, 37.656823207], [126.97642087, 37.656824237], [126.976431514, 37.656824855], [126.976441999, 37.656824898], [126.976452269, 37.656824151], [126.976459386, 37.656823033], [126.976466366, 37.656821473], [126.976473036, 37.656819588], [126.976479549, 37.65681736], [126.976485868, 37.656814782], [126.976492166, 37.656811763], [126.976498314, 37.656808481], [126.976513259, 37.656800095], [126.976520688, 37.65679623], [126.976528337, 37.656792545], [126.976536175, 37.656789044], [126.976549573, 37.656783623], [126.976564869, 37.656778187], [126.976573449, 37.656775502], [126.97658084, 37.656773456], [126.976582153, 37.656773092], [126.976592693, 37.65677062], [126.976603365, 37.656768471], [126.976638771, 37.656762069], [126.976651882, 37.656759234], [126.976683549, 37.656751808], [126.976693439, 37.656749781], [126.976703401, 37.656747966], [126.976713784, 37.656746298], [126.976761895, 37.656739713], [126.976768484, 37.656738681], [126.976775648, 37.656737358], [126.976782802, 37.656735798], [126.976789772, 37.656733966], [126.976796939, 37.656731667], [126.976803838, 37.656729057], [126.976810452, 37.656726211], [126.976825848, 37.656718952], [126.976833496, 37.656715955], [126.976841544, 37.656713887], [126.976849756, 37.65671304], [126.976857689, 37.65671352], [126.976865485, 37.656715155], [126.976871862, 37.656717301], [126.976878125, 37.656719933], [126.976904931, 37.656732367], [126.976909344, 37.656734633], [126.976913617, 37.656737059], [126.976920819, 37.656741796], [126.976936674, 37.656753284], [126.976940503, 37.656755673], [126.976944516, 37.656757823], [126.976949486, 37.656759965], [126.976954721, 37.656761756], [126.976962318, 37.656763803], [126.976979429, 37.656767604], [126.976988561, 37.656769834], [126.976993705, 37.656771311], [126.976998647, 37.656772959], [126.97700381, 37.656775021], [126.977008559, 37.656777407], [126.977014136, 37.656781209], [126.977018689, 37.656785458], [126.977021174, 37.656788233], [126.97702852, 37.65679714], [126.977031679, 37.656800163], [126.977035335, 37.656802827], [126.977041979, 37.65680594], [126.977048163, 37.656807513], [126.977055202, 37.656808315], [126.977057772, 37.656808408], [126.977065355, 37.656808197], [126.977071063, 37.656807691], [126.977076886, 37.656806921], [126.977084738, 37.656805489], [126.977092612, 37.656803572], [126.977100827, 37.656801011], [126.977108937, 37.656797998], [126.977126933, 37.656790405], [126.977135785, 37.656786871], [126.977144729, 37.65678364], [126.977153702, 37.6567808], [126.977162643, 37.656778475], [126.977172331, 37.656776733], [126.977181871, 37.656776202], [126.977188835, 37.656776825], [126.977195639, 37.656778285], [126.97720084, 37.656779967], [126.977205902, 37.656782061], [126.977211511, 37.65678488], [126.977219686, 37.656789686], [126.977227453, 37.656794807], [126.977251011, 37.65681127], [126.977259241, 37.65681655], [126.977267571, 37.656821633], [126.977275518, 37.656826231], [126.977283624, 37.656830628], [126.97729153, 37.656834581], [126.977300015, 37.65683823], [126.977306018, 37.656840305], [126.977312498, 37.656842184], [126.97732373, 37.656844737], [126.977335535, 37.656846657], [126.977347482, 37.656847908], [126.977359141, 37.656848471], [126.977367292, 37.656848452], [126.977374886, 37.656848105], [126.977381263, 37.656847555], [126.977394413, 37.656845826], [126.977399986, 37.656844755], [126.977400924, 37.656844521], [126.97740246, 37.656844432], [126.977406244, 37.656844633], [126.977437506, 37.65684884], [126.977446612, 37.65685097], [126.977461455, 37.656855071], [126.977471737, 37.65685825], [126.977482865, 37.656861931], [126.977502932, 37.656869144], [126.97753173, 37.656880081], [126.977543353, 37.656885013], [126.9775498, 37.656888047], [126.977556114, 37.656891253], [126.977561818, 37.656894384], [126.977573649, 37.65690155], [126.977593276, 37.656914064], [126.97760506, 37.656920915], [126.977616409, 37.656926996], [126.977623701, 37.656930576], [126.977631092, 37.656933972], [126.977648049, 37.656941461], [126.977656653, 37.656945621], [126.977673309, 37.656954122], [126.977681553, 37.656958158], [126.977700872, 37.656967091], [126.977712594, 37.656972969], [126.977718539, 37.656976146], [126.977726164, 37.656980564], [126.977733429, 37.656985197], [126.97773951, 37.656989446], [126.977755738, 37.657001944], [126.977760285, 37.657004923], [126.977765159, 37.657007568], [126.977771762, 37.657010335], [126.977777625, 37.657012238], [126.977783732, 37.657013826], [126.977791593, 37.657015441], [126.977815987, 37.657019388], [126.977823639, 37.657020922], [126.977831011, 37.657022803], [126.977837973, 37.657025165], [126.977840931, 37.65702642], [126.977846939, 37.657029598], [126.977852341, 37.657033287], [126.977857111, 37.657037374], [126.977859867, 37.657040198], [126.977867467, 37.657049077], [126.977871359, 37.657053166], [126.977875655, 37.657056865], [126.977880484, 37.657059976], [126.977886025, 37.657062371], [126.977892081, 37.657064074], [126.977897378, 37.65706505], [126.977902825, 37.657065715], [126.977918731, 37.657067102], [126.977925348, 37.65706804], [126.977931301, 37.657069242], [126.977937036, 37.657070836], [126.97793982, 37.657071818], [126.977945145, 37.657074208], [126.977949975, 37.657077086], [126.9779534, 37.657079651], [126.977956531, 37.657082398], [126.977964816, 37.657090548], [126.977967911, 37.657093036], [126.977971646, 37.657095345], [126.97798007, 37.657098823], [126.977984557, 37.657100013], [126.977992332, 37.657101359], [126.978001029, 37.657102129], [126.978010936, 37.657102406], [126.978040719, 37.65710264], [126.978049493, 37.657102392], [126.978051258, 37.657102204], [126.978052007, 37.657101965], [126.978057377, 37.657102346], [126.978061159, 37.657102848], [126.978064852, 37.657103677], [126.978066481, 37.657104245], [126.97807304, 37.657107514], [126.97807866, 37.657110052], [126.978126092, 37.657129852], [126.978126889, 37.657130517], [126.97812961, 37.65713166], [126.978135689, 37.657133635], [126.97814552, 37.657136168], [126.978207012, 37.657149108], [126.978228531, 37.65715322], [126.978248196, 37.657156529], [126.978257615, 37.657158357], [126.978274795, 37.65716228], [126.978280193, 37.657163353], [126.978285527, 37.657164226], [126.978291286, 37.657164889], [126.978296958, 37.657165115], [126.978302464, 37.6571648], [126.978307851, 37.657163976], [126.978312864, 37.657162742], [126.978317655, 37.657161057], [126.978323656, 37.657158036], [126.97832839, 37.657154782], [126.978332802, 37.657151123], [126.978344923, 37.657140079], [126.978350682, 37.657135478], [126.978356724, 37.657131655], [126.978363203, 37.657128942], [126.978369862, 37.657127734], [126.978373169, 37.657127797], [126.978378044, 37.657128736], [126.97838021, 37.657129487], [126.9783848, 37.657131795], [126.978389112, 37.657134854], [126.978393148, 37.657138522], [126.978398489, 37.657144797], [126.978402992, 37.657151827], [126.978406813, 37.657159501], [126.978409066, 37.657165029], [126.978411118, 37.657170716], [126.978419454, 37.657196332], [126.978422439, 37.657204814], [126.978425756, 37.657213104], [126.97843331, 37.657229408], [126.978436052, 37.657236032], [126.978438047, 37.657241839], [126.978439707, 37.657247601], [126.978442508, 37.657259335], [126.978444169, 37.657265125], [126.978445697, 37.657268855], [126.97844767, 37.657272359], [126.978451378, 37.65727687], [126.978456055, 37.657280721], [126.978459635, 37.657282866], [126.978465406, 37.657285403], [126.978471736, 37.657287208], [126.978479469, 37.657288309], [126.978487606, 37.657288485], [126.978495877, 37.657287886], [126.978521868, 37.657284324], [126.978529643, 37.657283582], [126.978537542, 37.657283137], [126.978545852, 37.657282994], [126.978554226, 37.657283148], [126.978562641, 37.657283579], [126.978571072, 37.657284269], [126.978582477, 37.657285616], [126.978595488, 37.65728761], [126.978609652, 37.657290077], [126.978650227, 37.657297862], [126.978672076, 37.657302438], [126.978686685, 37.657305676], [126.978696073, 37.657317208], [126.978698138, 37.657320011], [126.978699873, 37.657322727], [126.978701771, 37.657326961], [126.978705832, 37.657341689], [126.978706826, 37.657344583], [126.978708131, 37.657347424], [126.978709759, 37.65735021], [126.97871249, 37.657354302], [126.978727961, 37.657375863], [126.978740745, 37.657382207], [126.978742036, 37.657382375], [126.97875044, 37.657384629], [126.978764211, 37.657388832], [126.978775518, 37.657392698], [126.978787592, 37.657397402], [126.978796065, 37.657401167], [126.978804409, 37.657405222], [126.978826592, 37.657416914], [126.97883734, 37.657422286], [126.978844058, 37.65742508], [126.978849752, 37.657427002], [126.9788571, 37.657428891], [126.978867046, 37.657430376], [126.978877411, 37.657430889], [126.978887954, 37.65743069], [126.978898579, 37.657430024], [126.97890613, 37.657429352], [126.978920357, 37.657427618], [126.978935556, 37.657425392], [126.978960902, 37.657421094], [126.978967253, 37.657420242], [126.978973316, 37.657420077], [126.978979447, 37.657420986], [126.978985189, 37.657423049], [126.978989184, 37.657425361], [126.978992885, 37.65742822], [126.978998043, 37.657433325], [126.979002007, 37.657437909], [126.979015504, 37.657455005], [126.979022163, 37.657463037], [126.97902554, 37.657466695], [126.979030055, 37.657470947], [126.979035001, 37.657474607], [126.979040898, 37.657477661], [126.979047371, 37.657479792], [126.979055603, 37.657481129], [126.97906429, 37.657481505], [126.979088494, 37.65748096], [126.97912482, 37.657479804], [126.979144442, 37.657479794], [126.979172853, 37.657480444], [126.979181687, 37.657481033], [126.979190103, 37.657482236], [126.979198867, 37.657484643], [126.979206754, 37.657488126], [126.979213316, 37.65749239], [126.979218604, 37.657497249], [126.97922251, 37.657502704], [126.979224623, 37.657507867], [126.979226098, 37.657513897], [126.979228287, 37.657527372], [126.97922953, 37.657533207], [126.979232591, 37.657542719], [126.979236806, 37.657551649], [126.97924, 37.657556854], [126.979242715, 37.657560646], [126.97924644, 37.657565116], [126.979249116, 37.657567827], [126.979251521, 37.657569936], [126.979253697, 37.65757153], [126.979255805, 37.657572245], [126.979260226, 37.657575354], [126.979264712, 37.657578], [126.979280613, 37.657589153], [126.979280632, 37.65758918], [126.979284913, 37.657600481], [126.979288507, 37.657608493], [126.97929062, 37.657612519], [126.979292922, 37.657616315], [126.9792954, 37.657619692], [126.979298184, 37.657622656], [126.979304237, 37.657627691], [126.979310824, 37.657632438], [126.979321113, 37.657639338], [126.979355895, 37.65766209], [126.979366028, 37.65766914], [126.97937245, 37.657674093], [126.979378452, 37.6576794], [126.979386931, 37.657687757], [126.979425046, 37.657728498], [126.979443529, 37.657790741], [126.979446874, 37.657802503], [126.979448774, 37.657810322], [126.97944952, 37.657814216], [126.979450052, 37.657818095], [126.979450282, 37.657821952], [126.979450098, 37.657825779], [126.979449425, 37.657829502], [126.979448349, 37.657833196], [126.979445389, 37.657840518], [126.979439821, 37.657851394], [126.979433507, 37.65786212], [126.979428805, 37.657869187], [126.979421077, 37.657879655], [126.979391391, 37.657917394], [126.979388803, 37.657921948], [126.979387226, 37.657925266], [126.979386103, 37.657928669], [126.97938588, 37.65793024], [126.979385966, 37.65793173], [126.979387226, 37.657935927], [126.979395585, 37.657954158], [126.979398329, 37.657961015], [126.979400247, 37.65796655], [126.979401008, 37.65796944], [126.979401853, 37.657973961], [126.979404084, 37.657990676], [126.979403674, 37.657992164], [126.97940163, 37.657995981], [126.979397946, 37.658001559], [126.979392945, 37.658007927], [126.979386565, 37.658014939], [126.979378962, 37.658022197], [126.97937031, 37.65802931], [126.979360575, 37.658036088], [126.979350377, 37.658042146], [126.979340191, 37.658047353], [126.979330499, 37.658051587], [126.979312117, 37.65805841], [126.979293432, 37.658064836], [126.979262364, 37.658074752], [126.979241662, 37.658081056], [126.979223484, 37.658086245], [126.979214431, 37.658088499], [126.979205392, 37.658090369], [126.979196363, 37.658091702], [126.979188547, 37.658092299], [126.979180785, 37.658092335], [126.979173129, 37.658091769], [126.979165635, 37.658090527], [126.97915738, 37.658088242], [126.979149353, 37.658085189], [126.979141507, 37.658081556], [126.979133805, 37.658077488], [126.979126219, 37.658073102], [126.979118729, 37.65806849], [126.979095765, 37.658053777], [126.979087962, 37.658049106], [126.979079961, 37.658044763], [126.979071668, 37.6580409], [126.979063656, 37.658037865], [126.979055372, 37.658035318], [126.97904687, 37.658033205], [126.979038196, 37.658031498], [126.979029383, 37.658030193], [126.979019652, 37.658029218], [126.979009829, 37.658028605], [126.978999949, 37.658028242], [126.978981008, 37.658027958], [126.97897199, 37.658028025], [126.978963001, 37.658028324], [126.97895406, 37.658028961], [126.978945225, 37.658030009], [126.978936448, 37.658031414], [126.97892772, 37.658033098], [126.978918892, 37.658035045], [126.978910129, 37.658037207], [126.978901452, 37.658039592], [126.978892883, 37.658042216], [126.978884456, 37.658045119], [126.978875713, 37.658048528], [126.978867126, 37.658052222], [126.978858663, 37.65805613], [126.978842169, 37.658064297], [126.978809779, 37.658080932], [126.978791055, 37.658089983], [126.978772114, 37.658098744], [126.978726459, 37.658119415], [126.97870884, 37.658127594], [126.978700107, 37.658131776], [126.97866304, 37.65815023], [126.978653701, 37.658154736], [126.978634743, 37.658163376], [126.978606053, 37.658176003], [126.978587642, 37.658184508], [126.978566911, 37.658194845], [126.978544238, 37.658206657], [126.978523833, 37.658217574], [126.978496582, 37.658232433], [126.978467448, 37.658248847], [126.978455312, 37.658255684], [126.978404154, 37.65828903], [126.978394418, 37.658296131], [126.978369205, 37.65831544], [126.978367536, 37.658316003], [126.978363582, 37.658318269], [126.978358108, 37.65832208], [126.978351898, 37.658327314], [126.978345747, 37.65833386], [126.978340048, 37.658342131], [126.978335599, 37.658351361], [126.978332548, 37.658361081], [126.97833099, 37.658370792], [126.978331008, 37.658379981], [126.978332683, 37.658388137], [126.978335776, 37.658395502], [126.978340042, 37.658402471], [126.978345251, 37.658409182], [126.978351128, 37.658415708], [126.978357471, 37.658422104], [126.978371004, 37.658434658], [126.978385107, 37.658447062], [126.978429035, 37.658484986], [126.978443436, 37.658497277], [126.978458016, 37.658509429], [126.978465419, 37.658515417], [126.978479147, 37.658526127], [126.978509117, 37.658548638], [126.978516839, 37.658554808], [126.978523394, 37.6585605], [126.978529587, 37.6585664], [126.978535352, 37.658572527], [126.978540593, 37.658578911], [126.978545571, 37.658586122], [126.978549934, 37.658593597], [126.978553791, 37.658601269], [126.978557193, 37.65860908], [126.978560151, 37.658616986], [126.978562519, 37.658624551], [126.9785644, 37.658632135], [126.978565694, 37.658639711], [126.978566256, 37.658647246], [126.97856588, 37.658654705], [126.978564162, 37.658662878], [126.978561283, 37.658670898], [126.97855748, 37.658678741], [126.978552899, 37.658686367], [126.978547606, 37.658693714], [126.978541595, 37.658700692], [126.978534787, 37.658707188], [126.978528012, 37.658712477], [126.978520718, 37.658717416], [126.978513094, 37.65872214], [126.978497509, 37.65873142], [126.978490334, 37.658735875], [126.978483358, 37.658740487], [126.978476669, 37.658745301], [126.978470366, 37.658750373], [126.978464569, 37.658755772], [126.978459223, 37.658761727], [126.978454387, 37.658768016], [126.978449916, 37.658774553], [126.978427834, 37.658810421], [126.9784228, 37.658818065], [126.978417571, 37.658825593], [126.978412095, 37.658832942], [126.978406332, 37.65884], [126.978400185, 37.6588467], [126.978393558, 37.658852906], [126.978387033, 37.658857998], [126.978380084, 37.658862495], [126.978372767, 37.658866315], [126.978365116, 37.658869326], [126.978357143, 37.65887134], [126.978348761, 37.658872191], [126.978340178, 37.658871962], [126.978331521, 37.658870788], [126.978322432, 37.658868627], [126.978313456, 37.658865667], [126.978304665, 37.658862024], [126.978296692, 37.658858076], [126.978288937, 37.658853691], [126.978281402, 37.658848946], [126.9782741, 37.658843887], [126.978267699, 37.658839053], [126.978261493, 37.658834021], [126.978255477, 37.658828818], [126.978249647, 37.658823465], [126.978242989, 37.658816964], [126.978218818, 37.658792077], [126.978213047, 37.658786417], [126.978207115, 37.658780927], [126.978199667, 37.65877462], [126.97819184, 37.658768738], [126.978183555, 37.658763404], [126.978175511, 37.658759108], [126.978167089, 37.658755343], [126.978158372, 37.658752075], [126.978149414, 37.658749311], [126.97814026, 37.658747097], [126.978130932, 37.658745522], [126.978122352, 37.658744706], [126.978113677, 37.658744311], [126.978094098, 37.658743873], [126.978082247, 37.658742791], [126.978069849, 37.658740588], [126.978057686, 37.658737142], [126.978046378, 37.658732444], [126.978038659, 37.658728088], [126.978031954, 37.658723344], [126.978026386, 37.658718506], [126.978022062, 37.658713868], [126.978018648, 37.658709124], [126.978016921, 37.65870565], [126.978016841, 37.658703975], [126.977992616, 37.658666911], [126.977989241, 37.658660678], [126.977979972, 37.65864163]]}, "properties": {"vcursId": "121500V001", "name": "북한산성코스", "distanceKm": "3.4", "durationH": "02", "durationM": "40", "difficulty": "중", "section": "북한산성탐방지원센터~대서문~보리사~백운대"}}, {"type": "Feature", "geometry": {"type": "LineString", "coordinates": [[126.974414019, 37.63197815], [126.97441924, 37.631986215], [126.974423883, 37.631991489], [126.974428042, 37.631996584], [126.974431212, 37.632001168], [126.974434033, 37.632005944], [126.974437964, 37.63201324], [126.974458246, 37.632052466], [126.974462303, 37.632059556], [126.974468018, 37.632068427], [126.974473039, 37.632075244], [126.974477764, 37.632080553], [126.974482952, 37.63208573], [126.974490608, 37.632092788], [126.974492231, 37.632093838], [126.97449502, 37.632097378], [126.974497408, 37.632101249], [126.974499925, 37.632106113], [126.97450241, 37.63211184], [126.974505021, 37.632119205], [126.974507345, 37.632127277], [126.974509367, 37.632135823], [126.974511095, 37.632144599], [126.974512819, 37.63215515], [126.974514184, 37.632165258], [126.974514621, 37.632169055], [126.974517136, 37.632190936], [126.974518462, 37.632199066], [126.974520105, 37.632206918], [126.974522132, 37.632214703], [126.974524587, 37.632222403], [126.974527842, 37.632230911], [126.974536593, 37.63225244], [126.974541453, 37.632266308], [126.974543653, 37.632273623], [126.974545612, 37.632280949], [126.974547294, 37.632288301], [126.974548552, 37.632295652], [126.9745492, 37.632303006], [126.974549019, 37.632311405], [126.974548036, 37.632319799], [126.97454647, 37.632328172], [126.974544717, 37.63233551], [126.974542622, 37.632342777], [126.974540141, 37.632349924], [126.974537426, 37.632356422], [126.97453426, 37.632362717], [126.974530565, 37.632368745], [126.974526226, 37.632374423], [126.974522634, 37.632378253], [126.97451868, 37.632381863], [126.974514564, 37.632385143], [126.974510187, 37.632388237], [126.974502646, 37.632392846], [126.974494593, 37.632396989], [126.974486087, 37.632400636], [126.974477817, 37.632403557], [126.974469273, 37.632406115], [126.974460535, 37.632408411], [126.974425999, 37.632416495], [126.974416131, 37.632419148], [126.974406371, 37.632422016], [126.974389289, 37.632427369], [126.974381759, 37.632429882], [126.974373814, 37.632432869], [126.974362778, 37.632437584], [126.974352099, 37.632443047], [126.974342474, 37.632449263], [126.974334542, 37.632456186], [126.974328677, 37.632463582], [126.9743247, 37.632470745], [126.974322321, 37.6324769], [126.974321274, 37.632481294], [126.974321577, 37.632483509], [126.974323233, 37.63248597], [126.974325702, 37.632490476], [126.974333142, 37.632505034], [126.974342755, 37.632524526], [126.974362419, 37.63256565], [126.974366652, 37.632573976], [126.974374432, 37.632587987], [126.974395719, 37.632624783], [126.974403548, 37.632639686], [126.974416709, 37.632667464], [126.974425546, 37.632685325], [126.974440022, 37.632715997], [126.974443251, 37.632723266], [126.974446234, 37.632730583], [126.974448741, 37.632737534], [126.974450981, 37.632744528], [126.97445482, 37.632758569], [126.974459297, 37.632778109], [126.97446097, 37.632784287], [126.974463184, 37.63279089], [126.974468069, 37.632803534], [126.974473274, 37.632815655], [126.974481733, 37.632832524], [126.974494979, 37.632857743], [126.974498525, 37.632864925], [126.974501685, 37.632872145], [126.974504275, 37.632879437], [126.974506162, 37.632886691], [126.974509292, 37.63290139], [126.974511132, 37.63290839], [126.974513301, 37.632915401], [126.974518424, 37.632929427], [126.974521597, 37.632937137], [126.974528436, 37.632952533], [126.974553838, 37.633006405], [126.974583557, 37.633071706], [126.974586468, 37.633078598], [126.974589322, 37.633086563], [126.974591786, 37.633094645], [126.974594004, 37.63310281], [126.974604543, 37.633145844], [126.974613868, 37.63318085], [126.974615074, 37.63318663], [126.974618152, 37.633207037], [126.974619341, 37.633213809], [126.974621467, 37.633222721], [126.974623327, 37.633228843], [126.974625524, 37.633234885], [126.974628108, 37.633240824], [126.974630866, 37.63324618], [126.974633954, 37.633251426], [126.974638124, 37.633257725], [126.974642613, 37.633263885], [126.974651759, 37.633275679], [126.974659154, 37.633285863], [126.974663423, 37.633292313], [126.974667202, 37.633298858], [126.97467053, 37.633305997], [126.974673373, 37.633313219], [126.974675456, 37.633318997], [126.974677256, 37.633324789], [126.974678577, 37.633330625], [126.974679277, 37.633337069], [126.97467918, 37.633343529], [126.974678346, 37.63334982], [126.974676947, 37.633356019], [126.974675168, 37.633362075], [126.974671228, 37.633373984], [126.974669805, 37.633379586], [126.974669256, 37.633384911], [126.974670019, 37.633389902], [126.974673007, 37.633395261], [126.974677912, 37.633400133], [126.974684295, 37.633404547], [126.974691826, 37.633408497], [126.974696805, 37.633410643], [126.974702047, 37.633412653], [126.974711499, 37.633415889], [126.974721353, 37.633418908], [126.974731451, 37.633421733], [126.974741671, 37.633424356], [126.974751915, 37.633426741], [126.974762099, 37.633428815], [126.974771937, 37.633430392], [126.974781746, 37.633431164], [126.974791883, 37.633430781], [126.974802073, 37.6334294], [126.974812299, 37.63342729], [126.974822545, 37.633424656], [126.974832805, 37.63342165], [126.974853343, 37.633414948], [126.974884167, 37.63340409], [126.975028908, 37.63335177], [126.975049355, 37.633344611], [126.975069016, 37.633338198], [126.975078266, 37.633335532], [126.975086888, 37.63333345], [126.975094616, 37.633332194], [126.975101097, 37.633332086], [126.975105862, 37.633333553], [126.975108472, 37.633336793], [126.975109428, 37.633341485], [126.975109317, 37.633345497], [126.97510866, 37.633349904], [126.975107529, 37.633354595], [126.975105499, 37.633360928], [126.975100674, 37.633374183], [126.975098478, 37.633380985], [126.975095422, 37.633392348], [126.975093079, 37.63339946], [126.975090258, 37.633406676], [126.975087078, 37.633413965], [126.975083265, 37.633422051], [126.975075029, 37.633438303], [126.975056704, 37.633473069], [126.975053205, 37.633480204], [126.975049954, 37.633487365], [126.975047044, 37.633494565], [126.975044593, 37.633501822], [126.975042474, 37.633509972], [126.97503926, 37.633525435], [126.975036774, 37.633540004], [126.975035376, 37.633553555], [126.975034374, 37.633567145], [126.975034014, 37.633573938], [126.975033908, 37.633580692], [126.975034181, 37.633587666], [126.975034822, 37.633594567], [126.975035792, 37.633601364], [126.975038017, 37.633614188], [126.975038732, 37.633620562], [126.975041403, 37.633649868], [126.975041858, 37.633656569], [126.97504198, 37.633669037], [126.975040639, 37.633696391], [126.975040564, 37.633703351], [126.975040985, 37.633711573], [126.975042112, 37.633719631], [126.975044133, 37.633727445], [126.975046638, 37.633733673], [126.975049925, 37.633739617], [126.975054027, 37.633745217], [126.975059961, 37.633751361], [126.975066802, 37.633757078], [126.975074274, 37.63376251], [126.975082153, 37.633767778], [126.975106286, 37.633783453], [126.975114017, 37.633788815], [126.975121553, 37.633794337], [126.97512842, 37.633799689], [126.975135094, 37.633805158], [126.975149977, 37.633817738], [126.975161543, 37.633827236], [126.975167136, 37.633832103], [126.975172027, 37.633836755], [126.97517671, 37.633841563], [126.975181233, 37.633846489], [126.9751873, 37.633853473], [126.975193085, 37.633860615], [126.975198568, 37.633868006], [126.975203602, 37.633875577], [126.975211156, 37.633888553], [126.975217694, 37.633900387], [126.975230817, 37.633925353], [126.975234609, 37.633931714], [126.975238373, 37.633937163], [126.975242467, 37.633942497], [126.975247128, 37.633948167], [126.975256928, 37.633959397], [126.975269296, 37.633973074], [126.975281993, 37.633986592], [126.975294007, 37.633998593], [126.975310049, 37.634013499], [126.97531505, 37.63401778], [126.975319633, 37.634021358], [126.975327453, 37.634026691], [126.975335736, 37.634031661], [126.975372008, 37.634051455], [126.975379309, 37.634055711], [126.975400957, 37.634068782], [126.975415166, 37.634077695], [126.975421967, 37.63408238], [126.975428607, 37.634087384], [126.97544157, 37.634097687], [126.975447741, 37.634102403], [126.975454087, 37.634106991], [126.975460632, 37.634111408], [126.975468798, 37.634116487], [126.975485506, 37.634126311], [126.975493444, 37.634131144], [126.975501156, 37.634136171], [126.975508518, 37.634141475], [126.975516146, 37.634147769], [126.975523212, 37.634154444], [126.975529718, 37.634161452], [126.975535605, 37.634168766], [126.975540763, 37.634176393], [126.975544442, 37.634183064], [126.975547526, 37.634189932], [126.975550022, 37.634196964], [126.975551983, 37.634204249], [126.975553536, 37.634211621], [126.975556266, 37.634226644], [126.975557872, 37.634234196], [126.975559959, 37.634241638], [126.975563041, 37.634249638], [126.975566853, 37.634257453], [126.975569941, 37.634262906], [126.975573335, 37.634268248], [126.975577059, 37.634273452], [126.975581038, 37.634278404], [126.975585295, 37.63428322], [126.975589773, 37.634287918], [126.975599659, 37.634297429], [126.975615296, 37.634311315], [126.975620333, 37.634316029], [126.975625407, 37.634321252], [126.975630136, 37.634326611], [126.975634546, 37.634332046], [126.975643469, 37.634343617], [126.975648298, 37.63434903], [126.975652846, 37.634353196], [126.975657902, 37.634356971], [126.975663472, 37.634360291], [126.975671165, 37.634363761], [126.97567949, 37.634366621], [126.975688271, 37.634369071], [126.975726419, 37.634377962], [126.975735942, 37.634380438], [126.975745163, 37.634383215], [126.975753916, 37.634386427], [126.975761993, 37.634390243], [126.975768427, 37.634394264], [126.975774085, 37.634398841], [126.975779639, 37.634404896], [126.975783699, 37.634411444], [126.975786515, 37.634418491], [126.975788175, 37.634425887], [126.97578867, 37.634433511], [126.97578817, 37.634439948], [126.975786948, 37.634446436], [126.975785109, 37.634452939], [126.975782363, 37.634460387], [126.97577913, 37.634467821], [126.975767993, 37.634490751], [126.975764373, 37.634498551], [126.975761093, 37.634506412], [126.975758337, 37.634514365], [126.975756171, 37.634522802], [126.97575462, 37.634531341], [126.975753537, 37.634539954], [126.975752809, 37.63454862], [126.975752131, 37.634566042], [126.97575228, 37.63458351], [126.975752673, 37.634592235], [126.975753337, 37.634600939], [126.975754345, 37.63460961], [126.975755665, 37.634617677], [126.975757314, 37.634625697], [126.975759249, 37.634633668], [126.975761454, 37.634641577], [126.975763937, 37.634649408], [126.975766734, 37.634657138], [126.975769907, 37.634664734], [126.975773551, 37.634672151], [126.975777821, 37.634679464], [126.975782576, 37.63468656], [126.975787718, 37.634693445], [126.975792782, 37.634699625], [126.975798158, 37.634705569], [126.975803907, 37.634711214], [126.975809597, 37.634716158], [126.97582132, 37.634725742], [126.975826952, 37.634730711], [126.975833251, 37.63473709], [126.975839115, 37.634743832], [126.975844702, 37.63475082], [126.975864953, 37.634777458], [126.975869816, 37.63478349], [126.975879888, 37.6347953], [126.975895978, 37.634813104], [126.975901048, 37.634819228], [126.975905895, 37.634825872], [126.975915245, 37.634839379], [126.975919306, 37.634844666], [126.975928321, 37.63485532], [126.975960842, 37.634892387], [126.975966851, 37.634898795], [126.975973799, 37.634905734], [126.975995129, 37.634926262], [126.976001876, 37.634933318], [126.976007747, 37.634940075], [126.976013296, 37.634947021], [126.976018592, 37.634954112], [126.976028602, 37.634968608], [126.976037983, 37.634983406], [126.976042441, 37.634990897], [126.976046719, 37.63499845], [126.976054636, 37.635013668], [126.976066931, 37.635040118], [126.976070048, 37.635046257], [126.97607408, 37.635053285], [126.976078569, 37.635060112], [126.976083563, 37.635066698], [126.976089527, 37.635073469], [126.976095991, 37.635079987], [126.976102808, 37.63508633], [126.976123291, 37.635104123], [126.976140662, 37.635119728], [126.976169271, 37.635146681], [126.976185193, 37.635162047], [126.976195984, 37.635172724], [126.976233295, 37.635196517], [126.976244474, 37.635204058], [126.976249699, 37.635208078], [126.976252123, 37.635210215], [126.976254345, 37.635212431], [126.976258416, 37.635217107], [126.976262167, 37.635221981], [126.976267339, 37.635229497], [126.976270359, 37.635234627], [126.976271648, 37.635237245], [126.976272717, 37.63523991], [126.976273506, 37.635242597], [126.976274502, 37.635248097], [126.97627556, 37.63525928], [126.976276288, 37.635264822], [126.976277103, 37.635267832], [126.976278431, 37.635271043], [126.976280291, 37.635274332], [126.976282513, 37.635277545], [126.976284903, 37.635280572], [126.976289425, 37.635285623], [126.976292816, 37.635289001], [126.976304403, 37.635300486], [126.976306614, 37.63530227], [126.976308268, 37.635303198], [126.976311127, 37.635303987], [126.976314242, 37.635304407], [126.976338876, 37.635306508], [126.976359864, 37.635297866], [126.97638699, 37.63528784], [126.976425763, 37.635280034], [126.97648766, 37.635270274], [126.976504405, 37.635267524], [126.976513553, 37.635265874], [126.976522026, 37.635264103], [126.976528824, 37.635262255], [126.976532015, 37.635261158], [126.976538112, 37.635258535], [126.976555668, 37.635249392], [126.976561613, 37.635246555], [126.976567795, 37.635244197], [126.97657131, 37.63524322], [126.976574916, 37.635242429], [126.976582311, 37.635241213], [126.976593637, 37.63523986], [126.976640277, 37.635235275], [126.976669903, 37.635232363], [126.976711424, 37.635258676], [126.976716943, 37.635262368], [126.976722092, 37.635266327], [126.976726516, 37.635270731], [126.976730567, 37.635275406], [126.976752627, 37.635302538], [126.976787404, 37.635339082], [126.976812979, 37.635349852], [126.976823314, 37.635353992], [126.976831149, 37.6353566], [126.976836512, 37.635357757], [126.976839358, 37.635358057], [126.976845164, 37.635358186], [126.976854017, 37.63535777], [126.97693139, 37.635351492], [126.976937115, 37.635352369], [126.976943605, 37.635353585], [126.97696177, 37.635357533], [126.976974763, 37.635360804], [126.976988583, 37.635364612], [126.977002606, 37.635368758], [126.977016218, 37.635373028], [126.977028615, 37.635377135], [126.977039456, 37.63538093], [126.977079783, 37.635395752], [126.977109681, 37.635407361], [126.977129221, 37.635415618], [126.97713878, 37.635420023], [126.977148055, 37.635424618], [126.977157201, 37.63542938], [126.977184448, 37.635443934], [126.977193636, 37.635448654], [126.977202797, 37.635453148], [126.977230544, 37.635466214], [126.977239702, 37.63547063], [126.977248708, 37.635475187], [126.977257484, 37.635479965], [126.977265931, 37.635485068], [126.977272743, 37.635489687], [126.977279307, 37.635494553], [126.977285685, 37.635499605], [126.977298081, 37.635510083], [126.977339409, 37.635546997], [126.977383519, 37.635585528], [126.977397682, 37.635598646], [126.977404444, 37.635605381], [126.977410884, 37.635612298], [126.977417137, 37.635619694], [126.97742305, 37.635627282], [126.977428721, 37.635635006], [126.9774613, 37.635682215], [126.977466935, 37.635689987], [126.977481961, 37.635709862], [126.97749336, 37.635725764], [126.977498324, 37.635733101], [126.977507944, 37.635747922], [126.977540606, 37.635800287], [126.977550265, 37.635815067], [126.977555298, 37.635822344], [126.977560151, 37.635829001], [126.977565199, 37.635835539], [126.977570476, 37.635841929], [126.977576027, 37.635848134], [126.977581919, 37.635854103], [126.977588018, 37.635859632], [126.977594446, 37.635864915], [126.977601143, 37.635869976], [126.977607577, 37.635874517], [126.977638092, 37.635895295], [126.977646845, 37.635900699], [126.977655879, 37.635905869], [126.977665118, 37.63591086], [126.977674502, 37.635915708], [126.977693546, 37.635925054], [126.977722085, 37.635938284], [126.977731305, 37.635942798], [126.977751961, 37.635953719], [126.977759, 37.635957109], [126.977768283, 37.635960966], [126.977777892, 37.635964407], [126.977787723, 37.635967549], [126.977812734, 37.635974921], [126.977821414, 37.635977659], [126.977829917, 37.635980626], [126.977838165, 37.63598392], [126.977844765, 37.635986951], [126.977851194, 37.635990187], [126.977870601, 37.636000483], [126.977877297, 37.63600373], [126.977884556, 37.636006866], [126.977906856, 37.636015799], [126.977914738, 37.636019379], [126.977922427, 37.636023256], [126.977929889, 37.636027417], [126.977937071, 37.636031864], [126.977943065, 37.636035957], [126.977961673, 37.636049693], [126.977968549, 37.636054938], [126.977975093, 37.636060263], [126.977981091, 37.636065749], [126.977986289, 37.636071491], [126.977990369, 37.6360776], [126.977993165, 37.636084529], [126.977994539, 37.636091854], [126.977994644, 37.636099438], [126.977993682, 37.636106799], [126.977991967, 37.636114246], [126.977985097, 37.636136769], [126.977983078, 37.636144236], [126.977981636, 37.636151629], [126.977981087, 37.636158901], [126.977981608, 37.636165314], [126.977983158, 37.636171501], [126.97798579, 37.636177366], [126.977989846, 37.636183198], [126.977994951, 37.636188603], [126.978000853, 37.63619363], [126.978007358, 37.636198297], [126.978015372, 37.636203139], [126.978024076, 37.636207252], [126.978033064, 37.636210294], [126.978042608, 37.636212658], [126.978052539, 37.636214552], [126.978062719, 37.636216157], [126.978093281, 37.636220591], [126.978103247, 37.636222281], [126.978113618, 37.636224372], [126.978123588, 37.636226896], [126.978132986, 37.636230024], [126.97814159, 37.63623398], [126.9781485, 37.636238438], [126.978154579, 37.636243651], [126.978159826, 37.636249505], [126.978164582, 37.636256461], [126.978168621, 37.636263882], [126.978172209, 37.636271601], [126.978178937, 37.636287375], [126.978182502, 37.63629518], [126.978186502, 37.636302757], [126.978191191, 37.636309963], [126.978196243, 37.63631607], [126.978202005, 37.636321732], [126.978208407, 37.636326927], [126.978215415, 37.636331604], [126.978223269, 37.636335872], [126.978231562, 37.636339732], [126.978248743, 37.636347044], [126.978257309, 37.636350878], [126.978265465, 37.636354922], [126.978273442, 37.636359242], [126.978281266, 37.636363771], [126.978303901, 37.636377449], [126.978311646, 37.636381756], [126.978319098, 37.636385521], [126.978351216, 37.636400558], [126.978359749, 37.636404389], [126.978367581, 37.636407702], [126.978408329, 37.636424167], [126.978416881, 37.636427475], [126.978442687, 37.636436534], [126.978451175, 37.636439742], [126.978460142, 37.636443564], [126.97846888, 37.63644775], [126.978477475, 37.636452299], [126.978485902, 37.636457077], [126.978510796, 37.636471821], [126.978519161, 37.636476551], [126.978527664, 37.636481009], [126.978536382, 37.636485059], [126.978545405, 37.636488533], [126.978555449, 37.636491464], [126.978565846, 37.636493739], [126.978576502, 37.636495539], [126.978587343, 37.636497005], [126.978598312, 37.636498247], [126.978642735, 37.636502543], [126.978653842, 37.636503782], [126.978664901, 37.636505231], [126.978675749, 37.636506935], [126.978686521, 37.63650891], [126.978696763, 37.636511043], [126.978706944, 37.63651337], [126.978717069, 37.636515848], [126.97873716, 37.636521177], [126.978756987, 37.636526985], [126.978766752, 37.636530114], [126.978776376, 37.636533444], [126.978785809, 37.636537041], [126.978794988, 37.636540987], [126.978801686, 37.63654423], [126.978814693, 37.636551265], [126.978826264, 37.636558032], [126.978861226, 37.636579108], [126.978885966, 37.636593727], [126.97889356, 37.636598534], [126.978900994, 37.636603504], [126.978915429, 37.636613859], [126.978922425, 37.636619225], [126.978929253, 37.636624723], [126.978940499, 37.63663447], [126.978945883, 37.636639503], [126.978969647, 37.636663151], [126.978982153, 37.636674788], [126.978996472, 37.636687593], [126.979032449, 37.636718515], [126.9790465, 37.636730972], [126.979053287, 37.636737336], [126.979059822, 37.636743844], [126.97906963, 37.636754594], [126.979075328, 37.636761349], [126.979086105, 37.636775107], [126.979101578, 37.636796437], [126.979105042, 37.636801541], [126.97910804, 37.63680634], [126.979110781, 37.63681122], [126.979114009, 37.636817965], [126.979116657, 37.636824859], [126.979118385, 37.636830574], [126.979119819, 37.636836351], [126.979123502, 37.636853871], [126.979124926, 37.636859682], [126.979127489, 37.636867865], [126.979130778, 37.636875861], [126.979133697, 37.636881552], [126.979137047, 37.636887092], [126.979140822, 37.636892466], [126.979145875, 37.636898679], [126.979151336, 37.636904736], [126.979183103, 37.636938512], [126.979217848, 37.636977093], [126.979227974, 37.636987864], [126.979233987, 37.636993905], [126.979240168, 37.636999785], [126.979246545, 37.637005466], [126.979265705, 37.637021217], [126.979271744, 37.63702658], [126.979277304, 37.637032213], [126.979283072, 37.63703933], [126.979288181, 37.637046854], [126.979292896, 37.637054647], [126.979304601, 37.637074854], [126.979308876, 37.63708158], [126.979313434, 37.637088197], [126.979318309, 37.637094672], [126.979323781, 37.637101264], [126.979329583, 37.637107676], [126.979335664, 37.637113912], [126.979341993, 37.637119968], [126.979348563, 37.637125821], [126.979355377, 37.637131436], [126.979362463, 37.637136759], [126.979369867, 37.637141714], [126.97937857, 37.637146734], [126.979387642, 37.637151196], [126.979410711, 37.63716092], [126.979416792, 37.637163877], [126.97942268, 37.637167087], [126.979428945, 37.637170893], [126.979434906, 37.637174977], [126.979440496, 37.637179351], [126.979445334, 37.637183746], [126.979449699, 37.63718844], [126.979454189, 37.63719436], [126.979458147, 37.637200607], [126.979461792, 37.637207072], [126.979472414, 37.637227222], [126.979476576, 37.637234597], [126.979481182, 37.637241766], [126.97948626, 37.63724842], [126.97949195, 37.637254739], [126.979498248, 37.637260683], [126.979503928, 37.637265305], [126.979509936, 37.637269708], [126.979523772, 37.637278943], [126.979554645, 37.637298601], [126.979562499, 37.637303359], [126.979595091, 37.637321635], [126.9796095, 37.637330303], [126.979625322, 37.637340351], [126.97964253, 37.637351778], [126.97966787, 37.637369391], [126.979684375, 37.637381448], [126.979706472, 37.637398166], [126.979713909, 37.637403592], [126.979721488, 37.637408822], [126.979729728, 37.637414034], [126.979738265, 37.637418826], [126.979747173, 37.637423071], [126.979754436, 37.637425923], [126.979761936, 37.637428399], [126.979769633, 37.637430547], [126.979779737, 37.637432885], [126.97979004, 37.637434861], [126.979800487, 37.637436574], [126.979821659, 37.637439489], [126.979843034, 37.637442023], [126.979972729, 37.637455945], [126.979973006, 37.637456763], [126.97997621, 37.637474537], [126.979978941, 37.637486953], [126.979980565, 37.637493148], [126.979982351, 37.637498969], [126.979984294, 37.637504139], [126.97998641, 37.637508453], [126.979988907, 37.637512361], [126.979991944, 37.637515919], [126.979995896, 37.637519261], [126.980000428, 37.637522182], [126.980005379, 37.637524741], [126.980010632, 37.637526956], [126.980016109, 37.637528804], [126.980021759, 37.637530224], [126.980027367, 37.637531111], [126.980033036, 37.637531482], [126.980038702, 37.637531281], [126.980043872, 37.637530535], [126.980048963, 37.637529324], [126.980053949, 37.637527723], [126.980058797, 37.637525781], [126.980063868, 37.637523346], [126.980078528, 37.637515428], [126.980083438, 37.6375131], [126.980088465, 37.637511219], [126.980093332, 37.637510028], [126.980098289, 37.637509456], [126.980102151, 37.637509468], [126.980105992, 37.637509863], [126.980109775, 37.637510629], [126.980114678, 37.637512198], [126.980119452, 37.637514265], [126.98012413, 37.637516701], [126.980128739, 37.637519405], [126.980137874, 37.637525353], [126.980147996, 37.637532457], [126.980184561, 37.637559184], [126.980187639, 37.637561289], [126.980200239, 37.637581897], [126.980205749, 37.637585279], [126.980218226, 37.637592502], [126.980261048, 37.637616757], [126.980272509, 37.637623588], [126.980281976, 37.637629605], [126.980290201, 37.637635252], [126.980297353, 37.637640619], [126.980304175, 37.637646176], [126.98031007, 37.63765143], [126.980315618, 37.637656869], [126.980320764, 37.637662505], [126.980325433, 37.637668358], [126.980330438, 37.637675885], [126.980334688, 37.637683691], [126.980338241, 37.637691697], [126.980341089, 37.63769985], [126.980343159, 37.637708109], [126.980344321, 37.637715587], [126.980346285, 37.637737855], [126.980347304, 37.637745032], [126.980348953, 37.637751978], [126.980351538, 37.637758607], [126.980354973, 37.637764439], [126.98035916, 37.637770076], [126.980377601, 37.637792158], [126.980382742, 37.637798503], [126.980387603, 37.637804914], [126.980391973, 37.637811424], [126.980395779, 37.637818386], [126.980398575, 37.637825462], [126.9804001, 37.637832624], [126.980400264, 37.637837582], [126.980399729, 37.637842533], [126.980397851, 37.637849702], [126.980395097, 37.637856809], [126.980390164, 37.63786796], [126.980387952, 37.637873594], [126.980385793, 37.637881208], [126.980384871, 37.637888906], [126.980385131, 37.637894272], [126.980386115, 37.637899606], [126.980387775, 37.637904871], [126.980390602, 37.637911125], [126.980394043, 37.637917291], [126.980404676, 37.637934543], [126.980420037, 37.637957566], [126.980422883, 37.637962605], [126.980424769, 37.637967459], [126.980425248, 37.637972181], [126.980423685, 37.637977389], [126.980420222, 37.637982481], [126.980417052, 37.637985829], [126.980413345, 37.637989133], [126.980406631, 37.637994326], [126.980383497, 37.638010489], [126.980375586, 37.6380163], [126.980367854, 37.638022288], [126.980360439, 37.638028448], [126.980353503, 37.638034794], [126.980347254, 37.638041357], [126.980341956, 37.63804819], [126.980337952, 37.63805537], [126.980335573, 37.638062776], [126.980334513, 37.638070493], [126.980334434, 37.638076959], [126.980334867, 37.638083539], [126.980336581, 37.638096973], [126.980351802, 37.638200833], [126.980354596, 37.638218211], [126.980357874, 37.638235489], [126.980361332, 37.63825015], [126.980365505, 37.638264614], [126.980367772, 37.638271372], [126.980372856, 37.63828464], [126.98038203, 37.638304999], [126.980384749, 37.638311922], [126.980386865, 37.638319437], [126.980388001, 37.638327021], [126.980388101, 37.638333441], [126.980387418, 37.638339833], [126.980385954, 37.638346154], [126.980383269, 37.638353419], [126.980379815, 37.638360551], [126.980367792, 37.638381697], [126.980364413, 37.63838878], [126.980362044, 37.638395964], [126.980361053, 37.638403792], [126.980361646, 37.638411688], [126.980363411, 37.638418665], [126.980366079, 37.638425622], [126.980369383, 37.638432578], [126.980372759, 37.638438892], [126.980376411, 37.638445204], [126.980384444, 37.638457873], [126.980393169, 37.638470483], [126.98040225, 37.638482827], [126.980406836, 37.638488751], [126.980411612, 37.638494501], [126.980416725, 37.638499995], [126.980423045, 37.638505864], [126.980436377, 37.638517252], [126.980443086, 37.638523427], [126.980449572, 37.638529851], [126.980462044, 37.638543231], [126.980468092, 37.638550108], [126.980479916, 37.638564106], [126.980491423, 37.638578329], [126.980501572, 37.638591428], [126.980524793, 37.638623623], [126.980553563, 37.638661683], [126.980567038, 37.638680571], [126.980586526, 37.638713411], [126.980591956, 37.638723438], [126.980592695, 37.638725042], [126.980595077, 37.638730204], [126.980597283, 37.638736355], [126.980598958, 37.63874311], [126.980600108, 37.638750457], [126.980600912, 37.638757864], [126.980602348, 37.638776464], [126.98060296, 37.638791353], [126.980602792, 37.638798542], [126.980602257, 37.638805477], [126.980600686, 37.638817893], [126.980600509, 37.638819299], [126.980599268, 37.638826159], [126.980598347, 37.638829878], [126.980597061, 37.638833984], [126.980595482, 37.638838177], [126.980593678, 37.638842421], [126.980589842, 37.638850478], [126.980584097, 37.638861358], [126.980584087, 37.638862965], [126.980582679, 37.638874274], [126.980577082, 37.638911496], [126.980575892, 37.638921629], [126.980575087, 37.638931812], [126.980574681, 37.638941387], [126.980574727, 37.638965168], [126.980575058, 37.638979739], [126.980575417, 37.638987006], [126.98057595, 37.638994073], [126.980577353, 37.639008149], [126.980579038, 37.639023408], [126.980580132, 37.639031602], [126.98058161, 37.639039706], [126.980583711, 37.63904769], [126.98058658, 37.639055454], [126.980590072, 37.639063111], [126.980593972, 37.639070709], [126.98060912, 37.639098649], [126.980612487, 37.639105528], [126.980615757, 37.63911297], [126.980618627, 37.639120485], [126.980621031, 37.639128066], [126.980622871, 37.63913571], [126.980624091, 37.639143789], [126.980624598, 37.639151903], [126.980624401, 37.639160019], [126.98062345, 37.639168106], [126.980621934, 37.639175215], [126.980619879, 37.639182275], [126.980617387, 37.639189284], [126.980614542, 37.639196237], [126.980604398, 37.639218032], [126.980601242, 37.639225335], [126.98059882, 37.639231788], [126.980596767, 37.639238289], [126.98059513, 37.63924483], [126.980593979, 37.639251399], [126.980593404, 37.639257495], [126.980593308, 37.63926359], [126.980593689, 37.639269662], [126.980594831, 37.639277069], [126.980596706, 37.639284376], [126.980599326, 37.639291543], [126.980602741, 37.639298593], [126.980606757, 37.639305502], [126.980611183, 37.639312321], [126.980616384, 37.639319773], [126.980621917, 37.639327116], [126.98062781, 37.639334319], [126.980643787, 37.639352808], [126.980648487, 37.639358557], [126.980652594, 37.63936429], [126.980656483, 37.639370763], [126.980659964, 37.639377835], [126.980663397, 37.639386892], [126.980666014, 37.639396239], [126.980668051, 37.639406186], [126.980671929, 37.639427775], [126.980673901, 37.639436988], [126.980674636, 37.639439762], [126.980675917, 37.639440744], [126.980687244, 37.639458265], [126.980692973, 37.639467778], [126.980695484, 37.639472357], [126.980697543, 37.639476562], [126.980699072, 37.63948035], [126.980700322, 37.639484287], [126.980701311, 37.639488271], [126.98070268, 37.639496299], [126.980703244, 37.639504284], [126.980703132, 37.639508209], [126.980702648, 37.639512049], [126.980701666, 37.639515766], [126.980700179, 37.639519135], [126.980698227, 37.639522357], [126.980695899, 37.639525431], [126.980693258, 37.639528339], [126.980690323, 37.639531041], [126.980687093, 37.63953349], [126.980683533, 37.639535606], [126.980679395, 37.639537413], [126.980674944, 37.63953887], [126.98067028, 37.639540087], [126.980645876, 37.639545068], [126.980641117, 37.639546285], [126.980636524, 37.639547756], [126.98063215, 37.639549554], [126.980627977, 37.639551637], [126.98062398, 37.639553942], [126.980620147, 37.639556439], [126.980616303, 37.639559504], [126.980612532, 37.639563226], [126.980609084, 37.639567437], [126.980606198, 37.639571968], [126.980604058, 37.63957653], [126.980602538, 37.63958092], [126.980601531, 37.639584844], [126.980600943, 37.639588007], [126.980600635, 37.639590859], [126.980601504, 37.639592025], [126.980603421, 37.639595575], [126.980605939, 37.639601156], [126.980608611, 37.639608431], [126.980611289, 37.639618206], [126.98061336, 37.639629158], [126.980614684, 37.639640733], [126.980615166, 37.639652359], [126.980614715, 37.63966347], [126.980613369, 37.639672907], [126.980611119, 37.639681064], [126.980608048, 37.639688794], [126.980604153, 37.639696179], [126.980599552, 37.639703361], [126.98059441, 37.639710374], [126.980588843, 37.639717233], [126.98058292, 37.639723942], [126.980576676, 37.639730497], [126.980570579, 37.639736484], [126.980551836, 37.639754117], [126.980545796, 37.63976006], [126.980540052, 37.63976613], [126.980534741, 37.639772384], [126.98053089, 37.639777535], [126.980527304, 37.639782805], [126.980523042, 37.639789602], [126.980519138, 37.639796531], [126.980515717, 37.639803613], [126.980513193, 37.639809977], [126.980511113, 37.639816453], [126.980509457, 37.639823021], [126.980508109, 37.639830345], [126.980507178, 37.639837733], [126.980506585, 37.639845165], [126.980505732, 37.63986624], [126.980502974, 37.63990227], [126.98050266, 37.63991721], [126.980502811, 37.639925465], [126.980503781, 37.639950983], [126.980503806, 37.639959604], [126.980503116, 37.639972727], [126.980500883, 37.639996432], [126.98049881, 37.640012062], [126.980496252, 37.64002767], [126.980494804, 37.640035461], [126.980491526, 37.640050997], [126.980483658, 37.640083868], [126.980476618, 37.640116277], [126.980473685, 37.640130854], [126.980472593, 37.640137736], [126.980471866, 37.640144608], [126.980471633, 37.640151353], [126.980471917, 37.640158073], [126.980472765, 37.640164753], [126.980474625, 37.640172963], [126.980477154, 37.640181115], [126.980479455, 37.640187473], [126.980481982, 37.640193804], [126.980484722, 37.640200095], [126.98048812, 37.640207217], [126.980491836, 37.640214234], [126.980495934, 37.640221106], [126.980500505, 37.640227781], [126.980506345, 37.640235094], [126.980512683, 37.64024217], [126.980532479, 37.640262694], [126.980538586, 37.640269489], [126.980544005, 37.640276342], [126.980548383, 37.640283309], [126.980551273, 37.64029044], [126.980552225, 37.640296324], [126.980551993, 37.640302274], [126.980550663, 37.640308209], [126.980547906, 37.64031484], [126.980544009, 37.640321303], [126.980539833, 37.640326743], [126.980535035, 37.640332006], [126.980529681, 37.640337066], [126.980523135, 37.64034246], [126.980516121, 37.640347631], [126.980508768, 37.640352637], [126.98049342, 37.640362313], [126.980460605, 37.640381803], [126.980443917, 37.640392146], [126.980429054, 37.640402245], [126.98042181, 37.640407435], [126.980402169, 37.640421979], [126.980389393, 37.640430949], [126.980382118, 37.640435581], [126.980374675, 37.640440059], [126.980351757, 37.640453556], [126.980336339, 37.640463208], [126.980328812, 37.640468202], [126.980314574, 37.640478271], [126.980294359, 37.640493467], [126.980288147, 37.640498441], [126.980282224, 37.640503594], [126.980276047, 37.640509682], [126.980270372, 37.640516072], [126.980265194, 37.640522735], [126.980261227, 37.640528533], [126.980257543, 37.640534468], [126.980254056, 37.640540499], [126.9802466, 37.640554315], [126.980242709, 37.640562099], [126.980239156, 37.64056996], [126.980236084, 37.640577926], [126.980234027, 37.640584485], [126.980227221, 37.640611499], [126.980225096, 37.640618528], [126.9802225, 37.640625424], [126.980218702, 37.640633219], [126.980214166, 37.64064079], [126.980209011, 37.640648154], [126.980203276, 37.640655362], [126.980197053, 37.640662357], [126.980190371, 37.64066912], [126.980184528, 37.640674511], [126.980178454, 37.640679771], [126.980145407, 37.640707048], [126.980138499, 37.640713083], [126.980131778, 37.640719239], [126.980125717, 37.640725118], [126.980119851, 37.64073111], [126.980108654, 37.64074338], [126.980077622, 37.640780101], [126.980073242, 37.640785846], [126.980069161, 37.640791846], [126.980065441, 37.640797999], [126.980062061, 37.640804289], [126.980059016, 37.640810698], [126.980056202, 37.640817428], [126.980048578, 37.640837872], [126.980045199, 37.640846265], [126.980041426, 37.6408545], [126.980037098, 37.640862492], [126.980032823, 37.640869065], [126.980027983, 37.64087535], [126.980022536, 37.640881292], [126.980016477, 37.640886824], [126.980009895, 37.640892029], [126.98000291, 37.640896971], [126.979992552, 37.640903561], [126.979984636, 37.640908144], [126.979959715, 37.640921973], [126.979951216, 37.640927131], [126.979943167, 37.640932638], [126.979936884, 37.640937617], [126.979930996, 37.640942882], [126.979925447, 37.64094837], [126.979919078, 37.640955337], [126.979913259, 37.640962554], [126.979908126, 37.640970037], [126.979904163, 37.640977149], [126.979900955, 37.640984466], [126.979898553, 37.640991956], [126.979896924, 37.640999872], [126.979894708, 37.641016025], [126.979893267, 37.641024467], [126.979891497, 37.641032945], [126.979889457, 37.641041437], [126.979884787, 37.641058413], [126.979882185, 37.641066907], [126.979879351, 37.641075339], [126.979876178, 37.641083673], [126.979873153, 37.641090675], [126.979863546, 37.641111482], [126.979860825, 37.641117929], [126.979848274, 37.641151166], [126.979845242, 37.641157851], [126.979841619, 37.641164285], [126.979836909, 37.641170818], [126.979831489, 37.641177083], [126.979825582, 37.641183187], [126.979800875, 37.641206969], [126.979794832, 37.64121304], [126.979770694, 37.641238828], [126.979764037, 37.641245562], [126.979743677, 37.641265507], [126.979737093, 37.641272236], [126.979730798, 37.641279104], [126.979724936, 37.641286178], [126.979719584, 37.641293561], [126.979714669, 37.641301157], [126.979705582, 37.641316736], [126.97969664, 37.641333114], [126.979692398, 37.641341395], [126.979688408, 37.641349757], [126.979682326, 37.641364131], [126.979670935, 37.64139436], [126.979664296, 37.641411051], [126.97966058, 37.641419271], [126.979657058, 37.641426271], [126.979649357, 37.641440058], [126.979641161, 37.641453678], [126.979632281, 37.641467861], [126.979627656, 37.641474854], [126.979622821, 37.641481738], [126.9796177, 37.641488471], [126.979612056, 37.641495241], [126.979594468, 37.641515156], [126.979588966, 37.641521953], [126.979584056, 37.64152876], [126.979579583, 37.641535747], [126.979575538, 37.641542887], [126.979571942, 37.641550159], [126.97956882, 37.641557518], [126.979566063, 37.641564945], [126.979563563, 37.641572389], [126.979559174, 37.641586869], [126.979557416, 37.641593878], [126.979556195, 37.641600846], [126.979555772, 37.641607785], [126.979556422, 37.641615372], [126.979557934, 37.641622949], [126.979561932, 37.641638133], [126.979563666, 37.641645767], [126.979564708, 37.641653449], [126.979564801, 37.641660331], [126.979564156, 37.641667576], [126.979562808, 37.641675324], [126.97955699, 37.641700691], [126.979554808, 37.641709162], [126.979552322, 37.641716908], [126.979549447, 37.641724631], [126.979546309, 37.641732339], [126.979540535, 37.641745469], [126.979533851, 37.641758933], [126.979530081, 37.641765814], [126.979522001, 37.641779377], [126.979517696, 37.641786042], [126.979513189, 37.641792606], [126.979504978, 37.641803521], [126.979500397, 37.641809075], [126.979495596, 37.64181449], [126.979478516, 37.641832029], [126.979473547, 37.641837387], [126.979468776, 37.641842864], [126.979463956, 37.641848871], [126.979459404, 37.64185502], [126.979454676, 37.641861889], [126.979449872, 37.641869469], [126.979444793, 37.641878097], [126.979439608, 37.641887427], [126.979429573, 37.641906791], [126.979425047, 37.641916125], [126.979411828, 37.641944947], [126.979400104, 37.64196879], [126.979396832, 37.641974981], [126.979394966, 37.641977804], [126.979393908, 37.641979069], [126.979392722, 37.641980181], [126.97939136, 37.641981083], [126.979389789, 37.641981728], [126.979388044, 37.641982166], [126.979384212, 37.641982635], [126.979378014, 37.641982813], [126.979365225, 37.641982591], [126.979361021, 37.641982381], [126.979356945, 37.641981955], [126.979354815, 37.64198145], [126.979352623, 37.641980619], [126.979351875, 37.641998266], [126.979351596, 37.64200485], [126.979350135, 37.642079692], [126.979349495, 37.642097099], [126.979348935, 37.642105753], [126.97934812, 37.642114356], [126.979346951, 37.642122888], [126.979345299, 37.642131322], [126.979342992, 37.642139625], [126.979339987, 37.642147562], [126.979336375, 37.642155378], [126.979332327, 37.642163109], [126.979323397, 37.642178408], [126.979289789, 37.64223166], [126.979267478, 37.642268899], [126.979258322, 37.642283604], [126.979253525, 37.642290822], [126.979248494, 37.642297897], [126.979243137, 37.642304777], [126.979237338, 37.642311392], [126.979230918, 37.642317766], [126.979224042, 37.642323867], [126.979216825, 37.642329762], [126.979209354, 37.642335503], [126.979201695, 37.642341127], [126.979185985, 37.642352119], [126.979169899, 37.642362826], [126.979153465, 37.642373208], [126.97914508, 37.642378227], [126.979126943, 37.642388372], [126.979117712, 37.642393265], [126.979099021, 37.642402784], [126.979080055, 37.642411986], [126.97904185, 37.64243], [126.979023085, 37.642439289], [126.979013928, 37.642444143], [126.979005003, 37.642449221], [126.978996397, 37.642454602], [126.978988903, 37.642459819], [126.978981673, 37.642465289], [126.978974629, 37.642470942], [126.97894024, 37.642500115], [126.978933178, 37.642505823], [126.978925216, 37.64251194], [126.978908782, 37.642523755], [126.978891829, 37.642535108], [126.978883175, 37.642540609], [126.978874386, 37.642545971], [126.978865437, 37.642551162], [126.978856567, 37.642556016], [126.978847558, 37.642560717], [126.978829276, 37.642569833], [126.97878319, 37.642592236], [126.978774075, 37.642596843], [126.978755511, 37.64260667], [126.978737261, 37.642616841], [126.978728261, 37.642622052], [126.978710612, 37.642632797], [126.97870204, 37.642638393], [126.978693712, 37.642644205], [126.978685679, 37.642650279], [126.978677889, 37.642656565], [126.978670277, 37.642663005], [126.978662794, 37.642669556], [126.978648087, 37.642682876], [126.978626472, 37.642703192], [126.978612417, 37.642716948], [126.978598903, 37.642731001], [126.978592482, 37.642738211], [126.978586636, 37.642745247], [126.978575567, 37.642759656], [126.978564998, 37.642774336], [126.978554685, 37.642789151], [126.978534383, 37.642818949], [126.978519339, 37.642841379], [126.978498516, 37.64287306], [126.978446845, 37.642952404], [126.978431528, 37.642976274], [126.978421552, 37.642992276], [126.978412043, 37.643008286], [126.978398553, 37.643032344], [126.978333313, 37.643153462], [126.97832004, 37.643177599], [126.978310907, 37.643193582], [126.978301647, 37.643208879], [126.978292287, 37.643223499], [126.978282682, 37.643238024], [126.978251837, 37.643283756], [126.978241731, 37.643299557], [126.978237091, 37.643307261], [126.978228176, 37.643322809], [126.978215307, 37.643346329], [126.978194419, 37.64338574], [126.978178149, 37.64341779], [126.978170442, 37.643433983], [126.978166803, 37.643442129], [126.978163375, 37.643450323], [126.978160234, 37.643458582], [126.978157542, 37.643466599], [126.978152883, 37.643482798], [126.9781488, 37.64349913], [126.978137247, 37.643548319], [126.978135142, 37.643556488], [126.978130718, 37.643572225], [126.978125879, 37.643587879], [126.978120603, 37.643603432], [126.978114721, 37.643618831], [126.978107666, 37.6436348], [126.97809998, 37.643650596], [126.97809188, 37.643666268], [126.978083411, 37.643681809], [126.978079012, 37.643689515], [126.978069736, 37.643704732], [126.978065061, 37.643711822], [126.978050519, 37.643732865], [126.978041102, 37.643746981], [126.978036706, 37.643754155], [126.978032352, 37.643761925], [126.978028283, 37.643769804], [126.978024426, 37.64377776], [126.97801712, 37.64379383], [126.977999433, 37.643834266], [126.977991858, 37.643850293], [126.977987898, 37.64385803], [126.97797953, 37.643873355], [126.977970726, 37.643888528], [126.977961529, 37.643903539], [126.977951808, 37.643918301], [126.977946653, 37.643925535], [126.977941217, 37.643932625], [126.97793501, 37.643940035], [126.977928476, 37.643947272], [126.977921683, 37.643954365], [126.97791468, 37.643961329], [126.977907487, 37.643968169], [126.977900107, 37.64397487], [126.977892519, 37.643981405], [126.977884685, 37.643987733], [126.977876541, 37.643993792], [126.977868635, 37.64399915], [126.977860499, 37.644004299], [126.977835656, 37.64401931], [126.977827529, 37.644024418], [126.977819644, 37.644029712], [126.977812121, 37.644035288], [126.977804945, 37.644041324], [126.977798181, 37.644047677], [126.97779175, 37.644054278], [126.9777856, 37.644061076], [126.977779699, 37.644068034], [126.977774038, 37.644075135], [126.977768632, 37.644082367], [126.977763514, 37.644089735], [126.977758987, 37.644096779], [126.97774192, 37.644125338], [126.977737462, 37.644132355], [126.977732734, 37.644139226], [126.977727616, 37.644145889], [126.977721488, 37.644152863], [126.977714886, 37.64415959], [126.977707939, 37.644166137], [126.977700747, 37.64417256], [126.97766406, 37.644203595], [126.977636827, 37.644227076], [126.977602576, 37.644257012], [126.977582325, 37.644275435], [126.977575793, 37.644281716], [126.977562484, 37.644295274], [126.97752386, 37.644336733], [126.977510556, 37.644350216], [126.97750364, 37.644356762], [126.977496462, 37.644363112], [126.977488936, 37.644369265], [126.977457657, 37.64439302], [126.97745008, 37.644399147], [126.977443125, 37.644405206], [126.977436414, 37.644411446], [126.977429909, 37.64441783], [126.977423581, 37.644424332], [126.977411447, 37.644437638], [126.977405678, 37.644444439], [126.977400162, 37.644451352], [126.97739497, 37.644458399], [126.977390202, 37.644465614], [126.977386088, 37.64447275], [126.97738238, 37.644480039], [126.977378999, 37.644487447], [126.977375889, 37.644494947], [126.977373024, 37.644502521], [126.977370392, 37.644510158], [126.977368004, 37.644517852], [126.977365892, 37.6445256], [126.97736396, 37.644533998], [126.977362321, 37.644542448], [126.977359707, 37.644559447], [126.977357812, 37.644576532], [126.977357112, 37.644585291], [126.977356089, 37.644602837], [126.977353812, 37.644655104], [126.977352518, 37.644672301], [126.977351546, 37.644680846], [126.97735024, 37.644689337], [126.977348472, 37.64469775], [126.977346323, 37.644705474], [126.97734375, 37.64471312], [126.977340831, 37.644720698], [126.977337622, 37.64472821], [126.977334506, 37.644734916], [126.977331179, 37.644741556], [126.977327623, 37.644748115], [126.977323808, 37.644754576], [126.977319685, 37.644760911], [126.977314216, 37.64476841], [126.977308332, 37.644775731], [126.977302133, 37.644782915], [126.977295693, 37.644789986], [126.977282254, 37.644803849], [126.977268067, 37.644817554], [126.977239194, 37.64484466], [126.977225031, 37.644858364], [126.977211485, 37.644872288], [126.977185388, 37.644900387], [126.977178676, 37.644907273], [126.977171744, 37.644914011], [126.977164604, 37.644920487], [126.977149714, 37.644933031], [126.977144352, 37.644937307], [126.977118989, 37.64495753], [126.977095341, 37.644976787], [126.977002443, 37.645054584], [126.976994427, 37.6450612], [126.976972796, 37.645079048], [126.976950394, 37.645097275], [126.976935257, 37.645109238], [126.976919759, 37.645120827], [126.976911775, 37.645126373], [126.976903555, 37.645131664], [126.976895162, 37.64513657], [126.976886531, 37.645141196], [126.97687771, 37.64514558], [126.976868734, 37.645149736], [126.976859622, 37.645153654], [126.976850384, 37.645157298], [126.976841011, 37.645160607], [126.976831486, 37.645163481], [126.976821772, 37.645165784], [126.976812241, 37.645167349], [126.976802543, 37.645168383], [126.97679272, 37.645169013], [126.976782803, 37.645169342], [126.976762784, 37.645169391], [126.97673026, 37.64516854], [126.976705785, 37.645167304], [126.976691805, 37.645166328], [126.97667745, 37.645165142], [126.976663323, 37.645163765], [126.976650021, 37.645162224], [126.97663814, 37.645160566], [126.976629021, 37.645159039], [126.976622, 37.645157681], [126.976615961, 37.645156247], [126.976601086, 37.645154089], [126.976590932, 37.645152874], [126.976579079, 37.645151706], [126.976566069, 37.645150769], [126.976552032, 37.64515022], [126.976537944, 37.645150171], [126.976524415, 37.645150665], [126.976512051, 37.645151735], [126.976501348, 37.645153406], [126.976491213, 37.645155622], [126.976461006, 37.645163349], [126.976450558, 37.645165673], [126.976439999, 37.645167716], [126.976429359, 37.645169496], [126.976418658, 37.645171008], [126.976408492, 37.645172199], [126.976378116, 37.645175369], [126.976368155, 37.645176651], [126.976358349, 37.645178237], [126.976348755, 37.645180261], [126.976340102, 37.645182597], [126.976323028, 37.645187852], [126.976314375, 37.645190325], [126.97630639, 37.645192254], [126.976298249, 37.645193916], [126.976289984, 37.645195366], [126.976281621, 37.645196647], [126.97627244, 37.645197892], [126.976253893, 37.645200086], [126.976204626, 37.645205471], [126.976183381, 37.645207552], [126.976163751, 37.645208886], [126.976144161, 37.645209705], [126.976124122, 37.64521002], [126.976113914, 37.645209887], [126.976103821, 37.645209449], [126.976093877, 37.645208597], [126.976084132, 37.645207192], [126.976074308, 37.645205083], [126.976054793, 37.645200058], [126.976044374, 37.645197703], [126.976033751, 37.645195694], [126.976022966, 37.645194044], [126.976012868, 37.645192827], [126.975981999, 37.645189511], [126.975961034, 37.645186691], [126.975940092, 37.645183449], [126.975929654, 37.64518168], [126.975908914, 37.645177784], [126.975898652, 37.645175603], [126.975888502, 37.645173212], [126.975878501, 37.645170551], [126.975868571, 37.645167547], [126.975830276, 37.645154705], [126.975821001, 37.645151966], [126.975813765, 37.645150146], [126.97580664, 37.64514872], [126.975799664, 37.645147778], [126.975792876, 37.645147433], [126.975785498, 37.645147788], [126.975769349, 37.645149124], [126.975760216, 37.645149579], [126.975720986, 37.645150888], [126.975690506, 37.645152465], [126.97568033, 37.645152851], [126.975670188, 37.645152991], [126.975660111, 37.645152754], [126.975650129, 37.645151981], [126.975641415, 37.645150744], [126.9756328, 37.645149037], [126.975624283, 37.645146933], [126.975614158, 37.645143975], [126.975583998, 37.645134012], [126.975573799, 37.645130889], [126.975563679, 37.645128165], [126.97555342, 37.64512572], [126.975543055, 37.645123487], [126.975532613, 37.645121413], [126.975511577, 37.645117584], [126.975490424, 37.645114016], [126.975458605, 37.645108967], [126.975426764, 37.645104405], [126.97540555, 37.645101973], [126.975394952, 37.645101099], [126.975384363, 37.645100568], [126.975373784, 37.645100499], [126.975362788, 37.645101017], [126.975351803, 37.645102018], [126.975340823, 37.645103355], [126.975291441, 37.645110614], [126.975281805, 37.645111786], [126.975272144, 37.64511271], [126.975261435, 37.645113365], [126.975250703, 37.645113661], [126.975239963, 37.645113629], [126.975231178, 37.645113366], [126.975222404, 37.645112895], [126.975213653, 37.645112209], [126.975204932, 37.64511129], [126.975195012, 37.645109942], [126.975185133, 37.645108335], [126.975175288, 37.64510654], [126.975155664, 37.645102576], [126.975125694, 37.645096213], [126.975105606, 37.645092366], [126.975094601, 37.645090585], [126.975072448, 37.645087569], [126.975039022, 37.645083838], [126.975007936, 37.645080861], [126.974978024, 37.645078421], [126.97495748, 37.645077134], [126.974912456, 37.645075313], [126.974891864, 37.645074122], [126.974798459, 37.645066467], [126.9747648, 37.645063982], [126.974742356, 37.645062514], [126.974719912, 37.64506135], [126.97470869, 37.645060955], [126.974668385, 37.645060136], [126.974658274, 37.645059721], [126.974617863, 37.645057601], [126.974607757, 37.645057276], [126.974596576, 37.645057164], [126.974585399, 37.645057315], [126.974574233, 37.64505773], [126.974563089, 37.645058436], [126.974553184, 37.645059324], [126.974533422, 37.645061598], [126.974504033, 37.645065322], [126.974484708, 37.645067433], [126.974475025, 37.645068254], [126.974465326, 37.645068845], [126.974455387, 37.645069158], [126.974445434, 37.645069208], [126.974435469, 37.645069035], [126.974425499, 37.645068664], [126.974406004, 37.645067405], [126.974386969, 37.645065643], [126.97433669, 37.645060152], [126.974325826, 37.645059183], [126.97431498, 37.645058501], [126.974304161, 37.645058248], [126.974293935, 37.645058518], [126.974283767, 37.645059262], [126.974273681, 37.645060444], [126.974263715, 37.645062067], [126.974253918, 37.64506417], [126.974244449, 37.645066762], [126.974235205, 37.645069804], [126.974226199, 37.645073241], [126.974217467, 37.645077048], [126.974209068, 37.645081234], [126.974201089, 37.645085842], [126.974193648, 37.64509095], [126.974187458, 37.645096055], [126.974181691, 37.645101539], [126.974176228, 37.6451073], [126.974170965, 37.645113256], [126.974146358, 37.645142941], [126.974140814, 37.645149392], [126.974129295, 37.645162018], [126.974123266, 37.645168143], [126.974116061, 37.645174971], [126.974108531, 37.645181541], [126.974100636, 37.645187803], [126.974092863, 37.645193363], [126.974084815, 37.645198676], [126.974076584, 37.645203815], [126.974043197, 37.645223591], [126.974026762, 37.645233511], [126.974018449, 37.645238307], [126.974009831, 37.64524262], [126.974002556, 37.645245585], [126.973994996, 37.645248192], [126.973987228, 37.645250569], [126.973977657, 37.645253278], [126.973938397, 37.645263856], [126.973928416, 37.645266388], [126.973918972, 37.645268575], [126.973909449, 37.645270582], [126.97389986, 37.645272417], [126.973879628, 37.645275708], [126.97385923, 37.645278308], [126.973848982, 37.645279322], [126.973839824, 37.645280045], [126.973793667, 37.64528285], [126.973784393, 37.645283658], [126.973774218, 37.645284811], [126.973764081, 37.645286199], [126.97374388, 37.645289456], [126.973723737, 37.645293087], [126.9736465, 37.645307545], [126.973626978, 37.6453116], [126.973616457, 37.645314051], [126.973606023, 37.645316689], [126.973595701, 37.645319539], [126.97358552, 37.645322649], [126.973575526, 37.645326091], [126.973566316, 37.645329684], [126.973557264, 37.645333549], [126.97354832, 37.645337601], [126.973512863, 37.645354303], [126.973503899, 37.645358274], [126.973494811, 37.645362011], [126.973485549, 37.645365414], [126.973475501, 37.645368566], [126.973465249, 37.645371331], [126.973454844, 37.645373809], [126.973444329, 37.645376077], [126.973433732, 37.645378192], [126.973412386, 37.645382127], [126.973380172, 37.645387666], [126.973240265, 37.645411081], [126.973236168, 37.645449415], [126.973235042, 37.645456534], [126.973233903, 37.645461208], [126.97323138, 37.645467875], [126.973228323, 37.645474441], [126.973202176, 37.64552665], [126.973200309, 37.645532322], [126.973197835, 37.645538647], [126.973194412, 37.645546661], [126.973190058, 37.645555981], [126.973184968, 37.645566078], [126.973179353, 37.645576506], [126.973173437, 37.645586823], [126.973167446, 37.645596584], [126.973161608, 37.645605345], [126.973156051, 37.645612862], [126.973150265, 37.645620026], [126.973127183, 37.645645966], [126.973117501, 37.645657839], [126.973112663, 37.645664388], [126.973108131, 37.645671054], [126.973103943, 37.645677842], [126.973100162, 37.645684761], [126.973097153, 37.64569112], [126.973094511, 37.645697578], [126.973092216, 37.645704123], [126.973090274, 37.645710741], [126.973088381, 37.645718918], [126.973086942, 37.645727162], [126.973085887, 37.645735448], [126.97308368, 37.645759678], [126.973082436, 37.645768217], [126.973080827, 37.645776728], [126.973078921, 37.645785204], [126.97307488, 37.645801331], [126.973073066, 37.645809361], [126.97307154, 37.645817428], [126.973070393, 37.645825534], [126.973069676, 37.645833876], [126.973069316, 37.645842253], [126.973068845, 37.645884745], [126.973067158, 37.645936482], [126.973066994, 37.645953655], [126.973067186, 37.645962203], [126.973067666, 37.645970711], [126.973068548, 37.645979165], [126.973069976, 37.645987546], [126.973071609, 37.645994243], [126.9730736, 37.646000893], [126.973078266, 37.646014123], [126.9730905, 37.646045814], [126.973096172, 37.646061805], [126.973098693, 37.646069825], [126.973110066, 37.646109087], [126.973115217, 37.646124861], [126.973121221, 37.646140927], [126.973124515, 37.646148883], [126.973130317, 37.646161588], [126.973136767, 37.646174086], [126.973143969, 37.64618642], [126.973156123, 37.646205355], [126.973165335, 37.646218778], [126.973175068, 37.646231957], [126.973179945, 37.64623812], [126.973195017, 37.646256385], [126.973204848, 37.64626865], [126.973214063, 37.646281168], [126.97321834, 37.646287554], [126.973222318, 37.646294051], [126.973226168, 37.64630109], [126.973229695, 37.646308246], [126.97323298, 37.646315491], [126.973239169, 37.64633046], [126.973244959, 37.646345895], [126.973250217, 37.646361512], [126.973254756, 37.646377308], [126.973256643, 37.646385262], [126.973258096, 37.646392631], [126.973259293, 37.646400031], [126.973260266, 37.646407455], [126.973261024, 37.646414898], [126.973261632, 37.646423384], [126.973262153, 37.646440381], [126.97326208, 37.646448878], [126.973261372, 37.646463669], [126.973260722, 37.646471038], [126.973259841, 37.646478381], [126.973258684, 37.64648569], [126.973257197, 37.646493077], [126.973253614, 37.646507754], [126.973249447, 37.646523568], [126.973247071, 37.646532024], [126.973244395, 37.646540393], [126.973241219, 37.646548628], [126.973237438, 37.646556584], [126.973233129, 37.646564407], [126.973228449, 37.646572135], [126.973223525, 37.646579805], [126.973208295, 37.646602741], [126.97320337, 37.646610451], [126.973195763, 37.646623352], [126.973192275, 37.646629899], [126.973189056, 37.646636522], [126.973185941, 37.64664372], [126.973183126, 37.646650997], [126.973180554, 37.646658331], [126.97317593, 37.646673325], [126.973173898, 37.646680972], [126.973172141, 37.646688646], [126.973170732, 37.646696351], [126.973169753, 37.646703699], [126.973167419, 37.646725806], [126.973166228, 37.646733553], [126.973164683, 37.646741267], [126.973162737, 37.646749055], [126.973160466, 37.646756797], [126.973157931, 37.6467645], [126.973152772, 37.646778355], [126.97314993, 37.646785219], [126.973146899, 37.646792031], [126.973133738, 37.64681935], [126.973127665, 37.646833946], [126.973108455, 37.646886407], [126.973102552, 37.646901476], [126.973091135, 37.646929621], [126.973086052, 37.646943117], [126.973075833, 37.646972887], [126.973073518, 37.64698037], [126.973071454, 37.646987893], [126.973069584, 37.646996106], [126.973068035, 37.647004372], [126.973066734, 37.647012675], [126.97306472, 37.647028414], [126.973060468, 37.647064736], [126.973056072, 37.64709439], [126.973055263, 37.647101974], [126.973054852, 37.647109613], [126.973054897, 37.64711723], [126.973055452, 37.647124806], [126.973056607, 37.64713232], [126.973059063, 37.647141724], [126.973062596, 37.647152228], [126.973074343, 37.647183643], [126.973080837, 37.647201522], [126.973084743, 37.647213346], [126.973085682, 37.647216693], [126.97308579, 37.64721791], [126.973091865, 37.647239486], [126.973092879, 37.647244121], [126.973093301, 37.647248776], [126.973093158, 37.647251892], [126.973092643, 37.647256577], [126.973088383, 37.647297137], [126.973087376, 37.6472992], [126.973085854, 37.647304126], [126.973081728, 37.647320555], [126.973076853, 37.647342284], [126.97306992, 37.647375631], [126.972913573, 37.648181573], [126.972890364, 37.648205117], [126.972865129, 37.648230281], [126.972861678, 37.648233836], [126.972848051, 37.648247876], [126.972798494, 37.648299533], [126.972792609, 37.64830466], [126.972785541, 37.648310064], [126.97277808, 37.648315175], [126.972770348, 37.648320085], [126.972738379, 37.648339117], [126.972706779, 37.648358837], [126.9726908, 37.648368487], [126.972682608, 37.648373068], [126.972674359, 37.648377337], [126.972665945, 37.648381404], [126.972657403, 37.648385309], [126.972640045, 37.648392732], [126.972622411, 37.648399645], [126.972613493, 37.648402853], [126.972604213, 37.648405843], [126.972593468, 37.648408565], [126.97258153, 37.648410791], [126.972568721, 37.648412363], [126.972555742, 37.64841333], [126.972543176, 37.648413826], [126.972531604, 37.64841398], [126.972521606, 37.64841391], [126.972506839, 37.648413561], [126.972491385, 37.648408739], [126.972481101, 37.64840523], [126.972471102, 37.648401619], [126.972460401, 37.64839753], [126.972449388, 37.648393054], [126.972438451, 37.64838828], [126.972428546, 37.648383598], [126.972419317, 37.648378894], [126.972411021, 37.648374338], [126.97240376, 37.648370041], [126.972351054, 37.648336813], [126.972334786, 37.648327215], [126.97232646, 37.648322642], [126.972318147, 37.648318351], [126.972309701, 37.648314214], [126.972292541, 37.648306255], [126.972275159, 37.648298548], [126.972257656, 37.648290997], [126.972231149, 37.648280007], [126.972222215, 37.64827649], [126.972203621, 37.648269572], [126.972184798, 37.648263033], [126.972175305, 37.64825991], [126.972165332, 37.648256768], [126.972145258, 37.648250815], [126.972125087, 37.64824534], [126.972114983, 37.648242857], [126.972104877, 37.648240623], [126.972094772, 37.64823873], [126.972084676, 37.648237308], [126.972074596, 37.648236523], [126.972072036, 37.648236451], [126.972063092, 37.648236663], [126.972054177, 37.648237513], [126.972044652, 37.648239037], [126.972035225, 37.648241109], [126.972025934, 37.64824368], [126.972016829, 37.648246745], [126.972008025, 37.648250264], [126.97199941, 37.64825416], [126.971990946, 37.648258325], [126.971968327, 37.648270144], [126.971960703, 37.648273945], [126.971952935, 37.648277521], [126.971944176, 37.648281125], [126.971917246, 37.648291086], [126.971907582, 37.648294863], [126.971898007, 37.648298831], [126.971879139, 37.648307267], [126.97185115, 37.648320745], [126.971841724, 37.648325085], [126.971832238, 37.648329149], [126.971822603, 37.648332965], [126.971812827, 37.648336521], [126.971802908, 37.648339786], [126.971794901, 37.64834215], [126.971786808, 37.648344301], [126.97177864, 37.648346238], [126.971770402, 37.648347947], [126.97175971, 37.648349825], [126.971738268, 37.648353317], [126.971729354, 37.648355024], [126.971720528, 37.648356963], [126.971711818, 37.648359151], [126.971703968, 37.648361398], [126.971696278, 37.648363912], [126.971688788, 37.648366734], [126.971680293, 37.648370476], [126.971672041, 37.648374573], [126.971663529, 37.648379218], [126.971655631, 37.648383889], [126.971647392, 37.648389112], [126.971639093, 37.648394793], [126.97163101, 37.648400835], [126.971622596, 37.648407766], [126.97161487, 37.648414643], [126.971592779, 37.648435597], [126.971591337, 37.648436717], [126.971576122, 37.648444092], [126.971561103, 37.64845095], [126.97155288, 37.648454398], [126.971544609, 37.648457557], [126.971536616, 37.648460196], [126.971529218, 37.648462081], [126.971522478, 37.648463155], [126.971515671, 37.648463841], [126.97150183, 37.648464529], [126.971487825, 37.648464741], [126.97144553, 37.648464978], [126.971396685, 37.648466621], [126.971382764, 37.648466888], [126.971368879, 37.648466683], [126.971361843, 37.64846629], [126.971347809, 37.648465027], [126.971336442, 37.648463679], [126.971333806, 37.648463366], [126.971319829, 37.648461464], [126.971305666, 37.648459324], [126.971280093, 37.648454743], [126.971238983, 37.648446521], [126.971237682, 37.648446751], [126.971234009, 37.648446947], [126.971220805, 37.648447116], [126.97118238, 37.648446464], [126.971169377, 37.648446472], [126.971156483, 37.648446718], [126.971144156, 37.648447204], [126.971132851, 37.648447925], [126.971095144, 37.648451667], [126.971084326, 37.648452496], [126.971062594, 37.648453697], [126.971018997, 37.648455681], [126.970997885, 37.648457094], [126.970957413, 37.648460749], [126.970900214, 37.648466393], [126.970881457, 37.648467729], [126.970871919, 37.648468098], [126.970862396, 37.648468206], [126.970852897, 37.648467997], [126.97084236, 37.648467353], [126.970810841, 37.648464449], [126.970802023, 37.648463857], [126.970793205, 37.648463508], [126.970784405, 37.648463452], [126.970775641, 37.648463764], [126.970766404, 37.648464587], [126.970756319, 37.648466245], [126.970745424, 37.648468754], [126.97073411, 37.648471993], [126.970722769, 37.64847584], [126.970711789, 37.648480167], [126.970702791, 37.648484202], [126.970694534, 37.648488293], [126.970687206, 37.648492242], [126.97068018, 37.648496336], [126.970674864, 37.648499663], [126.970670392, 37.648502724], [126.97065701, 37.648502443], [126.970636956, 37.648502543], [126.970624947, 37.648502878], [126.970611996, 37.648503495], [126.970598767, 37.648504375], [126.970585727, 37.64850547], [126.970573338, 37.648506729], [126.970562069, 37.648508097], [126.970552078, 37.648509538], [126.970531015, 37.648513002], [126.970499523, 37.648518718], [126.970468084, 37.648524687], [126.970447172, 37.648528786], [126.970426367, 37.64853308], [126.9704058, 37.64853778], [126.970395674, 37.648540397], [126.970385714, 37.648543285], [126.970375978, 37.648546544], [126.970367544, 37.64854983], [126.970359332, 37.648553451], [126.970351342, 37.64855737], [126.970343585, 37.648561569], [126.970336087, 37.64856605], [126.970328888, 37.648570828], [126.970321048, 37.648576669], [126.97031352, 37.648582782], [126.97029887, 37.648595246], [126.970291501, 37.648601316], [126.970283937, 37.648607072], [126.97027603, 37.64861233], [126.970267613, 37.648616864], [126.970259072, 37.648620311], [126.970250045, 37.648623066], [126.970240648, 37.64862528], [126.970230972, 37.648627068], [126.970221088, 37.648628507], [126.970211049, 37.648629647], [126.970200265, 37.648630569], [126.970189389, 37.648631271], [126.97017845, 37.648631818], [126.970156468, 37.648632633], [126.970090343, 37.648634497], [126.970057351, 37.648635706], [126.970035419, 37.648636881], [126.970013393, 37.648638641], [126.969991273, 37.648640984], [126.969925025, 37.648648886], [126.96986203, 37.648655276], [126.969836815, 37.648658177], [126.969822584, 37.648660027], [126.969794635, 37.64866397], [126.969755423, 37.648669965], [126.969750436, 37.648670084], [126.969737224, 37.648671062], [126.969727215, 37.648672082], [126.969715882, 37.648673438], [126.969690984, 37.64867697], [126.969678286, 37.648679032], [126.969666, 37.648681215], [126.96965456, 37.648683456], [126.969643831, 37.648685819], [126.969633913, 37.648688196], [126.969614169, 37.648693188], [126.96959453, 37.648698396], [126.969554492, 37.648709501], [126.969544212, 37.648712203], [126.969533869, 37.648714662], [126.969523918, 37.648716725], [126.969494055, 37.64872242], [126.969484281, 37.648724619], [126.969474705, 37.648727223], [126.969465154, 37.648730444], [126.969455845, 37.648734149], [126.969446742, 37.648738236], [126.969437822, 37.648742627], [126.969406881, 37.648759142], [126.969398942, 37.648763012], [126.969390997, 37.648766516], [126.969382878, 37.648769794], [126.969366306, 37.648775917], [126.969340299, 37.64878487], [126.969331401, 37.648787715], [126.969322413, 37.648790371], [126.969314397, 37.648792511], [126.969306303, 37.648794471], [126.969289919, 37.648797919], [126.969281198, 37.648799498], [126.969263622, 37.648802227], [126.969246154, 37.64880438], [126.969228846, 37.648805975], [126.969220176, 37.648806568], [126.96918663, 37.648808315], [126.969177411, 37.6488091], [126.96916828, 37.648810163], [126.969159271, 37.648811557], [126.969150423, 37.648813355], [126.969141378, 37.648815744], [126.96913257, 37.648818615], [126.969124019, 37.648821935], [126.969115762, 37.648825696], [126.969108149, 37.648829713], [126.969100774, 37.648834037], [126.969086469, 37.648843221], [126.969073843, 37.648851935], [126.969067828, 37.648856547], [126.969060585, 37.648862801], [126.969053712, 37.648869383], [126.969041266, 37.648882304], [126.969018844, 37.648906241], [126.969003527, 37.648921719], [126.968998457, 37.648926384], [126.968993199, 37.64893075], [126.968987665, 37.648934899], [126.968981881, 37.648938836], [126.968970147, 37.648945923], [126.968943381, 37.648960821], [126.968927815, 37.648968737], [126.968910434, 37.648976702], [126.968901575, 37.64898046], [126.96888598, 37.648986567], [126.968878067, 37.6489894], [126.96887007, 37.648992052], [126.968859995, 37.648995055], [126.968849782, 37.648997694], [126.968839425, 37.648999915], [126.96882931, 37.64900161], [126.968819085, 37.649002932], [126.968808778, 37.649003949], [126.968792122, 37.649005048], [126.968776477, 37.649005556], [126.968757742, 37.649005667], [126.968738976, 37.649005408], [126.968720431, 37.649004882], [126.968666726, 37.649002708], [126.968649328, 37.6490024], [126.968640723, 37.649002563], [126.968632205, 37.649003061], [126.96862614, 37.649003684], [126.968620145, 37.649004558], [126.968610144, 37.64900664], [126.968600397, 37.649009411], [126.968590937, 37.649012824], [126.968582432, 37.649016535], [126.968574125, 37.649020637], [126.968558581, 37.649029094], [126.968535336, 37.649042275], [126.96851886, 37.649051158], [126.968495068, 37.649063195], [126.968460382, 37.649079811], [126.968450978, 37.649084528], [126.96844222, 37.649089223], [126.96843361, 37.649094095], [126.968416679, 37.649104174], [126.968387915, 37.649121676], [126.968370175, 37.649131802], [126.968355026, 37.649139996], [126.968319762, 37.649157911], [126.968287253, 37.649175056], [126.968262317, 37.649188707], [126.968205686, 37.649220101], [126.968191602, 37.649228095], [126.968186671, 37.649231076], [126.968171021, 37.649235465], [126.968159949, 37.649238381], [126.968149015, 37.649240963], [126.968144201, 37.649241916], [126.968131228, 37.649243761], [126.968100756, 37.649247178], [126.968092185, 37.649248464], [126.968083813, 37.649250239], [126.968079668, 37.64925143], [126.96807156, 37.649254267], [126.968063589, 37.649257446], [126.96804398, 37.649265623], [126.968028866, 37.649271599], [126.96800894, 37.649279195], [126.96797524, 37.649291711], [126.967957661, 37.649306121], [126.967949867, 37.649312778], [126.96794347, 37.649318846], [126.967939466, 37.649323256], [126.967931577, 37.649332976], [126.967930164, 37.649334716], [126.967915867, 37.649353387], [126.967910879, 37.649360544], [126.967901955, 37.649375188], [126.96789863, 37.6493798], [126.967896712, 37.649381938], [126.967894256, 37.649384088], [126.967891202, 37.649386304], [126.967887757, 37.649388519], [126.967880514, 37.649392682], [126.967868887, 37.649398301], [126.967842743, 37.649403214], [126.967833716, 37.6494051], [126.967821293, 37.649407945], [126.967808322, 37.649411209], [126.967795314, 37.64941478], [126.967783927, 37.649418162], [126.967763668, 37.649424743], [126.967715915, 37.649441202], [126.967705867, 37.649444888], [126.967696805, 37.649448417], [126.967678909, 37.64945585], [126.967635061, 37.649475042], [126.967626232, 37.649478652], [126.96761728, 37.649482046], [126.967608195, 37.649485162], [126.967598982, 37.649488059], [126.967580308, 37.649493436], [126.967542706, 37.64950386], [126.967525288, 37.649509195], [126.967516678, 37.649512042], [126.967508153, 37.649515029], [126.967499732, 37.649518185], [126.967490921, 37.64952174], [126.967482222, 37.649525466], [126.967465063, 37.64953325], [126.967448063, 37.649541316], [126.967439655, 37.649545484], [126.967431409, 37.649549816], [126.967423394, 37.649554392], [126.967414751, 37.649559882], [126.967406398, 37.649565678], [126.96739825, 37.649571683], [126.967373928, 37.649590351], [126.967365677, 37.649596352], [126.967357183, 37.649602094], [126.96735049, 37.64960625], [126.967343608, 37.649610185], [126.967336528, 37.64961388], [126.967328437, 37.649617696], [126.96729545, 37.649632126], [126.967287307, 37.649635879], [126.967269749, 37.649644374], [126.967252834, 37.649652894], [126.967236569, 37.649661393], [126.967220676, 37.649670299], [126.96721277, 37.649675105], [126.96720502, 37.649680071], [126.967196889, 37.649685619], [126.967188023, 37.649692071], [126.967178764, 37.649699176], [126.967169459, 37.649706677], [126.967161286, 37.649713571], [126.967146415, 37.649726755], [126.967126786, 37.649745223], [126.967116978, 37.649752819], [126.967100836, 37.649763864], [126.967080865, 37.649777159], [126.967070346, 37.649783961], [126.967059954, 37.649790498], [126.967049218, 37.649797018], [126.967030844, 37.649807891], [126.967022193, 37.649813209], [126.96701381, 37.649818707], [126.967005821, 37.64982448], [126.966998381, 37.649830645], [126.966991958, 37.649836919], [126.966986024, 37.649843545], [126.966980441, 37.649850425], [126.966975106, 37.649857486], [126.966969944, 37.649864673], [126.966939999, 37.649908703], [126.966929662, 37.649923265], [126.966918919, 37.649937497], [126.966896894, 37.649965641], [126.966886223, 37.649979778], [126.966881156, 37.649986923], [126.966876373, 37.649994152], [126.966871981, 37.650001495], [126.966868116, 37.650008997], [126.966864717, 37.650017131], [126.966861898, 37.650025439], [126.966859497, 37.650033873], [126.96685739, 37.650042396], [126.966850158, 37.650076862], [126.966846273, 37.650094034], [126.966843992, 37.65010253], [126.966841343, 37.650110924], [126.96683818, 37.650119176], [126.966834455, 37.650127119], [126.966830222, 37.650134923], [126.96682561, 37.650142618], [126.966820717, 37.650150232], [126.966810339, 37.650165272], [126.966799388, 37.650180084], [126.966793713, 37.650187386], [126.966787878, 37.650194594], [126.96678184, 37.650201674], [126.966775538, 37.650208582], [126.966768881, 37.650215259], [126.966762384, 37.650221152], [126.966755586, 37.650226847], [126.966748565, 37.650232395], [126.966734091, 37.650243211], [126.966695823, 37.650270748], [126.966680627, 37.650282045], [126.966673202, 37.650287818], [126.966665957, 37.650293716], [126.96666005, 37.650298795], [126.966654317, 37.650303994], [126.966648773, 37.650309316], [126.966642546, 37.650315684], [126.966636531, 37.650322187], [126.966618933, 37.650342291], [126.966612025, 37.650349934], [126.966604287, 37.650358088], [126.966595944, 37.650366394], [126.966587234, 37.650374498], [126.96657773, 37.650382682], [126.966568675, 37.650389973], [126.966560636, 37.650396104], [126.966554179, 37.650400804], [126.966548199, 37.650404797], [126.966544204, 37.650408555], [126.966508477, 37.650444118], [126.966502861, 37.650449707], [126.96649462, 37.650457685], [126.96648663, 37.650465063], [126.966478272, 37.650472151], [126.966470379, 37.650477986], [126.966462026, 37.650483236], [126.966454074, 37.650487387], [126.966445791, 37.650491177], [126.966437294, 37.650494821], [126.966420386, 37.650502071], [126.966412147, 37.650506044], [126.966403499, 37.650510789], [126.966395104, 37.650515868], [126.966372169, 37.650530589], [126.966364669, 37.650535132], [126.966356938, 37.65053941], [126.96634857, 37.650543504], [126.966339953, 37.650547316], [126.966313527, 37.650558222], [126.966304806, 37.650562043], [126.966295983, 37.650566247], [126.966287334, 37.650570703], [126.966278843, 37.650575373], [126.966270507, 37.650580239], [126.966261926, 37.650585526], [126.966236441, 37.650601727], [126.966219804, 37.650611743], [126.966170675, 37.650640872], [126.966163305, 37.650645024], [126.966155742, 37.650648909], [126.96614672, 37.650652932], [126.966137402, 37.650656586], [126.966127875, 37.650659997], [126.966066244, 37.650680475], [126.966035189, 37.650691223], [126.966014824, 37.650698902], [126.965986946, 37.650710394], [126.965968721, 37.650717514], [126.965906143, 37.650740089], [126.965897133, 37.650743072], [126.965887801, 37.650745851], [126.965878355, 37.650748419], [126.965840243, 37.650758066], [126.965821416, 37.650763195], [126.965802764, 37.650768734], [126.965783349, 37.650775132], [126.965764175, 37.650781992], [126.965750972, 37.65078697], [126.965693411, 37.650808672], [126.965685128, 37.650811994], [126.965676977, 37.65081548], [126.965669008, 37.650819196], [126.965661374, 37.650823132], [126.96565394, 37.650827317], [126.965646684, 37.650831712], [126.965639591, 37.650836295], [126.965631096, 37.650842146], [126.965622775, 37.650848186], [126.965614579, 37.650854359], [126.965598419, 37.650866951], [126.965550304, 37.650905124], [126.965533952, 37.650917527], [126.965525606, 37.650923555], [126.965517091, 37.650929405], [126.96550271, 37.650938575], [126.965496527, 37.650942336], [126.965479743, 37.650952546], [126.96547134, 37.650957537], [126.965462808, 37.650962347], [126.965454049, 37.650966859], [126.965446186, 37.650970469], [126.965438137, 37.650973845], [126.965404403, 37.650986759], [126.965400726, 37.650988097], [126.965362627, 37.651001962], [126.965354614, 37.651005046], [126.965345789, 37.651008684], [126.965337168, 37.651012461], [126.965328673, 37.65101641], [126.965320326, 37.651020544], [126.965312158, 37.65102489], [126.965304571, 37.65102924], [126.965289779, 37.651038363], [126.965267767, 37.651052339], [126.965260254, 37.651056873], [126.965252591, 37.651061203], [126.965244709, 37.651065244], [126.965235064, 37.651069551], [126.965225111, 37.651073456], [126.965214934, 37.651077071], [126.965204603, 37.651080489], [126.965162684, 37.651093513], [126.96515942, 37.65109457], [126.965152247, 37.651096891], [126.965141904, 37.651100437], [126.965133653, 37.651103463], [126.965125477, 37.65110662], [126.965109316, 37.651113252], [126.96509327, 37.651120277], [126.965077339, 37.651127666], [126.965061671, 37.651135402], [126.965053634, 37.651139597], [126.965045409, 37.651144078], [126.965037763, 37.651148243], [126.965004009, 37.651167384], [126.964977086, 37.651182982], [126.964959298, 37.651193544], [126.964943349, 37.651203356], [126.96492919, 37.651212369], [126.964897815, 37.651232744], [126.964880241, 37.651243721], [126.964862882, 37.651253756], [126.964828026, 37.651273273], [126.964819232, 37.651278025], [126.964802477, 37.651286643], [126.964784539, 37.651295346], [126.964772958, 37.651300714], [126.964765478, 37.651304038], [126.964747851, 37.651311873], [126.964709268, 37.651328198], [126.964696373, 37.651333932], [126.964637885, 37.651360268], [126.96462964, 37.65136415], [126.964621667, 37.651368331], [126.964614138, 37.651373098], [126.964606888, 37.651378169], [126.96456407, 37.651409348], [126.964552606, 37.651417283], [126.964535969, 37.65142831], [126.964525954, 37.651434622], [126.964507807, 37.651445336], [126.964498591, 37.651450457], [126.964482202, 37.651459096], [126.964442656, 37.651478993], [126.964417586, 37.651491162], [126.964376295, 37.651510437], [126.964367932, 37.651514555], [126.964351466, 37.651523086], [126.964335393, 37.651532004], [126.964327544, 37.651536633], [126.964319118, 37.651541874], [126.964310923, 37.651547299], [126.964291404, 37.651561268], [126.964283382, 37.651566832], [126.964275102, 37.651572088], [126.964266164, 37.651577094], [126.964256988, 37.65158187], [126.964220307, 37.651600604], [126.964193568, 37.65161512], [126.964185612, 37.651619723], [126.96417872, 37.651624252], [126.964172107, 37.651629099], [126.96416561, 37.651634269], [126.96414874, 37.651648347], [126.964138933, 37.651656322], [126.964128852, 37.651664204], [126.964121164, 37.651669971], [126.964106836, 37.65168008], [126.964091454, 37.651690171], [126.964088499, 37.651692394], [126.964042233, 37.651737145], [126.964026692, 37.65175171], [126.964013289, 37.651763662], [126.963992782, 37.65178101], [126.96397182, 37.651797959], [126.963957487, 37.651808893], [126.963950136, 37.651814164], [126.963942602, 37.651819241], [126.963934823, 37.651824055], [126.963926763, 37.651828542], [126.963918461, 37.65183277], [126.963901373, 37.651840711], [126.963875107, 37.651851942], [126.963870121, 37.651853993], [126.963822004, 37.65187379], [126.963804413, 37.651881187], [126.963793643, 37.651885939], [126.963787068, 37.651888841], [126.963778567, 37.651892846], [126.963770248, 37.651897043], [126.963761666, 37.651901925], [126.963752892, 37.651907654], [126.963743852, 37.651914139], [126.96373482, 37.651921055], [126.963717889, 37.651934878], [126.963695283, 37.651954511], [126.963693465, 37.65195525], [126.963688718, 37.651957668], [126.963681586, 37.651961527], [126.963672632, 37.651966606], [126.963662427, 37.651972698], [126.963652023, 37.65197925], [126.963641364, 37.65198622], [126.963612064, 37.652005709], [126.963604007, 37.652010904], [126.963596132, 37.65201575], [126.963587142, 37.652020953], [126.963568704, 37.652030868], [126.963549878, 37.652040341], [126.963530782, 37.65204944], [126.963511401, 37.652058061], [126.963473938, 37.652073558], [126.963464838, 37.65207766], [126.963438651, 37.652090613], [126.963429844, 37.652094658], [126.963420792, 37.652098261], [126.963411871, 37.652101137], [126.96340269, 37.652103586], [126.963393324, 37.652105752], [126.9633647, 37.65211176], [126.96335463, 37.652114059], [126.963305373, 37.652126161], [126.963278238, 37.652132304], [126.963249949, 37.652138354], [126.963230694, 37.652142296], [126.963171262, 37.652153645], [126.963153116, 37.652157344], [126.963144125, 37.652159397], [126.963133563, 37.652162078], [126.9631231, 37.652165001], [126.963112725, 37.652168126], [126.963102435, 37.652171436], [126.963092236, 37.652174929], [126.963073298, 37.652181947], [126.96300616, 37.652208086], [126.962918411, 37.652244389], [126.962900652, 37.652252007], [126.962846561, 37.652275643], [126.962818199, 37.652287553], [126.962796299, 37.652296233], [126.962739372, 37.652317975], [126.962718663, 37.65232608], [126.962703177, 37.652330233], [126.962680673, 37.652336582], [126.962667594, 37.652340489], [126.962654113, 37.652344737], [126.962640842, 37.65234922], [126.962628313, 37.652353832], [126.962617146, 37.6523583], [126.962597763, 37.652366766], [126.962578632, 37.652375463], [126.962567839, 37.65238047], [126.962454796, 37.652432911], [126.962435607, 37.652441537], [126.962416245, 37.652449892], [126.962406456, 37.6524539], [126.96238646, 37.652461555], [126.962366235, 37.652468851], [126.962325586, 37.652483129], [126.962305376, 37.65249043], [126.962285445, 37.652498134], [126.962275663, 37.65250225], [126.962266738, 37.652506283], [126.962257937, 37.65251049], [126.96224923, 37.652514833], [126.962232027, 37.652523808], [126.962206655, 37.652537811], [126.962190094, 37.65254753], [126.962181978, 37.652552557], [126.962166011, 37.652563111], [126.962150458, 37.652574062], [126.962135236, 37.652585306], [126.962120401, 37.652596861], [126.962113186, 37.652602793], [126.962105591, 37.652609338], [126.962090844, 37.652622757], [126.962069403, 37.652643375], [126.962048606, 37.652664404], [126.962035662, 37.652678312], [126.962017299, 37.652698813], [126.96199768, 37.65272011], [126.961971006, 37.652748213], [126.961949454, 37.65277029], [126.961931319, 37.652787973], [126.961921875, 37.652796857], [126.961904842, 37.652812287], [126.961887172, 37.652827595], [126.961886349, 37.652827767], [126.961881788, 37.652829501], [126.961870563, 37.65283453], [126.961822236, 37.652857771], [126.961806087, 37.652865156], [126.961789433, 37.652871916], [126.961768289, 37.652879853], [126.961759726, 37.652882837], [126.961746918, 37.652886902], [126.96173398, 37.652890713], [126.961720949, 37.65289431], [126.961712072, 37.652896518], [126.96170151, 37.652898873], [126.96167003, 37.65290536], [126.961652956, 37.652904586], [126.961646094, 37.65290472], [126.961640932, 37.652905343], [126.961622104, 37.652908541], [126.961618656, 37.652908907], [126.961615142, 37.652909058], [126.961606299, 37.652908919], [126.961579699, 37.652907866], [126.961565899, 37.652915197], [126.961562953, 37.65292013], [126.961563044, 37.652920525], [126.9615623, 37.65292286], [126.961559537, 37.652928338], [126.961556765, 37.652932875], [126.96155282, 37.652938453], [126.961544255, 37.652938355], [126.961529388, 37.652937685], [126.961520868, 37.652937113], [126.961503867, 37.652935577], [126.961475825, 37.652932656], [126.961464016, 37.652931927], [126.961452196, 37.652931646], [126.961446291, 37.652931694], [126.961440396, 37.652931896], [126.961433996, 37.652932315], [126.961421245, 37.652933652], [126.961408574, 37.652935512], [126.96140228, 37.652936631], [126.961389007, 37.652939416], [126.961349487, 37.652948774], [126.961336237, 37.652951513], [126.961329558, 37.652952648], [126.961317369, 37.652954187], [126.961286807, 37.652957023], [126.961273577, 37.652958564], [126.96125032, 37.652961802], [126.961234139, 37.652964348], [126.961217629, 37.652967163], [126.961198724, 37.652976942], [126.961191234, 37.652981007], [126.961154025, 37.653003446], [126.961152912, 37.653004222], [126.961149369, 37.653005616], [126.961143699, 37.653007475], [126.961135788, 37.653009735], [126.961126229, 37.653012172], [126.961115409, 37.653014676], [126.961103609, 37.653017186], [126.961067284, 37.653024659], [126.961056791, 37.653027109], [126.961047466, 37.653029545], [126.961038952, 37.653032059], [126.961030579, 37.653034834], [126.961022334, 37.653037882], [126.960979146, 37.653055265], [126.960969844, 37.653059184], [126.960960753, 37.653063379], [126.960953331, 37.653067198], [126.960946056, 37.653071224], [126.960907481, 37.65309373], [126.960879426, 37.65311088], [126.960864961, 37.653119033], [126.960850094, 37.65312674], [126.960807029, 37.653147245], [126.960772567, 37.653164258], [126.96075148, 37.653175088], [126.960734985, 37.653184173], [126.96072692, 37.653188898], [126.960719007, 37.653193767], [126.96071128, 37.653198812], [126.960703884, 37.653203961], [126.96067793, 37.653222929], [126.960671439, 37.653227435], [126.960658199, 37.653236207], [126.960643547, 37.653245389], [126.960636028, 37.653249758], [126.960628327, 37.65325391], [126.960620456, 37.653257851], [126.960612434, 37.653261591], [126.960603448, 37.653265469], [126.960594293, 37.653269077], [126.96058496, 37.653272375], [126.960576933, 37.653274892], [126.960568799, 37.653277196], [126.960552329, 37.653281335], [126.960524941, 37.653287739], [126.960516018, 37.653290146], [126.960506961, 37.653292987], [126.960498182, 37.653296215], [126.960489743, 37.653299873], [126.960481728, 37.653304029], [126.960473447, 37.653309228], [126.960465528, 37.653314888], [126.960458388, 37.653320303], [126.960429884, 37.653342661], [126.96041661, 37.653352527], [126.960409782, 37.653357279], [126.960402784, 37.653361858], [126.96039592, 37.653366051], [126.960367809, 37.653382437], [126.960353958, 37.653391216], [126.960347209, 37.653395776], [126.960339299, 37.653401403], [126.960324002, 37.653413062], [126.960301363, 37.653431669], [126.960293636, 37.653437783], [126.960285632, 37.653443579], [126.960279052, 37.653447855], [126.960258865, 37.65346021], [126.960251099, 37.653465475], [126.960243677, 37.653471053], [126.960236662, 37.653476954], [126.960230346, 37.65348291], [126.960218127, 37.653495213], [126.960212031, 37.65350111], [126.960205766, 37.653506934], [126.960179805, 37.653530302], [126.960173943, 37.653535956], [126.960168348, 37.653541734], [126.960163097, 37.653547666], [126.960158597, 37.653553288], [126.960150009, 37.653564708], [126.960139461, 37.653578331], [126.960134196, 37.653585439], [126.960120898, 37.653604089], [126.96011642, 37.653609614], [126.960111683, 37.653614687], [126.960106581, 37.653619592], [126.960101226, 37.653624398], [126.960067596, 37.653652809], [126.960060587, 37.653658916], [126.960053499, 37.653665377], [126.960046714, 37.653672008], [126.960040367, 37.653678875], [126.960034658, 37.653685867], [126.960018797, 37.65370746], [126.960013259, 37.653714472], [126.960007507, 37.653720946], [126.960001299, 37.653727083], [126.959994601, 37.653732813], [126.95998734, 37.653738032], [126.95997986, 37.653742433], [126.959971901, 37.653746344], [126.959963554, 37.653749831], [126.959954889, 37.653752929], [126.959946549, 37.653755497], [126.959938028, 37.653757811], [126.959929374, 37.653759933], [126.959912342, 37.653763663], [126.959867026, 37.653772569], [126.959856947, 37.653774698], [126.95984695, 37.653777023], [126.959838337, 37.653779258], [126.959821341, 37.653784247], [126.959812945, 37.65378696], [126.959784493, 37.653796744], [126.959774958, 37.653799868], [126.959755686, 37.653805678], [126.959745951, 37.653808326], [126.959735648, 37.65381088], [126.959725271, 37.653813173], [126.959714822, 37.653815159], [126.959704299, 37.653816766], [126.959694576, 37.653817842], [126.959684804, 37.653818556], [126.959675001, 37.653818927], [126.959665185, 37.653818952], [126.959655373, 37.6538186], [126.959644996, 37.653817794], [126.959634638, 37.653816638], [126.95961397, 37.653813683], [126.959583088, 37.653808832], [126.959572838, 37.653807396], [126.95956262, 37.653806191], [126.959552444, 37.653805328], [126.959542326, 37.653804944], [126.959532282, 37.653805215], [126.959521661, 37.653806374], [126.959511123, 37.653808271], [126.959500648, 37.653810706], [126.959490215, 37.653813528], [126.959479812, 37.653816625], [126.959459064, 37.653823327], [126.959407263, 37.65384107], [126.959386474, 37.653848051], [126.959365555, 37.653854674], [126.95935501, 37.653857751], [126.959344383, 37.653860589], [126.959322993, 37.653865501], [126.959294522, 37.653871495], [126.959275523, 37.653875112], [126.959266026, 37.653876697], [126.959256791, 37.653878024], [126.959247568, 37.653879075], [126.959238369, 37.653879773], [126.959230281, 37.65388004], [126.959222237, 37.653880035], [126.959192303, 37.653879446], [126.95917816, 37.653879509], [126.959165194, 37.653879864], [126.959120348, 37.653881815], [126.959106931, 37.65388212], [126.959080384, 37.653890553], [126.959072234, 37.653892892], [126.959066766, 37.653894244], [126.95905565, 37.653896551], [126.959010766, 37.653905003], [126.958961498, 37.653914568], [126.958945845, 37.653917241], [126.958934769, 37.653918927], [126.958921824, 37.653920675], [126.958907648, 37.653922319], [126.958892882, 37.653923697], [126.958880488, 37.653924543], [126.958868517, 37.653925072], [126.958857359, 37.653925276], [126.958847397, 37.653925151], [126.95883803, 37.653924771], [126.958827793, 37.653924107], [126.958817607, 37.653923182], [126.958807495, 37.653921978], [126.958797484, 37.653920454], [126.958787613, 37.653918536], [126.958778526, 37.653916322], [126.958769602, 37.653913743], [126.958760849, 37.653910833], [126.958752295, 37.653907604], [126.958743978, 37.653904044], [126.958736079, 37.653900194], [126.958728488, 37.653896009], [126.958721245, 37.65389149], [126.958714416, 37.653886618], [126.958708134, 37.653881421], [126.958702326, 37.653875889], [126.958696996, 37.653870056], [126.958692186, 37.653863937], [126.958687855, 37.653857415], [126.958684038, 37.653850657], [126.958680675, 37.653843715], [126.958677734, 37.653836623], [126.958675219, 37.653829405], [126.958673219, 37.653822399], [126.958671566, 37.653815316], [126.958670213, 37.653808174], [126.958669131, 37.653800991], [126.958668312, 37.653793775], [126.958667754, 37.653786494], [126.958667433, 37.653779199], [126.958667411, 37.65376459], [126.958667701, 37.653757286], [126.958668333, 37.653748434], [126.958670308, 37.653730767], [126.958675181, 37.653699629], [126.958677144, 37.653684707], [126.958678309, 37.653669732], [126.95867855, 37.653662237], [126.958678525, 37.653654439], [126.958678231, 37.653646644], [126.958677678, 37.653638854], [126.958676856, 37.653631073], [126.958675775, 37.653623384], [126.958673081, 37.653608019], [126.958664646, 37.65356443], [126.958661058, 37.653546425], [126.958657037, 37.653528557], [126.958654676, 37.653519758], [126.958651925, 37.653511123], [126.958649272, 37.653504215], [126.958646205, 37.653497523], [126.958642662, 37.653491115], [126.958638548, 37.653485077], [126.958633223, 37.653478958], [126.958627071, 37.653473534], [126.958620062, 37.653468963], [126.958614239, 37.653466197], [126.958607989, 37.65346395], [126.958601396, 37.65346216], [126.958592264, 37.65346042], [126.958582791, 37.653459304], [126.958573089, 37.653458749], [126.958563245, 37.653458741], [126.958553021, 37.653459311], [126.958542784, 37.6534604], [126.958532586, 37.653461955], [126.958522481, 37.653463966], [126.958513344, 37.653466218], [126.958504339, 37.65346882], [126.958495478, 37.653471737], [126.958486784, 37.653474959], [126.95847829, 37.653478499], [126.958468814, 37.653482971], [126.958459584, 37.653487788], [126.95845055, 37.65349286], [126.958441675, 37.653498123], [126.958424345, 37.653509083], [126.958415901, 37.653514759], [126.958407634, 37.653520579], [126.958399592, 37.653526577], [126.958392231, 37.653532441], [126.958385094, 37.653538472], [126.958378159, 37.653544645], [126.958371424, 37.65355095], [126.958364898, 37.653557386], [126.958339113, 37.653584736], [126.958332446, 37.65359141], [126.958326094, 37.653597338], [126.95831952, 37.653603114], [126.958312757, 37.653608758], [126.958305832, 37.653614282], [126.958290874, 37.653625518], [126.958275452, 37.653636354], [126.95825427, 37.653650626], [126.95824734, 37.653655492], [126.958239774, 37.653661095], [126.958225067, 37.653672681], [126.958203406, 37.653690408], [126.958188791, 37.653702053], [126.958181317, 37.653707716], [126.958158332, 37.653724305], [126.958150901, 37.653730004], [126.958144515, 37.653735306], [126.958138358, 37.65374079], [126.958132399, 37.653746426], [126.958121154, 37.653757899], [126.958110516, 37.653769508], [126.958085083, 37.653797945], [126.958080367, 37.653803619], [126.958075334, 37.653810165], [126.958070695, 37.653816851], [126.958066531, 37.653823694], [126.958062954, 37.653830719], [126.958059807, 37.653838647], [126.9580573, 37.653846767], [126.958055239, 37.653855021], [126.958048443, 37.653888497], [126.958046449, 37.653896793], [126.958044051, 37.653904982], [126.958041066, 37.653913012], [126.95803795, 37.653919688], [126.958034394, 37.653926249], [126.958030518, 37.653932733], [126.958022486, 37.65394516], [126.958010192, 37.653963049], [126.957980955, 37.654003865], [126.957975761, 37.654010721], [126.957970287, 37.654017378], [126.957964385, 37.654023742], [126.957958743, 37.654029014], [126.957952695, 37.65403399], [126.957946284, 37.654038678], [126.957939529, 37.654043064], [126.957932608, 37.654047042], [126.957925412, 37.654050732], [126.957917978, 37.654054146], [126.957910326, 37.65405728], [126.957901725, 37.654060378], [126.957892928, 37.654063167], [126.957883973, 37.654065671], [126.957874883, 37.654067899], [126.957864855, 37.654070001], [126.95785472, 37.654071785], [126.957844504, 37.654073251], [126.957834224, 37.65407437], [126.957823865, 37.654075104], [126.957813476, 37.654075472], [126.957803081, 37.654075487], [126.9577927, 37.654075128], [126.957782491, 37.65407438], [126.957772328, 37.654073282], [126.957762221, 37.65407187], [126.957752191, 37.65407015], [126.957743338, 37.654068357], [126.957734566, 37.654066337], [126.95772588, 37.654064109], [126.957717293, 37.654061675], [126.957709034, 37.654059095], [126.957700899, 37.654056308], [126.957692909, 37.654053304], [126.957685095, 37.654050058], [126.957676283, 37.654045957], [126.957667753, 37.654041522], [126.957659521, 37.654036773], [126.957638649, 37.654023316], [126.957631767, 37.654019075], [126.957624734, 37.654014979], [126.957610303, 37.654007216], [126.957595531, 37.653999969], [126.957580744, 37.653993], [126.957573518, 37.653989349], [126.957566198, 37.653985243], [126.957558966, 37.653980763], [126.957551082, 37.653975518], [126.957523499, 37.653956375], [126.957513361, 37.653949785], [126.957503559, 37.653943851], [126.957494485, 37.653938837], [126.957488614, 37.653935896], [126.957482471, 37.653933078], [126.957477307, 37.653930997], [126.957475213, 37.653930511], [126.95743766, 37.653916677], [126.957415454, 37.653908325], [126.957395272, 37.653900331], [126.95733459, 37.653875576], [126.957324375, 37.653871696], [126.95731401, 37.653868175], [126.957308731, 37.653866646], [126.957298221, 37.653864246], [126.957282092, 37.653861518], [126.957260194, 37.653858515], [126.957205667, 37.65385156], [126.957160341, 37.653851182], [126.957123867, 37.65385113], [126.957101842, 37.65385154], [126.957091912, 37.653851999], [126.957073443, 37.65385336], [126.957055667, 37.653855167], [126.957047128, 37.653856219], [126.957030285, 37.653858747], [126.95701263, 37.653861939], [126.957003866, 37.653863336], [126.956995084, 37.653864321], [126.956986786, 37.653864712], [126.956978471, 37.653864583], [126.956970173, 37.653863959], [126.956961931, 37.65386283], [126.956953793, 37.653861204], [126.956945728, 37.653859175], [126.956937715, 37.653856851], [126.956929739, 37.65385432], [126.956902359, 37.653845175], [126.956894323, 37.653842696], [126.956878094, 37.653838157], [126.956851705, 37.65383173], [126.956842735, 37.653829288], [126.956832833, 37.653826041], [126.956823112, 37.653822345], [126.956813521, 37.653818324], [126.956804594, 37.653814337], [126.956747459, 37.653787246], [126.95672862, 37.653778016], [126.956719339, 37.653773059], [126.956710234, 37.653767891], [126.956701289, 37.653762537], [126.956693944, 37.653757949], [126.956665459, 37.653739583], [126.956651867, 37.653731151], [126.956644953, 37.653727063], [126.956635789, 37.653721898], [126.956626481, 37.653716898], [126.956617054, 37.653712037], [126.956602516, 37.653704895], [126.956587718, 37.653698104], [126.956580147, 37.653694847], [126.956564816, 37.653688604], [126.956546915, 37.653681703], [126.956526387, 37.653674271], [126.956486457, 37.653661018], [126.956476225, 37.653657477], [126.956464761, 37.653653201], [126.956452482, 37.653648303], [126.956439937, 37.653642962], [126.956427675, 37.653637361], [126.956416411, 37.653631807], [126.956406399, 37.653626462], [126.956398077, 37.65362161], [126.956391905, 37.65361762], [126.956388074, 37.653614833], [126.956386895, 37.653613637], [126.956371621, 37.653610663], [126.956367115, 37.653610136], [126.95636438, 37.65361025], [126.956361636, 37.653610559], [126.956340581, 37.653613504], [126.956337459, 37.653614138], [126.956329633, 37.653616194], [126.956319168, 37.653619438], [126.956313601, 37.653621449], [126.956303437, 37.653625787], [126.956291195, 37.653631704], [126.956287356, 37.653633386], [126.956283412, 37.653634879], [126.956279452, 37.653636108], [126.95627125, 37.653638067], [126.956262822, 37.653639619], [126.956249566, 37.653641616], [126.95623537, 37.653643243], [126.95622588, 37.653643756], [126.95622109, 37.653643725], [126.956211501, 37.653643189], [126.956197135, 37.653641647], [126.956171389, 37.653637894], [126.956162447, 37.653636751], [126.956153137, 37.65363579], [126.956143031, 37.653635049], [126.95613095, 37.653634658], [126.956124516, 37.653634643], [126.956112627, 37.653634883], [126.956100475, 37.653635408], [126.956084427, 37.653630641], [126.956077165, 37.653628047], [126.956018674, 37.653608438], [126.955992201, 37.653599415], [126.955970593, 37.653591741], [126.955960534, 37.653587956], [126.955950658, 37.653584022], [126.95594104, 37.653579876], [126.955931782, 37.653575437], [126.955923021, 37.653570595], [126.95591494, 37.653565206], [126.955907724, 37.653559157], [126.95590136, 37.653552505], [126.955895722, 37.653545263], [126.955890595, 37.65353769], [126.955880927, 37.653522643], [126.955876005, 37.653515408], [126.955870787, 37.653508337], [126.955865484, 37.653501822], [126.955859947, 37.653495506], [126.955850138, 37.653484872], [126.95584616, 37.653480313], [126.955843495, 37.653476904], [126.955839162, 37.653470457], [126.955835359, 37.653463368], [126.955832838, 37.653457468], [126.955830406, 37.653450194], [126.955828651, 37.653442971], [126.955827328, 37.653435622], [126.955826264, 37.65342818], [126.955824154, 37.653408716], [126.955823615, 37.653399091], [126.955823553, 37.653390685], [126.955823986, 37.65338265], [126.95582487, 37.65337462], [126.955825998, 37.653367416], [126.955827397, 37.653360227], [126.955829026, 37.653353058], [126.955833029, 37.653338433], [126.95583797, 37.653323588], [126.955843704, 37.653309045], [126.955856881, 37.653278509], [126.955864076, 37.653262345], [126.955870656, 37.653248779], [126.955884936, 37.653221346], [126.955891976, 37.653207286], [126.955898492, 37.65319263], [126.955910766, 37.653163082], [126.955914016, 37.653155744], [126.955921122, 37.653141029], [126.955932429, 37.653119528], [126.955943955, 37.653098879], [126.955952715, 37.653084038], [126.955972056, 37.653052272], [126.955981244, 37.65303648], [126.955989676, 37.653021172], [126.955997153, 37.653006316], [126.95600068, 37.652998404], [126.956003853, 37.652990414], [126.956006602, 37.652982339], [126.956008458, 37.652975775], [126.956010021, 37.652969163], [126.956011325, 37.652962517], [126.956012387, 37.652955846], [126.95601326, 37.652948664], [126.956013843, 37.652941478], [126.956014095, 37.652934297], [126.95601393, 37.652926385], [126.956013246, 37.652918518], [126.956011965, 37.652910724], [126.956010064, 37.652903244], [126.956007565, 37.652895872], [126.956004515, 37.65288862], [126.956000916, 37.652881512], [126.955996718, 37.65287448], [126.955992073, 37.652867588], [126.955987092, 37.652860801], [126.9559763, 37.652847301], [126.955964721, 37.652833895], [126.955958725, 37.652827295], [126.955946328, 37.652814367], [126.955939909, 37.652808047], [126.955933315, 37.65280185], [126.955926248, 37.652795559], [126.955918972, 37.652789426], [126.955911491, 37.652783458], [126.955903795, 37.652777676], [126.955896345, 37.652772431], [126.955888713, 37.652767357], [126.955880926, 37.652762442], [126.955872999, 37.652757685], [126.955850019, 37.652744658], [126.955842484, 37.652740235], [126.955816413, 37.652723839], [126.955807619, 37.652718752], [126.955798523, 37.652714232], [126.955790134, 37.652710898], [126.955781467, 37.652708195], [126.955772613, 37.652706125], [126.95576364, 37.652704738], [126.955754515, 37.652704099], [126.955745445, 37.652704238], [126.955736536, 37.652705192], [126.955727904, 37.652707053], [126.955720115, 37.652709694], [126.955712561, 37.652712999], [126.955705129, 37.652716733], [126.955690199, 37.652724673], [126.95568248, 37.652728508], [126.955674247, 37.65273214], [126.955665742, 37.652735486], [126.955657025, 37.652738603], [126.95564815, 37.652741539], [126.955637772, 37.652744748], [126.955616709, 37.65275079], [126.95555542, 37.652767304], [126.955511173, 37.652779612], [126.955493503, 37.652784859], [126.9554844, 37.652787766], [126.955475442, 37.65279087], [126.955466674, 37.652794247], [126.955457563, 37.652798203], [126.955430692, 37.652810846], [126.955415071, 37.652817444], [126.955407111, 37.652820548], [126.955390715, 37.652826575], [126.955353921, 37.652839738], [126.955343797, 37.65284308], [126.955334334, 37.652845846], [126.955324742, 37.652848319], [126.955315042, 37.652850518], [126.955305155, 37.652852485], [126.95527567, 37.652857671], [126.955266138, 37.652859491], [126.955256726, 37.652861595], [126.955248605, 37.652863757], [126.955208681, 37.652876084], [126.955160048, 37.652890348], [126.955150448, 37.652893398], [126.955099522, 37.65291023], [126.955082754, 37.652915333], [126.9550743, 37.652917691], [126.95506578, 37.652919864], [126.955057589, 37.652921723], [126.955049336, 37.652923383], [126.955041032, 37.652924854], [126.955032687, 37.652926135], [126.955021782, 37.652927499], [126.955010834, 37.652928491], [126.954999852, 37.652929048], [126.954989377, 37.652929109], [126.954978898, 37.652928761], [126.954968436, 37.652928055], [126.954958077, 37.652927018], [126.954947769, 37.652925659], [126.954937533, 37.65292396], [126.954926909, 37.652921793], [126.954916383, 37.652919292], [126.95490595, 37.652916518], [126.954895615, 37.652913503], [126.954885398, 37.652910249], [126.954875331, 37.652906727], [126.954865582, 37.652902878], [126.954854934, 37.652897946], [126.954843767, 37.652892058], [126.954832589, 37.652885427], [126.954821852, 37.652878305], [126.954811913, 37.652871083], [126.954803088, 37.652864181], [126.954795564, 37.652857912], [126.954784879, 37.65284839], [126.954724962, 37.652840147], [126.95471713, 37.652838824], [126.954713427, 37.652837861], [126.954710093, 37.652836437], [126.954710301, 37.652839128], [126.954710451, 37.652841069], [126.954709458, 37.652844368], [126.954708007, 37.652848549], [126.954706078, 37.652853367], [126.95470365, 37.652858576], [126.954700636, 37.65286409], [126.954697235, 37.652869554], [126.954695742, 37.652871724], [126.954693645, 37.652874775], [126.954690077, 37.652879568], [126.954680445, 37.652891576], [126.954674564, 37.652899568], [126.954671913, 37.652903678], [126.954670784, 37.65290567], [126.954669451, 37.652908022], [126.954667208, 37.652912452], [126.954663132, 37.652921475], [126.954650217, 37.652952335], [126.954643701, 37.652967054], [126.954638702, 37.652978345], [126.95462823, 37.653000542], [126.95462383, 37.653009339], [126.954619133, 37.653018018], [126.95461659, 37.653022281], [126.954613395, 37.653027101], [126.954605301, 37.653038047], [126.9545965, 37.653049134], [126.954583546, 37.653064837], [126.954582548, 37.653065379], [126.954580116, 37.653067129], [126.954576571, 37.653069966], [126.954572254, 37.653073777], [126.954567507, 37.653078454], [126.954562711, 37.653083815], [126.954558038, 37.653089735], [126.954553664, 37.653096016], [126.954549759, 37.653102453], [126.954546481, 37.653108836], [126.954543582, 37.653115988], [126.954537983, 37.653135111], [126.954536113, 37.65314074], [126.954536042, 37.653140927], [126.954531827, 37.653151887], [126.954526882, 37.653162854], [126.954524649, 37.653167226], [126.954516098, 37.653183966], [126.95451365, 37.65318925], [126.954511497, 37.653194575], [126.954509764, 37.653199967], [126.954508394, 37.653206227], [126.954507484, 37.653212573], [126.954506447, 37.653221495], [126.954505329, 37.653231122], [126.954499519, 37.653267679], [126.954498859, 37.653271833], [126.954497669, 37.653277708], [126.954496099, 37.653283897], [126.954492064, 37.653297939], [126.954490836, 37.653302214], [126.954489491, 37.653308284], [126.954488769, 37.653314654], [126.954489, 37.653322086], [126.954490038, 37.653330147], [126.954490235, 37.653331206], [126.954491591, 37.65333847], [126.954494857, 37.653353686], [126.954496123, 37.653360399], [126.954496886, 37.653365797], [126.954497263, 37.653370015], [126.954497305, 37.653372769], [126.954497014, 37.653373779], [126.954496508, 37.653374521], [126.954495566, 37.65337698], [126.95449268, 37.653386103], [126.954491128, 37.653391668], [126.954490434, 37.653394156], [126.954485617, 37.653413479], [126.954483263, 37.653423842], [126.954481642, 37.653431629], [126.954479442, 37.653442207], [126.954478074, 37.653449654], [126.954474833, 37.653470687], [126.954473332, 37.653477637], [126.954471183, 37.653484296], [126.95446817, 37.653490499], [126.954464278, 37.653496215], [126.954464063, 37.653496446], [126.954459521, 37.653501317], [126.95445372, 37.65350577], [126.954447142, 37.65350933], [126.95443992, 37.653511869], [126.95443359, 37.653513073], [126.954426996, 37.65351349], [126.954420153, 37.653513144], [126.954413185, 37.653512183], [126.954406122, 37.65351077], [126.954398986, 37.65350903], [126.954387629, 37.65350584], [126.954379132, 37.653503107], [126.954373894, 37.653501422], [126.954345969, 37.653491503], [126.954338293, 37.653489033], [126.954313842, 37.653481696], [126.95430875, 37.653480169], [126.954296373, 37.653475969], [126.954289027, 37.653473144], [126.954281798, 37.653470136], [126.954274663, 37.653466992], [126.954263121, 37.653461642], [126.954252749, 37.653456835], [126.954243782, 37.653453216], [126.95423391, 37.653449868], [126.954223454, 37.653447064], [126.954212739, 37.653445055], [126.954203777, 37.653444097], [126.954195167, 37.653443739], [126.954187202, 37.653443869], [126.954180166, 37.65344437], [126.954173074, 37.653445317], [126.95416842, 37.653446292], [126.95416673, 37.653446975], [126.954165698, 37.653447238], [126.954163009, 37.65344844], [126.954152731, 37.653453657], [126.954119893, 37.653471444], [126.954103586, 37.65347993], [126.954096626, 37.65348322], [126.954089853, 37.653486078], [126.954082936, 37.653488558], [126.95407583, 37.653490528], [126.954069913, 37.653491669], [126.954069237, 37.653491756], [126.954063872, 37.653492451], [126.954057738, 37.653492934], [126.95405154, 37.653493159], [126.954043807, 37.653493137], [126.954036025, 37.653492891], [126.954005706, 37.653491515], [126.953991086, 37.653490673], [126.953983826, 37.653490023], [126.953980483, 37.653489613], [126.953976029, 37.653489067], [126.953945333, 37.653484369], [126.953937792, 37.653483439], [126.953933412, 37.653483047], [126.953920296, 37.653481872], [126.953913311, 37.653480951], [126.95390667, 37.653479445], [126.953901424, 37.653477534], [126.953896411, 37.653475129], [126.953891545, 37.653472383], [126.953876775, 37.653463296], [126.953871165, 37.653460418], [126.953864582, 37.653457918], [126.953857202, 37.653456056], [126.953848447, 37.653454944], [126.95383941, 37.653454661], [126.953830541, 37.653454982], [126.953822291, 37.653455694], [126.953815102, 37.653456596], [126.953809416, 37.653457492], [126.953804304, 37.653458511], [126.953803087, 37.653458314], [126.953800282, 37.653456974], [126.953796241, 37.653454606], [126.953791221, 37.65345122], [126.953785591, 37.653447037], [126.953779604, 37.653442287], [126.953755377, 37.653421747], [126.95375369, 37.653420317], [126.953749585, 37.653417205], [126.953747787, 37.653416011], [126.953745288, 37.653414352], [126.953740737, 37.653411843], [126.953735553, 37.653409621], [126.953730724, 37.653408022], [126.953730089, 37.653407812], [126.95372442, 37.653406354], [126.953718601, 37.65340522], [126.953712672, 37.653404413], [126.953706663, 37.653403962], [126.953703504, 37.653403925], [126.953700929, 37.653403895], [126.953695164, 37.653404125], [126.953689388, 37.653404599], [126.953683616, 37.653405285], [126.953677866, 37.653406169], [126.953672154, 37.653407255], [126.953664974, 37.653408991], [126.953661541, 37.653409821], [126.95365108, 37.653412853], [126.953647446, 37.653414037], [126.953639067, 37.653416764], [126.95362735, 37.653421064], [126.953625906, 37.65342166], [126.95362167, 37.653423409], [126.953616164, 37.653425941], [126.953610898, 37.653428722], [126.953605912, 37.653431805], [126.953601139, 37.653435114], [126.9535872, 37.653445472], [126.953579679, 37.653450674], [126.953574645, 37.653454155], [126.953570188, 37.653457525], [126.95356558, 37.653461458], [126.953560582, 37.653466337], [126.953555785, 37.653471573], [126.953554165, 37.653473498], [126.953551289, 37.653476913], [126.953543597, 37.653486901], [126.953536345, 37.653497172], [126.953534922, 37.653498124], [126.953531284, 37.653501134], [126.953509957, 37.653519004], [126.95350974, 37.653519176], [126.953500205, 37.653526752], [126.9534897, 37.653534451], [126.953478679, 37.653541534], [126.95346768, 37.65354739], [126.953457023, 37.653552008], [126.953447125, 37.653555456], [126.953440943, 37.653557364], [126.953437186, 37.653558524], [126.953427103, 37.653561405], [126.953406685, 37.653566776], [126.953396407, 37.653569301], [126.953377875, 37.653573539], [126.95336962, 37.653575223], [126.953361327, 37.653576703], [126.953352977, 37.653577905], [126.953348869, 37.65357832], [126.953343386, 37.653578876], [126.953333721, 37.653579522], [126.953329776, 37.65357968], [126.953292719, 37.653581168], [126.953281967, 37.653581822], [126.953272571, 37.653582613], [126.953263211, 37.653583625], [126.953253897, 37.653584874], [126.953244186, 37.653586456], [126.953234534, 37.653588279], [126.953224936, 37.65359031], [126.953215396, 37.653592527], [126.953197328, 37.653597207], [126.95317941, 37.653602285], [126.953162667, 37.653607317], [126.953158246, 37.653608738], [126.953146096, 37.653612645], [126.953130323, 37.653618216], [126.953122572, 37.653621202], [126.953114938, 37.65362436], [126.953105494, 37.65362861], [126.953096199, 37.653633077], [126.95306855, 37.653646792], [126.953067985, 37.653647056], [126.953059196, 37.653651153], [126.953049985, 37.653655148], [126.95302196, 37.65366654], [126.95299945, 37.653675934], [126.952991878, 37.653678944], [126.95298289, 37.653682283], [126.952950042, 37.653693883], [126.952901352, 37.653711982], [126.952881213, 37.653719047], [126.952843898, 37.653734465], [126.952810142, 37.653747899], [126.952804124, 37.65375042], [126.952798248, 37.653753095], [126.952792646, 37.653756063], [126.95278971, 37.65375799], [126.952787273, 37.653759588], [126.952782186, 37.653763422], [126.952767354, 37.653775383], [126.952762208, 37.653779152], [126.952759455, 37.65378092], [126.952756219, 37.6537827], [126.952748567, 37.653786287], [126.952740606, 37.653789586], [126.952734156, 37.653792053], [126.952729193, 37.653793953], [126.952727815, 37.653794701], [126.952725617, 37.653797342], [126.952722882, 37.653801667], [126.952720964, 37.653805524], [126.952719525, 37.653808419], [126.952716185, 37.653816735], [126.952713462, 37.653824808], [126.952710989, 37.653833443], [126.952708867, 37.653842358], [126.952705402, 37.653860924], [126.952704875, 37.653863417], [126.952703485, 37.653870002], [126.952701269, 37.653877911], [126.952698339, 37.653885264], [126.952694333, 37.653892613], [126.952689605, 37.653899798], [126.952643628, 37.65396329], [126.952635599, 37.653974746], [126.95262897, 37.653984203], [126.952623449, 37.653991777], [126.952617602, 37.653999104], [126.952611222, 37.65400605], [126.952604929, 37.654011796], [126.952598045, 37.654017086], [126.952589765, 37.654022394], [126.952580948, 37.654027239], [126.952571742, 37.654031741], [126.952562258, 37.654035988], [126.952552576, 37.654040035], [126.952542752, 37.654043917], [126.95252577, 37.654050166], [126.952518652, 37.654052558], [126.952509488, 37.654055341], [126.952500188, 37.654057822], [126.95249076, 37.654059976], [126.952480589, 37.654061891], [126.95247031, 37.654063498], [126.95244955, 37.654066148], [126.952433265, 37.654068031], [126.95240783, 37.654070972], [126.952389374, 37.654073658], [126.952373292, 37.654076467], [126.952356165, 37.654079864], [126.952310033, 37.654089018], [126.952279181, 37.654094578], [126.952268085, 37.654096781], [126.952256365, 37.654099433], [126.952240177, 37.654103404], [126.952218838, 37.654108639], [126.952206686, 37.654111485], [126.952191177, 37.654114902], [126.952186139, 37.654116012], [126.952172174, 37.654118758], [126.952159807, 37.65412177], [126.952150327, 37.654124296], [126.95214533, 37.65412591], [126.952140831, 37.654127763], [126.952136545, 37.654129901], [126.952130276, 37.654133361], [126.952108124, 37.654146153], [126.952101337, 37.654150072], [126.952093235, 37.654154946], [126.952089431, 37.654157531], [126.952087668, 37.654158909], [126.952086053, 37.654160377], [126.952084619, 37.654161973], [126.952083234, 37.654163885], [126.952083168, 37.654163991], [126.952081861, 37.654166117], [126.952079263, 37.654171042], [126.952074886, 37.654180636], [126.952053186, 37.654195389], [126.952037795, 37.65420636], [126.952029994, 37.654212151], [126.952022571, 37.654217889], [126.952015783, 37.654223409], [126.95199883, 37.654237765], [126.95199349, 37.654242039], [126.951982496, 37.654250355], [126.951970676, 37.65425873], [126.951961625, 37.654264877], [126.951933127, 37.654284234], [126.951921172, 37.654293082], [126.951917799, 37.654295833], [126.951915503, 37.654297705], [126.951910144, 37.654302529], [126.951906067, 37.654306638], [126.951902231, 37.654310898], [126.951898617, 37.654315285], [126.951895212, 37.654319784], [126.95189156, 37.654325035], [126.951881071, 37.654340998], [126.95187735, 37.654346192], [126.951873455, 37.65435108], [126.951869286, 37.654355803], [126.951867956, 37.654357167], [126.951864858, 37.654360347], [126.95186017, 37.654364688], [126.951855198, 37.654368782], [126.9518499, 37.654372565], [126.951844144, 37.654376009], [126.95183786, 37.654379119], [126.951830545, 37.654382077], [126.951822149, 37.654384982], [126.951813072, 37.654387815], [126.951794456, 37.654393149], [126.951785184, 37.654395664], [126.951776789, 37.654397741], [126.951770001, 37.654399133], [126.951764648, 37.654399888], [126.951761008, 37.654400025], [126.951759722, 37.654399703], [126.951745489, 37.654408636], [126.951727383, 37.654419997], [126.951725485, 37.654420898], [126.95172313, 37.65442163], [126.951720739, 37.654422105], [126.951717297, 37.654422536], [126.951715345, 37.654422584], [126.951710198, 37.654423682], [126.951703963, 37.654425361], [126.951696279, 37.654427691], [126.951687461, 37.654430604], [126.951679477, 37.654433437], [126.95167782, 37.654434025], [126.951665343, 37.654438781], [126.951652614, 37.654443947], [126.951640144, 37.654449274], [126.951628434, 37.6544545], [126.951603372, 37.654466243], [126.951596017, 37.654469464], [126.951588542, 37.654472433], [126.951583365, 37.65447419], [126.951578592, 37.65447581], [126.951568436, 37.654478679], [126.951558144, 37.654481073], [126.951547773, 37.654482978], [126.951538466, 37.654484232], [126.951529192, 37.654485047], [126.951520011, 37.654485395], [126.951510985, 37.654485212], [126.951502184, 37.654484405], [126.951492997, 37.654482813], [126.951485378, 37.654481243], [126.951475033, 37.654479111], [126.951465958, 37.654478014], [126.951456648, 37.654477985], [126.951447137, 37.654478882], [126.951437478, 37.654480473], [126.951427712, 37.654482578], [126.951417878, 37.654485059], [126.951408008, 37.654487807], [126.951398139, 37.654490744], [126.951378566, 37.654496943], [126.951359591, 37.654503283], [126.951341941, 37.654509469], [126.951333974, 37.654512399], [126.951316759, 37.65451904], [126.95131424, 37.654520012], [126.951312541, 37.654520511], [126.951310589, 37.65452078], [126.951308871, 37.654521217], [126.95130518, 37.654522464], [126.95126924, 37.654536052], [126.951254924, 37.654541269], [126.951250919, 37.654542729], [126.951241369, 37.654545991], [126.951231611, 37.654549092], [126.951221652, 37.654551936], [126.95121137, 37.654554476], [126.951200935, 37.654556737], [126.951190395, 37.654558797], [126.951158986, 37.65456422], [126.951127024, 37.65456926], [126.950987995, 37.654590627], [126.950948251, 37.654614081], [126.950938909, 37.654619888], [126.950930403, 37.654625545], [126.950922342, 37.654631552], [126.950918825, 37.654634507], [126.950902114, 37.654649921], [126.950895145, 37.654655795], [126.950891435, 37.654658523], [126.950887219, 37.654661239], [126.950882807, 37.654663775], [126.950873593, 37.654668489], [126.950859252, 37.654675085], [126.950756939, 37.654719523], [126.950750254, 37.654723686], [126.950740291, 37.654729286], [126.950728303, 37.65473554], [126.950716282, 37.654741498], [126.950668254, 37.654764237], [126.950637375, 37.654779645], [126.950628565, 37.654783905], [126.950618834, 37.654788362], [126.950584506, 37.654803601], [126.95056139, 37.654814678], [126.9505563, 37.654816987], [126.950550494, 37.6548194], [126.950544204, 37.654821774], [126.950537666, 37.654823973], [126.950531526, 37.654825779], [126.950520249, 37.654828591], [126.95050878, 37.654830859], [126.950474673, 37.654832812], [126.950472752, 37.654832498], [126.950448335, 37.654827079], [126.950422495, 37.654821894], [126.950408496, 37.654819447], [126.950394573, 37.654817383], [126.950381325, 37.654815929], [126.950369356, 37.654815313], [126.950358893, 37.654815699], [126.95034833, 37.654817051], [126.950340478, 37.654818635], [126.950337891, 37.654819158], [126.950327571, 37.654821823], [126.950317388, 37.654824903], [126.950288325, 37.654834702], [126.950278584, 37.654837526], [126.950268697, 37.654839748], [126.950260243, 37.654841005], [126.950251682, 37.654841803], [126.95024307, 37.654842269], [126.950216669, 37.654842819], [126.950207592, 37.654843254], [126.950198678, 37.654844276], [126.950189467, 37.654846232], [126.950180399, 37.654848928], [126.95017816, 37.654849724], [126.950171405, 37.654852125], [126.950144198, 37.654862826], [126.950135178, 37.654866132], [126.950125703, 37.654869355], [126.950097588, 37.654878918], [126.950087698, 37.654882412], [126.950077918, 37.654886062], [126.950068301, 37.654889943], [126.950060169, 37.654893511], [126.950036123, 37.654904578], [126.950028002, 37.654908046], [126.950018997, 37.654911511], [126.950009831, 37.654914652], [126.950000544, 37.654917483], [126.949991164, 37.654919992], [126.949966999, 37.65492573], [126.949956834, 37.654928698], [126.949946793, 37.654932078], [126.949936822, 37.654935736], [126.949919169, 37.654942512], [126.949898503, 37.654950444], [126.949869009, 37.654961079], [126.949865725, 37.654962264], [126.949854758, 37.654966317], [126.949844329, 37.654970406], [126.949833922, 37.654974839], [126.949824999, 37.654978972], [126.949814412, 37.654984414], [126.949811582, 37.654986066], [126.949810676, 37.654986781], [126.949729329, 37.655002921], [126.949713403, 37.65501333], [126.949689951, 37.655028658], [126.949661394, 37.655046298], [126.949642595, 37.655064739], [126.949634417, 37.655072763], [126.949586451, 37.655100466], [126.949586125, 37.655100653], [126.949582063, 37.655103], [126.949532686, 37.655117339], [126.949517031, 37.655121885], [126.949482141, 37.655123132], [126.949415535, 37.655123103], [126.949344177, 37.655115507]]}, "properties": {"vcursId": "121500V002", "name": "대남문코스", "distanceKm": "5.8", "durationH": "03", "durationM": "00", "difficulty": "하", "section": "북한산성탐방지원센터~대서문~중성문~대남문"}}, {"type": "Feature", "geometry": {"type": "MultiLineString", "coordinates": [[[127.012229707, 37.721415027], [127.012294298, 37.721323424], [127.012315393, 37.72129274], [127.012325565, 37.721277165], [127.012335446, 37.721261393], [127.012354769, 37.721229665], [127.012431481, 37.721102488], [127.012440734, 37.721086504], [127.01244519, 37.721078467], [127.012449465, 37.721070382], [127.01245349, 37.72106223], [127.012457172, 37.721053989], [127.012460439, 37.721045624], [127.012463362, 37.72103717], [127.012466034, 37.72102865], [127.012470888, 37.721011479], [127.012475378, 37.720994213], [127.012492566, 37.720924934], [127.01249922, 37.72089899], [127.012506373, 37.720872883], [127.012516442, 37.720837998], [127.012534337, 37.720776993], [127.01254227, 37.720750925], [127.012547964, 37.720733667], [127.012551058, 37.720725111], [127.012554406, 37.720716631], [127.012558106, 37.720708255], [127.012562175, 37.720700117], [127.01256659, 37.720692081], [127.012571253, 37.720684119], [127.012576096, 37.720676211], [127.012586122, 37.720660494], [127.012668938, 37.720535504], [127.012684721, 37.72051219], [127.01269561, 37.720496823], [127.012706924, 37.720481984], [127.012712729, 37.720474799], [127.012724633, 37.720460571], [127.012749063, 37.720432422], [127.012767795, 37.720411575], [127.01278067, 37.720397966], [127.012787326, 37.720391327], [127.012794203, 37.720384855], [127.012801379, 37.720378612], [127.012809233, 37.720372407], [127.012817408, 37.720366446], [127.012825817, 37.720360663], [127.012834395, 37.72035501], [127.012851878, 37.720343954], [127.012869619, 37.720333104], [127.012887523, 37.720322407], [127.012905603, 37.720311904], [127.012914739, 37.720306765], [127.012933319, 37.720296861], [127.012942599, 37.720292271], [127.012961455, 37.720283461], [127.012999331, 37.720266234], [127.013008604, 37.72026179], [127.013017687, 37.720257194], [127.013026497, 37.720252376], [127.013034922, 37.720247245], [127.013042823, 37.720241687], [127.013050152, 37.720235547], [127.013056946, 37.72022897], [127.013063348, 37.720222073], [127.013069469, 37.720214945], [127.013081171, 37.720200246], [127.01309248, 37.720185225], [127.013103616, 37.720170064], [127.013136543, 37.720124311], [127.013138402, 37.720121627], [127.013147198, 37.720108932], [127.013157531, 37.720093383], [127.013192704, 37.720038573], [127.013202916, 37.720022998], [127.013213479, 37.720007587], [127.013218982, 37.719999987], [127.01323049, 37.719985118], [127.013242483, 37.719970476], [127.013285592, 37.719919756], [127.013303835, 37.719897903], [127.013315591, 37.719883136], [127.013321302, 37.719875603], [127.013332395, 37.719860377], [127.013348575, 37.71983731], [127.013401492, 37.719759896], [127.013417529, 37.71973678], [127.013428563, 37.719721592], [127.013434291, 37.719714136], [127.013440239, 37.719706825], [127.013446494, 37.719699715], [127.013453169, 37.719692878], [127.01346026, 37.719686457], [127.013467762, 37.719680304], [127.013475565, 37.71967435], [127.013483588, 37.719668538], [127.013500054, 37.719657192], [127.013567506, 37.719612833], [127.01359242, 37.719595898], [127.013608478, 37.719584185], [127.013616208, 37.719578098], [127.013623704, 37.719571781], [127.013638097, 37.719558682], [127.013658875, 37.71953841], [127.01368362, 37.719513369], [127.013686012, 37.71951095], [127.013712859, 37.7194833], [127.01373259, 37.71946233], [127.013745449, 37.719448011], [127.013758082, 37.719433561], [127.013826625, 37.719353553], [127.01384545, 37.719331809], [127.013858191, 37.719317425], [127.01387125, 37.719303229], [127.013877782, 37.71929642], [127.013891123, 37.719282965], [127.013938848, 37.719236496], [127.013941772, 37.719233601], [127.013952324, 37.719223153], [127.013965403, 37.719209624], [127.01397168, 37.719202737], [127.01397769, 37.719195724], [127.013983339, 37.719188541], [127.013988621, 37.719181048], [127.013993533, 37.719173381], [127.013998173, 37.719165586], [127.01400692, 37.719149747], [127.014019361, 37.719125668], [127.014055812, 37.719053016], [127.014076385, 37.719012769], [127.014093756, 37.718979996], [127.014146565, 37.718881916], [127.014163663, 37.718849064], [127.014171534, 37.718833066], [127.014183009, 37.718808965], [127.014232027, 37.718703738], [127.014254739, 37.718653841], [127.014261937, 37.718637125], [127.014265347, 37.718628725], [127.01426856, 37.718620285], [127.0142715, 37.718611789], [127.014274091, 37.718603269], [127.01427641, 37.718594693], [127.014278527, 37.718586077], [127.014282346, 37.718568766], [127.014287327, 37.718542712], [127.014290025, 37.718525343], [127.014291052, 37.718516673], [127.014291751, 37.718508019], [127.014291998, 37.718499388], [127.014291624, 37.718490792], [127.014290487, 37.718482174], [127.014288723, 37.718473591], [127.014286503, 37.718465032], [127.014283955, 37.718456491], [127.014278237, 37.718439444], [127.014272052, 37.718422427], [127.014262338, 37.718396959], [127.014255589, 37.718380061], [127.01424845, 37.718363303], [127.014244639, 37.718355015], [127.014240587, 37.718346819], [127.014236218, 37.718338748], [127.014231577, 37.718330985], [127.014216835, 37.718308171], [127.014212164, 37.718300592], [127.014207907, 37.718292959], [127.014204287, 37.718285231], [127.014201579, 37.718277356], [127.014199958, 37.718268986], [127.014199328, 37.718260449], [127.014199407, 37.718251788], [127.014199982, 37.718243036], [127.014200884, 37.718234217], [127.01420546, 37.71819922], [127.014210483, 37.718157687], [127.014212789, 37.71814116], [127.014214171, 37.718132952], [127.014215801, 37.718124799], [127.014217774, 37.718116724], [127.014220215, 37.718108751], [127.014223357, 37.718100584], [127.014227003, 37.718092528], [127.014231022, 37.718084554], [127.014239797, 37.718068766], [127.014249145, 37.718053105], [127.014263672, 37.71802973], [127.014278509, 37.718006443], [127.014298122, 37.717976181], [127.014307572, 37.717961134], [127.014312064, 37.71795357], [127.0143163, 37.717945962], [127.014320177, 37.71793829], [127.014323558, 37.71793053], [127.014326264, 37.717922651], [127.014328197, 37.717914377], [127.0143294, 37.717905979], [127.014330039, 37.717897492], [127.014330236, 37.717888942], [127.014330067, 37.717880351], [127.014329568, 37.717871739], [127.014328748, 37.717863118], [127.014327566, 37.717854242], [127.014324496, 37.717836507], [127.014317115, 37.717801085], [127.014309097, 37.717765757], [127.014304653, 37.717748201], [127.014302185, 37.717739482], [127.014299455, 37.717730826], [127.014296361, 37.717722259], [127.014292894, 37.717713969], [127.014289075, 37.717705761], [127.014285, 37.717697614], [127.01427636, 37.717681434], [127.014267342, 37.717665348], [127.014258087, 37.717649363], [127.014248549, 37.717633588], [127.014243599, 37.717625854], [127.014238457, 37.717618289], [127.014233036, 37.717610969], [127.014227223, 37.717603993], [127.014220865, 37.717597499], [127.014213757, 37.717591664], [127.014205813, 37.717586675], [127.014197133, 37.717582337], [127.01418791, 37.717578476], [127.014178296, 37.717574963], [127.014168402, 37.717571701], [127.014158313, 37.717568621], [127.014148088, 37.717565675], [127.01412738, 37.717560085], [127.014106459, 37.717554871], [127.014095933, 37.717552447], [127.014085355, 37.717550195], [127.01407471, 37.717548171], [127.014064037, 37.717546432], [127.014042522, 37.717543566], [127.01402088, 37.717541185], [127.013966697, 37.717535809], [127.013945192, 37.717533393], [127.013934543, 37.717531992], [127.013924003, 37.717530381], [127.013913617, 37.717528478], [127.013903441, 37.717526171], [127.013893555, 37.717523313], [127.013883746, 37.717519677], [127.013874238, 37.717515464], [127.013864951, 37.717510832], [127.013855822, 37.717505899], [127.013846804, 37.717500753], [127.013828987, 37.717490059], [127.013811372, 37.717479055], [127.013793971, 37.717467835], [127.013776943, 37.717456329], [127.013768674, 37.7174504], [127.013760655, 37.717444292], [127.013752981, 37.717437933], [127.013746582, 37.717432091], [127.013740454, 37.717426052], [127.013728734, 37.717413582], [127.013717385, 37.71740083], [127.013633966, 37.717305308], [127.013602572, 37.71726827], [127.013546596, 37.717201256], [127.013533977, 37.717186535], [127.013520985, 37.717172169], [127.013514226, 37.717165232], [127.01350719, 37.717158556], [127.01349977, 37.717152242], [127.013491821, 37.717146427], [127.013483437, 37.717141337], [127.013474547, 37.717136726], [127.013465282, 37.717132467], [127.013455747, 37.71712846], [127.013436165, 37.717120928], [127.013386211, 37.717102962], [127.013366436, 37.717095481], [127.013356718, 37.717091532], [127.013347177, 37.717087365], [127.013337882, 37.717082901], [127.013329029, 37.717078158], [127.013320418, 37.717073122], [127.013311994, 37.717067867], [127.013295559, 37.717056892], [127.013279576, 37.717045477], [127.013271767, 37.717039623], [127.013264118, 37.717033659], [127.013256676, 37.717027557], [127.013249509, 37.717021278], [127.01324271, 37.717014767], [127.013236601, 37.717008253], [127.013230833, 37.717001524], [127.013225324, 37.716994637], [127.01321484, 37.716980536], [127.013204823, 37.716966164], [127.01319042, 37.716944296], [127.013181164, 37.716929326], [127.013154113, 37.716883456], [127.013144681, 37.716868383], [127.013139717, 37.716860965], [127.01313451, 37.716853662], [127.013129212, 37.716846748], [127.013123704, 37.716839935], [127.013101004, 37.716812997], [127.013095494, 37.716806187], [127.013090194, 37.716799277], [127.013084828, 37.716791749], [127.01307972, 37.7167841], [127.013070029, 37.716768557], [127.013060745, 37.71675282], [127.013033451, 37.716705323], [127.013019281, 37.71668171], [127.0129994, 37.71665045], [127.012953873, 37.71658041], [127.012939077, 37.716556895], [127.012919956, 37.71652526], [127.012913689, 37.716514606], [127.01290125, 37.716493458], [127.012892226, 37.716477452], [127.012883754, 37.716461285], [127.012879878, 37.716453101], [127.012876348, 37.716444873], [127.012873095, 37.716436573], [127.012870061, 37.716428218], [127.012864551, 37.716411406], [127.012862071, 37.716402966], [127.012859815, 37.716394513], [127.012857842, 37.716386051], [127.012856246, 37.716377584], [127.012855156, 37.716369112], [127.012854746, 37.716360636], [127.012855166, 37.716352083], [127.01285627, 37.716343528], [127.012857873, 37.716334973], [127.012859834, 37.716326417], [127.01286443, 37.716309305], [127.012882297, 37.716249345], [127.012886913, 37.71623213], [127.01288898, 37.716223514], [127.012892727, 37.716206231], [127.012897722, 37.716180233], [127.012900693, 37.716162877], [127.012903225, 37.716145509], [127.012904227, 37.716136821], [127.012904967, 37.716128127], [127.012905355, 37.716119428], [127.012905314, 37.716110726], [127.012904928, 37.716102018], [127.012904293, 37.716093307], [127.012902573, 37.716075875], [127.012899704, 37.71604972], [127.012898194, 37.716032284], [127.012897746, 37.716023569], [127.012897621, 37.716014856], [127.012897895, 37.716006062], [127.012898502, 37.715997271], [127.012900379, 37.715979693], [127.012904087, 37.715953338], [127.012906875, 37.715935785], [127.012909904, 37.71591827], [127.012913348, 37.71590084], [127.012915337, 37.715892181], [127.012917598, 37.71588358], [127.012920236, 37.715875059], [127.012923387, 37.715866489], [127.012926925, 37.715858001], [127.012934761, 37.715841187], [127.012947483, 37.715816173], [127.012986832, 37.715741564], [127.013003998, 37.715708359], [127.013012239, 37.715691665], [127.013016183, 37.71568327], [127.013023241, 37.715666968], [127.013032323, 37.715643175], [127.013043536, 37.715611212], [127.013051625, 37.715587159], [127.013070651, 37.715528757], [127.013079132, 37.715503798], [127.013088285, 37.715479152], [127.013107725, 37.715430301], [127.013113962, 37.715414012], [127.013119615, 37.715397671], [127.013122054, 37.715389466], [127.013124096, 37.715381224], [127.013125604, 37.715372935], [127.013126485, 37.715364269], [127.013126794, 37.71535555], [127.013126686, 37.715346793], [127.013126277, 37.71533801], [127.01312488, 37.715320391], [127.013123062, 37.715302731], [127.013116031, 37.715240818], [127.013114285, 37.715223113], [127.013113006, 37.715205785], [127.013112331, 37.715188853], [127.013112252, 37.715180409], [127.0131124, 37.715171989], [127.013112845, 37.715163605], [127.013113688, 37.715155273], [127.013115057, 37.715147011], [127.013116945, 37.715139266], [127.01311933, 37.715131594], [127.013122113, 37.715123986], [127.013125226, 37.71511644], [127.013128629, 37.715108958], [127.013132306, 37.715101547], [127.013136262, 37.715094221], [127.013140531, 37.715086999], [127.013145239, 37.715079738], [127.013150221, 37.715072577], [127.013155389, 37.715065481], [127.013176619, 37.715037277], [127.01318674, 37.715023043], [127.013196236, 37.715008641], [127.013205254, 37.714994062], [127.013213739, 37.714979315], [127.013217714, 37.714971864], [127.013221445, 37.714964347], [127.01322486, 37.714956745], [127.013228026, 37.714948712], [127.013230858, 37.714940591], [127.013233441, 37.714932403], [127.013238103, 37.7149159], [127.013242336, 37.71489929], [127.013248111, 37.71487427], [127.013251482, 37.714857524], [127.013254443, 37.714839843], [127.013257016, 37.714822119], [127.013261648, 37.71478662], [127.013264764, 37.714759982], [127.013266478, 37.714742215], [127.013267129, 37.714733326], [127.013267572, 37.714724432], [127.013267758, 37.714715949], [127.013267753, 37.71470746], [127.013267364, 37.714690473], [127.013265597, 37.714647994], [127.013265077, 37.714631019], [127.013265039, 37.714614073], [127.013265334, 37.714605619], [127.013265943, 37.714597185], [127.013266959, 37.714588563], [127.0132683, 37.714579961], [127.013271635, 37.714562796], [127.013275473, 37.714545661], [127.0132962, 37.714460039], [127.013312168, 37.71439269], [127.013316507, 37.714376489], [127.013318964, 37.71436847], [127.013321717, 37.714360534], [127.013324868, 37.714352708], [127.01332868, 37.714344657], [127.01333291, 37.714336721], [127.013337423, 37.71432886], [127.013356303, 37.714297628], [127.013352113, 37.714297274], [127.013277401, 37.714291662], [127.013256245, 37.714289623], [127.013245769, 37.714288356], [127.013235402, 37.714286835], [127.013225182, 37.714284962], [127.013215165, 37.714282613], [127.013205088, 37.714279587], [127.013195225, 37.714276059], [127.013185518, 37.714272163], [127.013175927, 37.714267999], [127.013166419, 37.714263643], [127.013147587, 37.714254545], [127.013128973, 37.714245093], [127.01311977, 37.714240244], [127.013101707, 37.714230206], [127.013092938, 37.714224937], [127.013084436, 37.714219422], [127.013076662, 37.714213902], [127.013069136, 37.714208154], [127.013061799, 37.714202238], [127.013054609, 37.714196194], [127.013040575, 37.71418383], [127.013026971, 37.714171186], [127.013020368, 37.714164755], [127.013013947, 37.714158237], [127.013007764, 37.714151602], [127.013001902, 37.714144818], [127.012996464, 37.714137834], [127.012991424, 37.714130443], [127.01298682, 37.714122848], [127.012982531, 37.714115106], [127.012978465, 37.714107259], [127.012959197, 37.714067485], [127.012950975, 37.714051757], [127.012946498, 37.714044037], [127.012941843, 37.714036691], [127.012936917, 37.714029456], [127.012931776, 37.714022311], [127.012920997, 37.714008252], [127.012909641, 37.713994506], [127.012903724, 37.713987784], [127.012897605, 37.713981198], [127.012891231, 37.713974791], [127.012884526, 37.713968619], [127.01287701, 37.713962395], [127.012869139, 37.713956426], [127.012861009, 37.713950644], [127.012852694, 37.713944995], [127.012835714, 37.713933951], [127.012809825, 37.71391769], [127.01274028, 37.713874761], [127.012608019, 37.713794824], [127.012590344, 37.713784234], [127.012572551, 37.71377384], [127.012554495, 37.713763887], [127.01254529, 37.713759207], [127.012535901, 37.713754831], [127.012526262, 37.713750872], [127.012516183, 37.713747377], [127.012505847, 37.71374431], [127.012495325, 37.713741552], [127.01248467, 37.713739016], [127.01246311, 37.713734363], [127.01244137, 37.713730006], [127.012354076, 37.713713104], [127.012234205, 37.713689583], [127.012201446, 37.713683681], [127.012190489, 37.713681944], [127.012179501, 37.713680404], [127.01216847, 37.713679135], [127.01215795, 37.713678234], [127.012147389, 37.713677579], [127.012126191, 37.71367675], [127.012064249, 37.713675366], [127.012062406, 37.713675325], [127.012041198, 37.713674392], [127.012030625, 37.71367367], [127.01200933, 37.713671577], [127.011956243, 37.713665232], [127.0119456, 37.713664207], [127.011934932, 37.71366341], [127.011923844, 37.713662883], [127.011912731, 37.713662604], [127.011901599, 37.713662501], [127.011845963, 37.713662662], [127.011834919, 37.713662439], [127.011823944, 37.713661956], [127.01181307, 37.713661101], [127.011802335, 37.713659725], [127.011792674, 37.713657899], [127.011783153, 37.713655594], [127.011773759, 37.713652894], [127.011764494, 37.713649852], [127.011755364, 37.713646496], [127.011745657, 37.713642539], [127.011736082, 37.713638321], [127.011726601, 37.713633916], [127.011707823, 37.71362476], [127.011605494, 37.713572767], [127.011577427, 37.713558843], [127.011558539, 37.713549803], [127.01153953, 37.713541113], [127.011520371, 37.713532627], [127.011433723, 37.713494995], [127.011414641, 37.713486409], [127.011395834, 37.713477491], [127.011386605, 37.713472821], [127.01137755, 37.713467947], [127.011368902, 37.713462944], [127.01136042, 37.713457745], [127.011343788, 37.713446963], [127.011302881, 37.713419545], [127.011294638, 37.713414317], [127.011286315, 37.713409322], [127.011277873, 37.713404661], [127.011269262, 37.713400471], [127.011260419, 37.713396931], [127.011251258, 37.713394266], [127.011241454, 37.713392636], [127.01123132, 37.713391924], [127.011220941, 37.713391887], [127.011210387, 37.713392337], [127.011199708, 37.713393131], [127.011178116, 37.713395362], [127.011112658, 37.713403502], [127.011090761, 37.713405923], [127.011079794, 37.713406951], [127.011068809, 37.713407797], [127.011046825, 37.713408872], [127.011013727, 37.713409591], [127.010936226, 37.713410134], [127.010914262, 37.713410017], [127.01090342, 37.713409799], [127.010892738, 37.713409395], [127.010882295, 37.713408717], [127.010872193, 37.713407647], [127.010862572, 37.713406021], [127.010853619, 37.713403624], [127.010845577, 37.713400174], [127.010838653, 37.713395453], [127.010832637, 37.713389682], [127.010827286, 37.713383141], [127.010822414, 37.713376046], [127.010817881, 37.713368556], [127.010813581, 37.713360794], [127.010809442, 37.713352845], [127.010801429, 37.713336628], [127.01077017, 37.713270928], [127.010758959, 37.713246298], [127.010755478, 37.713238055], [127.010752225, 37.713229777], [127.010749287, 37.713221449], [127.010746777, 37.713213047], [127.01074484, 37.713204808], [127.010743311, 37.7131965], [127.010741065, 37.713179746], [127.010737109, 37.713137649], [127.010736179, 37.713129289], [127.010735057, 37.713120986], [127.010733658, 37.713112768], [127.010731861, 37.713104666], [127.010729521, 37.713096726], [127.010726446, 37.713089004], [127.010722277, 37.713081203], [127.01071731, 37.713073637], [127.010711761, 37.713066243], [127.010705793, 37.713058973], [127.010699531, 37.71305179], [127.010686457, 37.713037583], [127.010645931, 37.712995304], [127.010632539, 37.712981126], [127.010612785, 37.712959427], [127.010593416, 37.712937392], [127.010574248, 37.712915245], [127.010542494, 37.712878201], [127.01049825, 37.712826144], [127.010479064, 37.712804072], [127.010472518, 37.712796873], [127.010465829, 37.712789826], [127.010458931, 37.712782998], [127.010451737, 37.712776486], [127.010444125, 37.712770413], [127.010435941, 37.712764945], [127.010427105, 37.71276024], [127.010417701, 37.712756135], [127.010407883, 37.712752466], [127.010397771, 37.712749109], [127.01038745, 37.712745973], [127.010376988, 37.712742986], [127.010355806, 37.712737283], [127.01023827, 37.712707059], [127.010206196, 37.712698975], [127.01015271, 37.71268617], [127.010002711, 37.712651066], [127.009970754, 37.712643138], [127.009949656, 37.712637403], [127.009939276, 37.712634327], [127.009918678, 37.712627816], [127.009888, 37.71261757], [127.009673978, 37.712544193], [127.009633409, 37.712529916], [127.009613388, 37.712522377], [127.009603511, 37.712518404], [127.009593862, 37.712514292], [127.009574827, 37.712505668], [127.009546632, 37.712492186], [127.009509315, 37.712473804], [127.009481518, 37.712459786], [127.009463203, 37.712450201], [127.009445252, 37.712440215], [127.009427917, 37.712429683], [127.009402541, 37.712413187], [127.009360788, 37.712385117], [127.009344018, 37.712374019], [127.00932703, 37.712363271], [127.009318384, 37.71235814], [127.009309578, 37.712353263], [127.009300555, 37.712348734], [127.009291232, 37.712344682], [127.009281407, 37.712341163], [127.009271275, 37.71233813], [127.009260921, 37.712335454], [127.009250407, 37.712333035], [127.009229071, 37.712328683], [127.009207516, 37.712324682], [127.009099202, 37.712305526], [127.008926549, 37.712274558], [127.008883151, 37.712267207], [127.008818674, 37.71225673], [127.008775615, 37.712250071], [127.008754022, 37.712247045], [127.008743195, 37.712245681], [127.008732059, 37.712244419], [127.008709722, 37.712242203], [127.008653748, 37.712237368], [127.008631416, 37.712235311], [127.008609233, 37.712232844], [127.008598247, 37.712231325], [127.008587371, 37.712229506], [127.008576647, 37.712227276], [127.008566271, 37.71222459], [127.008556043, 37.712221501], [127.008545923, 37.71221812], [127.008535881, 37.712214528], [127.00851706, 37.712207357], [127.008515953, 37.712206935], [127.008486335, 37.712194962], [127.008466837, 37.712186667], [127.008457223, 37.71218238], [127.008447752, 37.712177953], [127.008438481, 37.71217333], [127.008429488, 37.712168435], [127.008420876, 37.712163168], [127.008412804, 37.712157506], [127.008405106, 37.712151476], [127.008397686, 37.712145176], [127.008383388, 37.712132044], [127.008369504, 37.712118507], [127.008335209, 37.712084325], [127.008321215, 37.712071057], [127.008314033, 37.712064679], [127.008306653, 37.712058575], [127.008298997, 37.712052855], [127.008290958, 37.712047667], [127.0082824, 37.712043201], [127.00827315, 37.712039589], [127.008263375, 37.71203671], [127.008253214, 37.712034365], [127.008242774, 37.712032409], [127.008232136, 37.712030729], [127.008221357, 37.712029244], [127.008199544, 37.712026632], [127.008122432, 37.712018557], [127.008100511, 37.712016096], [127.00807885, 37.712013265], [127.008068201, 37.712011593], [127.008057742, 37.71200965], [127.008047549, 37.712007329], [127.008037724, 37.712004483], [127.0080284, 37.712000924], [127.008020008, 37.711996681], [127.008012083, 37.711991773], [127.008004502, 37.711986372], [127.00799717, 37.711980613], [127.007990014, 37.7119746], [127.007976011, 37.711962112], [127.00795519, 37.711942981], [127.007941047, 37.711930391], [127.007933782, 37.711924253], [127.00792632, 37.711918279], [127.007918125, 37.711912146], [127.007909707, 37.711906198], [127.007901125, 37.711900389], [127.007874796, 37.711883465], [127.00784806, 37.7118669], [127.007776448, 37.711823037], [127.007749881, 37.711806361], [127.007732564, 37.711794921], [127.007724135, 37.711789014], [127.007715937, 37.711782919], [127.00770807, 37.711776632], [127.007700433, 37.711770157], [127.007685613, 37.711756838], [127.007663966, 37.71173638], [127.007564253, 37.711639849], [127.007450093, 37.711529691], [127.007449194, 37.71152877], [127.007446111, 37.711527013], [127.007441086, 37.711524611], [127.007434339, 37.711521799], [127.007424915, 37.711518402], [127.007413986, 37.711514951], [127.007402008, 37.711511561], [127.007389455, 37.711508324], [127.007376805, 37.711505315], [127.007363991, 37.711502483], [127.007331692, 37.711495774], [127.007321794, 37.711493422], [127.007312097, 37.711490774], [127.007302676, 37.711487724], [127.007293621, 37.711484132], [127.007285353, 37.711480092], [127.007277399, 37.711475578], [127.007269655, 37.711470735], [127.007262039, 37.711465673], [127.007238697, 37.711449653], [127.007221958, 37.711438666], [127.007213384, 37.71143336], [127.007204521, 37.711428151], [127.007186465, 37.711418052], [127.007124368, 37.711383815], [127.007105827, 37.711373923], [127.007087136, 37.711364307], [127.00706825, 37.711355168], [127.007058695, 37.711350911], [127.007049028, 37.711346976], [127.00703921, 37.711343491], [127.007029777, 37.711340746], [127.007020179, 37.711338622], [127.00701042, 37.711337239], [127.007000811, 37.71133669], [127.006991084, 37.711336763], [127.006981273, 37.711337265], [127.006951569, 37.711339778], [127.006941642, 37.711340484], [127.006931732, 37.711340884], [127.006921859, 37.71134081], [127.006911862, 37.711340109], [127.006901929, 37.711338855], [127.006892066, 37.711337155], [127.006882289, 37.711335078], [127.006872623, 37.711332664], [127.006863102, 37.711329922], [127.006853775, 37.711326834], [127.006844705, 37.711323348], [127.00683598, 37.711319381], [127.006827176, 37.711314574], [127.006818748, 37.711309268], [127.006810594, 37.711303602], [127.006802637, 37.711297678], [127.0067871, 37.711285346], [127.006764321, 37.711266246], [127.006742124, 37.711246794], [127.006734969, 37.711240217], [127.00672803, 37.711233565], [127.006721398, 37.711226803], [127.006715199, 37.71121989], [127.006709596, 37.711212768], [127.006704808, 37.711205359], [127.006700966, 37.711197502], [127.006697944, 37.711189375], [127.006695488, 37.711181084], [127.006689556, 37.711156206], [127.006687467, 37.711148269], [127.006685004, 37.711140741], [127.00668192, 37.711133819], [127.006677901, 37.711127758], [127.006675668, 37.711125354], [127.00666968, 37.711120437], [127.006662497, 37.711115885], [127.006654415, 37.711111598], [127.006645636, 37.711107489], [127.006635194, 37.711103083], [127.006623066, 37.711098298], [127.006609928, 37.711093324], [127.006583284, 37.711083589], [127.006552195, 37.711072511], [127.006546817, 37.711070548], [127.006545079, 37.711069751], [127.006500158, 37.711060912], [127.00645391, 37.711052042], [127.006438844, 37.71104897], [127.006429109, 37.711046636], [127.006424435, 37.711045289], [127.006419965, 37.711043753], [127.006415781, 37.71104195], [127.006411995, 37.71103978], [127.006408743, 37.711037204], [127.006405878, 37.711034267], [127.006403296, 37.711031068], [127.006400919, 37.711027679], [127.006396559, 37.711020536], [127.006390503, 37.711009372], [127.00636107, 37.710952761], [127.006360829, 37.710951418], [127.006360346, 37.710940943], [127.006359759, 37.710932911], [127.006358754, 37.710923724], [127.006357189, 37.710913907], [127.006354918, 37.710903995], [127.006351776, 37.710894531], [127.006347589, 37.710886071], [127.006342174, 37.71087917], [127.006335066, 37.710874048], [127.006326916, 37.710870498], [127.006317912, 37.710867551], [127.00630832, 37.710865018], [127.006298331, 37.710862764], [127.006277659, 37.710858732], [127.006235428, 37.710851185], [127.00621448, 37.710847185], [127.006193975, 37.710842737], [127.006183987, 37.710840255], [127.006168408, 37.710836078], [127.006160573, 37.710834236], [127.006150894, 37.710832503], [127.00614102, 37.710831203], [127.00610064, 37.710827327], [127.006090536, 37.710825993], [127.006080003, 37.710824164], [127.006069534, 37.710821965], [127.006059112, 37.710819494], [127.006048722, 37.710816826], [127.005996844, 37.710802486], [127.005986401, 37.710799752], [127.005975902, 37.710797195], [127.005965324, 37.710794895], [127.005955023, 37.710792981], [127.005944654, 37.710791329], [127.005934238, 37.710789888], [127.005913363, 37.710787539], [127.005902946, 37.710786628], [127.005892577, 37.710785926], [127.005882286, 37.710785485], [127.005872113, 37.710785389], [127.005862106, 37.710785749], [127.005852328, 37.71078672], [127.005842856, 37.710788507], [127.005834898, 37.710790859], [127.005827154, 37.710793818], [127.005819535, 37.710797201], [127.005777037, 37.710818235], [127.005758756, 37.710827564], [127.005742007, 37.710836646], [127.005734817, 37.710840795], [127.00570817, 37.710856176], [127.005699451, 37.71086091], [127.005690638, 37.710865145], [127.00568164, 37.71086863], [127.005672345, 37.710871049], [127.005662966, 37.710872136], [127.005653288, 37.710872202], [127.005643385, 37.710871519], [127.005633318, 37.710870309], [127.005623136, 37.710868742], [127.005592205, 37.710863201], [127.005581841, 37.710861437], [127.005571479, 37.71085989], [127.005561131, 37.710858684], [127.005550816, 37.710857965], [127.005540549, 37.710857909], [127.005529843, 37.710858698], [127.005519201, 37.710860147], [127.005487609, 37.710865854], [127.005477203, 37.710867399], [127.005466883, 37.710868318], [127.005456673, 37.710868277], [127.005446624, 37.710867013], [127.005436681, 37.710864739], [127.005426814, 37.710861727], [127.005417002, 37.71085818], [127.005407227, 37.710854256], [127.005397479, 37.710850069], [127.005378027, 37.710841219], [127.005280915, 37.710795029], [127.005222579, 37.71076753], [127.005164129, 37.710740201], [127.005056748, 37.710690354], [127.005037748, 37.710681104], [127.00502853, 37.710676367], [127.005019617, 37.710671502], [127.005011136, 37.710666457], [127.005003253, 37.710661157], [127.004996193, 37.710655506], [127.004990242, 37.710649375], [127.004986586, 37.710644313], [127.004983432, 37.710638991], [127.004977308, 37.71062797], [127.004972615, 37.710620796], [127.004967301, 37.710613662], [127.004961524, 37.710606559], [127.004955421, 37.710599473], [127.004929776, 37.710571028], [127.004923496, 37.710563801], [127.004917452, 37.710556485], [127.004911752, 37.710549049], [127.004897056, 37.710527967], [127.004892446, 37.710522044], [127.004887552, 37.710516371], [127.004882371, 37.710511005], [127.004876879, 37.710506027], [127.0048694, 37.710500436], [127.004861387, 37.710495906], [127.004852566, 37.710492007], [127.004843146, 37.710488592], [127.004833289, 37.710485566], [127.004823119, 37.710482873], [127.00481273, 37.7104805], [127.004802196, 37.710478482], [127.004791314, 37.710476953], [127.004778885, 37.710476385], [127.004765315, 37.71047706], [127.004751916, 37.710478959], [127.004738604, 37.710481788], [127.004725905, 37.71048516], [127.004714344, 37.710488701], [127.004704448, 37.71049205], [127.004690089, 37.710497296], [127.004580169, 37.710482585], [127.004547367, 37.710477722], [127.00453655, 37.7104759], [127.004525822, 37.710473903], [127.004515218, 37.710471662], [127.004504783, 37.710469087], [127.004494579, 37.710466059], [127.004484778, 37.710462536], [127.004475197, 37.710458582], [127.004465774, 37.710454318], [127.004447231, 37.710445195], [127.004419797, 37.710430766], [127.004347089, 37.710391402], [127.004319712, 37.710376803], [127.004301295, 37.710367308], [127.004291993, 37.710362698], [127.004282593, 37.71035823], [127.004273062, 37.710353953], [127.004263572, 37.71034999], [127.004253953, 37.710346214], [127.004234461, 37.710339035], [127.004204868, 37.710328819], [127.004175039, 37.7103191], [127.004154999, 37.710313083], [127.004144902, 37.710310325], [127.004134731, 37.710307821], [127.004124456, 37.710305659], [127.004114108, 37.71030392], [127.00410366, 37.710302521], [127.004093136, 37.710301372], [127.004082559, 37.710300406], [127.004061299, 37.710298831], [127.004018591, 37.710296389], [127.003975806, 37.710294537], [127.003931008, 37.710293488], [127.003762977, 37.710290853], [127.003729453, 37.710290717], [127.00371832, 37.710290879], [127.003707224, 37.710291232], [127.00369618, 37.710291859], [127.003685214, 37.710292876], [127.003674941, 37.710294289], [127.003664743, 37.710296074], [127.003654598, 37.710298143], [127.003644041, 37.710300548], [127.003619216, 37.710306859], [127.003592688, 37.710314062], [127.00354431, 37.710327585], [127.003543499, 37.710329084], [127.00354094, 37.710332933], [127.003536787, 37.710338627], [127.003531188, 37.710345642], [127.003524286, 37.710353451], [127.003516209, 37.710361514], [127.003507078, 37.710369283], [127.003497424, 37.710376066], [127.003487447, 37.710381997], [127.00347774, 37.710387049], [127.003460259, 37.710395511], [127.003451381, 37.710400386], [127.003442712, 37.710405587], [127.003434198, 37.710411025], [127.00341747, 37.710422353], [127.003400971, 37.710434018], [127.003376404, 37.710451773], [127.003286651, 37.710517283], [127.003262378, 37.710535305], [127.003246449, 37.710547508], [127.003230948, 37.710560019], [127.003223457, 37.71056646], [127.003209268, 37.710579611], [127.003188617, 37.710599665], [127.003181659, 37.710606222], [127.003174553, 37.710612602], [127.003167212, 37.71061872], [127.003159534, 37.710624466], [127.003151386, 37.710629698], [127.003143405, 37.710633949], [127.003135024, 37.710637769], [127.003126356, 37.710641284], [127.003117495, 37.710644598], [127.003090411, 37.710654211], [127.003072372, 37.710660778], [127.003054652, 37.710667434], [127.003043566, 37.710671867], [127.003034803, 37.710675951], [127.003026248, 37.710680391], [127.003000749, 37.710694254], [127.002991937, 37.710698538], [127.002982295, 37.710702621], [127.002972349, 37.710706326], [127.002962178, 37.710709749], [127.002951841, 37.710712966], [127.002930839, 37.710718995], [127.002898907, 37.710727505], [127.002834673, 37.71074407], [127.002813441, 37.710749756], [127.002802948, 37.710752712], [127.002792592, 37.710755796], [127.002782437, 37.710759063], [127.002772563, 37.710762589], [127.002763087, 37.710766478], [127.002754157, 37.710770867], [127.002745969, 37.710775935], [127.002738912, 37.710781607], [127.002732509, 37.710787884], [127.002726531, 37.71079457], [127.002709235, 37.710815447], [127.002703089, 37.710822181], [127.002697003, 37.710828088], [127.002690546, 37.710833659], [127.002683755, 37.710838862], [127.002676652, 37.710843634], [127.002669233, 37.710847883], [127.002661472, 37.710851476], [127.002653321, 37.710854242], [127.002643645, 37.710856218], [127.002633553, 37.710857279], [127.002623188, 37.710857777], [127.002602084, 37.710858299], [127.002591541, 37.710858896], [127.002581128, 37.710860129], [127.00257093, 37.710862241], [127.002560906, 37.710865099], [127.002551013, 37.710868509], [127.002541214, 37.710872321], [127.002531479, 37.710876415], [127.002521782, 37.7108807], [127.002482921, 37.710898405], [127.002473245, 37.710902625], [127.00245371, 37.710910819], [127.002432629, 37.71091934], [127.002407163, 37.7109294], [127.002344804, 37.710953662], [127.002279066, 37.710965322], [127.002239556, 37.710972623], [127.00221842, 37.710976909], [127.002197724, 37.710981651], [127.002187502, 37.710984321], [127.002176919, 37.710987389], [127.002166428, 37.710990676], [127.00214561, 37.710997644], [127.002129615, 37.711003145], [127.002104096, 37.71101192], [127.002083122, 37.711018608], [127.002072635, 37.71102165], [127.002051459, 37.711027273], [127.002030093, 37.711032415], [127.002008571, 37.711037043], [127.001997739, 37.71103909], [127.001986846, 37.71104088], [127.001976238, 37.711042316], [127.001965573, 37.711043511], [127.001944128, 37.71104541], [127.00194135, 37.711045605], [127.001922592, 37.711046922], [127.001900784, 37.711048252], [127.001860719, 37.711050475], [127.001792985, 37.711054232], [127.001791141, 37.711054579], [127.001785856, 37.711055187], [127.001767245, 37.711056928], [127.001741656, 37.711058791], [127.001727644, 37.711059528], [127.001713702, 37.711060029], [127.001676941, 37.711060915], [127.001666542, 37.71106145], [127.001656211, 37.71106238], [127.001645923, 37.71106381], [127.001635708, 37.711065648], [127.001625557, 37.711067792], [127.001615462, 37.711070162], [127.00159547, 37.711075428], [127.00158561, 37.711078289], [127.001575885, 37.711081317], [127.001566345, 37.71108454], [127.001557061, 37.711088014], [127.00154813, 37.711091814], [127.001539678, 37.711096047], [127.001531869, 37.711100852], [127.001525382, 37.711105875], [127.001519505, 37.711111388], [127.001514167, 37.711117277], [127.001509327, 37.71112345], [127.001504982, 37.711129837], [127.001501153, 37.711136377], [127.00149149, 37.711156047], [127.001487838, 37.711162102], [127.001483385, 37.71116761], [127.001477136, 37.711172933], [127.001469747, 37.711177487], [127.001461499, 37.711181397], [127.001452613, 37.711184734], [127.001443252, 37.711187517], [127.001435487, 37.711189334], [127.001427553, 37.711190758], [127.001419496, 37.711191756], [127.001411354, 37.711192265], [127.001401925, 37.711192208], [127.001392467, 37.711191646], [127.001364287, 37.711189029], [127.001355079, 37.711188499], [127.001346031, 37.711188486], [127.001337197, 37.711189227], [127.001328485, 37.711190919], [127.001319902, 37.711193296], [127.001302528, 37.711198773], [127.001292729, 37.711201493], [127.001282642, 37.711203934], [127.001272343, 37.711206134], [127.001261887, 37.711208117], [127.001251321, 37.711209886], [127.001240681, 37.711211426], [127.001229993, 37.711212698], [127.00121928, 37.71121364], [127.001208562, 37.711214158], [127.001197854, 37.711214124], [127.001187345, 37.711213453], [127.001176856, 37.711212274], [127.001166383, 37.711210747], [127.001124526, 37.711203518], [127.001114046, 37.711201961], [127.001103546, 37.711200734], [127.001093015, 37.711199986], [127.001082336, 37.711199834], [127.001071624, 37.711200173], [127.001060885, 37.711200852], [127.001006902, 37.711205732], [127.000967872, 37.711208254], [127.000958259, 37.711209148], [127.000948768, 37.711210359], [127.000939447, 37.711212027], [127.000930299, 37.711214269], [127.000921346, 37.71121699], [127.000912568, 37.711220074], [127.000903958, 37.711223424], [127.000895523, 37.711226964], [127.000887284, 37.711230635], [127.000850716, 37.711248121], [127.000844348, 37.711250895], [127.000833827, 37.711254475], [127.000828742, 37.711256563], [127.000822402, 37.711260337], [127.000816187, 37.711265147], [127.000810017, 37.711270645], [127.000797501, 37.711282509], [127.000790981, 37.711288311], [127.000784141, 37.711293627], [127.000776838, 37.711298113], [127.000768888, 37.711301355], [127.000761175, 37.711302908], [127.000752925, 37.711303425], [127.000744259, 37.711303182], [127.000734517, 37.711302313], [127.000724504, 37.711301001], [127.000703972, 37.71129758], [127.0006727, 37.711291901], [127.000662306, 37.711290196], [127.000651986, 37.711288742], [127.000641783, 37.711287661], [127.000631748, 37.711287109], [127.000621941, 37.711287284], [127.000612442, 37.711288442], [127.00060331, 37.711290774], [127.000594422, 37.71129402], [127.000585632, 37.711297853], [127.000516154, 37.711330581], [127.000498893, 37.711339141], [127.000472852, 37.7113525], [127.0004641, 37.71135661], [127.000455192, 37.711360311], [127.000446042, 37.71136342], [127.000436384, 37.711365819], [127.000426459, 37.711367492], [127.000416341, 37.711368517], [127.00040609, 37.711368917], [127.000395945, 37.711368714], [127.000385744, 37.711368035], [127.000375504, 37.711366995], [127.000365243, 37.711365673], [127.000354972, 37.711364128], [127.000334452, 37.711360477], [127.000324226, 37.711358386], [127.000303042, 37.711353499], [127.000250632, 37.711340302], [127.000240305, 37.711337875], [127.000230087, 37.711335676], [127.000220031, 37.711333819], [127.000210205, 37.711332449], [127.000200704, 37.711331768], [127.000191653, 37.711332037], [127.000183221, 37.711333596], [127.000176378, 37.711336309], [127.000170121, 37.71134011], [127.000164415, 37.711344788], [127.000159257, 37.711350184], [127.000153913, 37.711357234], [127.000149137, 37.71136487], [127.000144745, 37.711372902], [127.000128393, 37.711406376], [127.000124025, 37.711414548], [127.00011928, 37.711422412], [127.000113975, 37.711429809], [127.000107878, 37.71143654], [127.000101949, 37.711441549], [127.000095362, 37.711445897], [127.000088198, 37.711449541], [127.000080504, 37.711452393], [127.000071286, 37.711454575], [127.000061593, 37.711455855], [127.000051568, 37.711456431], [127.000041318, 37.71145644], [127.000030928, 37.711455967], [127.000019975, 37.711455039], [126.999986933, 37.711451182], [126.999975913, 37.711450045], [126.999964904, 37.711449235], [126.999953916, 37.711448925], [126.999943127, 37.711449239], [126.999932361, 37.711450042], [126.999921619, 37.711451169], [126.999889558, 37.711455122], [126.999878941, 37.711456196], [126.999868375, 37.71145691], [126.999857871, 37.711457088], [126.999847697, 37.711456649], [126.999827293, 37.711455101], [126.999816588, 37.711454597], [126.999794894, 37.711454311], [126.999762165, 37.711454343], [126.999751342, 37.711454097], [126.999740631, 37.711453526], [126.999730088, 37.711452464], [126.999719783, 37.711450711], [126.999710638, 37.711448363], [126.999701694, 37.711445425], [126.99969289, 37.711442061], [126.999684178, 37.711438408], [126.999658176, 37.711426804], [126.999649425, 37.711423042], [126.999640564, 37.711419496], [126.999631995, 37.711416386], [126.999623345, 37.711413494], [126.999592881, 37.711403969], [126.99958361, 37.711400633], [126.999574451, 37.7113969], [126.999565372, 37.711392864], [126.99952501, 37.711373401], [126.999512841, 37.711367737], [126.999500553, 37.711362254], [126.999488616, 37.711357238], [126.999477514, 37.711352949], [126.999467736, 37.71134957], [126.999459941, 37.711347179], [126.999454753, 37.711345815], [126.999452777, 37.711345555], [126.99943036, 37.711334186], [126.999419995, 37.711328703], [126.999408887, 37.711322546], [126.999397616, 37.711315904], [126.999386776, 37.71130896], [126.999376968, 37.711301894], [126.999368787, 37.711294881], [126.999362554, 37.711288022], [126.99935716, 37.711280907], [126.999352187, 37.711273514], [126.999347502, 37.711265932], [126.999343007, 37.711258224], [126.999325676, 37.711226888], [126.999316761, 37.711211276], [126.999312079, 37.711203564], [126.999307164, 37.711195951], [126.999302043, 37.711188569], [126.999291179, 37.711174074], [126.99927401, 37.71115271], [126.999256335, 37.711131583], [126.999238241, 37.711110693], [126.999225758, 37.711097024], [126.999219297, 37.711090327], [126.999212449, 37.711083566], [126.999205435, 37.711076909], [126.999191074, 37.711063801], [126.999161701, 37.711037996], [126.999139353, 37.711018879], [126.999124205, 37.711006352], [126.999116489, 37.711000216], [126.999108629, 37.710994211], [126.999100569, 37.710988387], [126.999092337, 37.710982828], [126.99908391, 37.710977448], [126.999066661, 37.710967043], [126.999040244, 37.710951946], [126.999013458, 37.710937279], [126.998995342, 37.71092789], [126.998986151, 37.710923407], [126.998976824, 37.710919139], [126.998967315, 37.710915162], [126.998957825, 37.710911626], [126.99894816, 37.710908372], [126.998928471, 37.710902439], [126.998908491, 37.710896984], [126.998878226, 37.710889323], [126.998857906, 37.710884521], [126.998836651, 37.710879834], [126.998815307, 37.710875351], [126.998729767, 37.71085791], [126.998708687, 37.710853259], [126.998698323, 37.710850757], [126.998688153, 37.710848063], [126.998678257, 37.710845094], [126.998668742, 37.710841744], [126.998659755, 37.710837865], [126.998651482, 37.71083327], [126.998643987, 37.710827735], [126.998637208, 37.710821479], [126.998630934, 37.710814713], [126.998624998, 37.710807602], [126.998607898, 37.710785457], [126.998602044, 37.710778165], [126.998595907, 37.710771101], [126.998589334, 37.710764395], [126.998582137, 37.710758207], [126.99857405, 37.710752588], [126.998565309, 37.710747516], [126.998556089, 37.710742842], [126.998546524, 37.710738456], [126.998536714, 37.710734275], [126.998516643, 37.710726287], [126.998455331, 37.710703123], [126.998434985, 37.710695207], [126.998424882, 37.710691141], [126.99840556, 37.710683056], [126.998357654, 37.710662424], [126.998338401, 37.710654569], [126.998328691, 37.710650905], [126.998318887, 37.71064752], [126.998308955, 37.71064452], [126.998298846, 37.710642049], [126.998288491, 37.710640212], [126.998277956, 37.710638904], [126.998267291, 37.710637987], [126.998256532, 37.71063735], [126.998245706, 37.710636912], [126.998223931, 37.710636395], [126.998180232, 37.71063569], [126.99815845, 37.710634971], [126.998147608, 37.710634374], [126.998136818, 37.710633531], [126.998126097, 37.710632356], [126.998115377, 37.710630765], [126.998104727, 37.710628835], [126.998094129, 37.710626656], [126.998083568, 37.710624296], [126.998052017, 37.710616587], [126.99798899, 37.710600499], [126.997967859, 37.710595453], [126.997946766, 37.710590958], [126.997925718, 37.710587041], [126.997904587, 37.710583521], [126.997894012, 37.710581916], [126.997872869, 37.710579138], [126.997862317, 37.710578065], [126.997851788, 37.710577307], [126.997841292, 37.710576976], [126.997830842, 37.710577221], [126.997820132, 37.710578196], [126.997809473, 37.710579776], [126.997798848, 37.710581796], [126.997788251, 37.710584132], [126.997777672, 37.710586688], [126.997724877, 37.710600648], [126.997703732, 37.710605914], [126.997693131, 37.710608256], [126.997682506, 37.710610291], [126.997671841, 37.710611893], [126.997661124, 37.710612907], [126.997650355, 37.710613201], [126.997639535, 37.710612906], [126.997628676, 37.710612183], [126.997617789, 37.710611149], [126.997595962, 37.710608493], [126.997552216, 37.710602148], [126.997486642, 37.710591925], [126.997464883, 37.710588224], [126.997454049, 37.710586234], [126.997432383, 37.710581871], [126.997410817, 37.710577197], [126.997378551, 37.710569923], [126.997131475, 37.710513321], [126.997067001, 37.710498453], [126.996873598, 37.710456423], [126.996781687, 37.710483909]], [[127.010208963, 37.722467398], [127.010444577, 37.722408579], [127.010476831, 37.722401072], [127.010487636, 37.72239879], [127.010498487, 37.722396697], [127.010509402, 37.722394862], [127.010520294, 37.722393354], [127.010531248, 37.722392099], [127.010542245, 37.722391029], [127.01056433, 37.722389245], [127.010608658, 37.722386329], [127.010741819, 37.722378304], [127.010763986, 37.722376857], [127.010786105, 37.722375221], [127.010808126, 37.722373184], [127.010819071, 37.722371907], [127.010829952, 37.722370366], [127.010840902, 37.722368477], [127.010851785, 37.72236632], [127.010862618, 37.722363968], [127.010884191, 37.722358882], [127.01091642, 37.722350755], [127.010959247, 37.722339471], [127.011002052, 37.722327667], [127.011108866, 37.722297747], [127.011140825, 37.722288621], [127.011162013, 37.722282315], [127.011182992, 37.722275616], [127.011193145, 37.722272114], [127.011213263, 37.722264762], [127.01124319, 37.722253262], [127.01125299, 37.722249427], [127.011322754, 37.722222125], [127.011342784, 37.722214591], [127.011363005, 37.722207404], [127.011383295, 37.722200794], [127.011403774, 37.72219453], [127.011475944, 37.72217349], [127.01150668, 37.72216425], [127.011526807, 37.722157621], [127.011536655, 37.72215403], [127.011546283, 37.722150156], [127.011555611, 37.722145897], [127.011564825, 37.722141029], [127.011573726, 37.722135756], [127.011582397, 37.722130191], [127.011599304, 37.722118495], [127.011615893, 37.722106387], [127.01170628, 37.722038611], [127.011730747, 37.722020027], [127.011746706, 37.722007416], [127.011754468, 37.722000973], [127.011762004, 37.721994385], [127.011769228, 37.721987596], [127.011776004, 37.721980633], [127.011782473, 37.721973473], [127.011788717, 37.721966168], [127.011794802, 37.721958762], [127.011806666, 37.721943753], [127.011829875, 37.721913401], [127.011949791, 37.721755026], [127.011967088, 37.721732716], [127.011978963, 37.721718029], [127.01199152, 37.721703486], [127.011998097, 37.721696263], [127.012011535, 37.721681972], [127.012032071, 37.721660741], [127.012080326, 37.721611387], [127.012100657, 37.721590053], [127.012113755, 37.721575591], [127.012120049, 37.721568226], [127.012126043, 37.721560833], [127.012137531, 37.721545789], [127.012154093, 37.721522869], [127.012229707, 37.721415027], [127.012143995, 37.721341108], [127.012111162, 37.721316852], [127.012095117, 37.72130447], [127.012087296, 37.721298145], [127.012079673, 37.721291682], [127.012072325, 37.721285032], [127.012065516, 37.72127837], [127.012058962, 37.721271534], [127.012046363, 37.721257515], [127.012028144, 37.721236017], [127.011986475, 37.721185242], [127.011974468, 37.721170842], [127.011962184, 37.721156708], [127.011955847, 37.721149831], [127.011949308, 37.721143158], [127.011942483, 37.721136768], [127.01193526, 37.721130768], [127.011927503, 37.721125299], [127.011918749, 37.721120295], [127.01190942, 37.721115857], [127.011899678, 37.721111829], [127.011889639, 37.721108094], [127.011869006, 37.721101166], [127.011847979, 37.721094614], [127.011763158, 37.721069038], [127.011731331, 37.721059751], [127.011710025, 37.721054107], [127.011699306, 37.721051625], [127.011688524, 37.721049502], [127.011677646, 37.721047871], [127.011666639, 37.721046843], [127.011655541, 37.72104631], [127.011644368, 37.721046135], [127.011633147, 37.721046219], [127.011621893, 37.721046486], [127.011599318, 37.721047354], [127.011520117, 37.72105142], [127.011506685, 37.721051994], [127.01148622, 37.721052868], [127.011463702, 37.72105332], [127.011452491, 37.721053242], [127.011441329, 37.721052854], [127.011430232, 37.721052037], [127.011419488, 37.721050735], [127.011408811, 37.721049024], [127.011398178, 37.721047015], [127.011387578, 37.721044792], [127.011366436, 37.721039938], [127.011324238, 37.721029551], [127.011250453, 37.721011032], [127.011219125, 37.721002685], [127.011208824, 37.720999692], [127.01119865, 37.720996509], [127.011188651, 37.720993063], [127.01117889, 37.720989257], [127.011169411, 37.720985004], [127.011160169, 37.720980388], [127.011151104, 37.720975509], [127.011133305, 37.720965239], [127.011115753, 37.720954593], [127.011072211, 37.720927462], [127.011037691, 37.720905495], [127.011020835, 37.720894224], [127.011012629, 37.720888426], [127.011004653, 37.720882456], [127.010996996, 37.72087625], [127.010989798, 37.720869829], [127.01098291, 37.720863177], [127.010969763, 37.720849408], [127.01095087, 37.720828142], [127.010907704, 37.720777837], [127.010888907, 37.720756481], [127.01087594, 37.720742545], [127.010869212, 37.720735745], [127.010862239, 37.720729112], [127.010855115, 37.720722806], [127.010855042, 37.720722742], [127.010847602, 37.720716539], [127.01083999, 37.720710455], [127.010816527, 37.720692625], [127.010792638, 37.720675089], [127.010768568, 37.720657716], [127.010752375, 37.720646307], [127.010735916, 37.720635223], [127.010727514, 37.720629895], [127.010718931, 37.720624784], [127.010710105, 37.720619971], [127.010700836, 37.720615446], [127.010691316, 37.720611229], [127.010681614, 37.720607234], [127.010661849, 37.720599684], [127.010591545, 37.720574608], [127.010571646, 37.720567185], [127.01056182, 37.720563309], [127.010552117, 37.720559261], [127.010542586, 37.720554992], [127.010533107, 37.720550363], [127.0105238, 37.720545502], [127.010514624, 37.720540466], [127.010496525, 37.720530059], [127.010469702, 37.720514005], [127.010407418, 37.720476141], [127.010389483, 37.720465542], [127.010380431, 37.720460372], [127.010371293, 37.720455337], [127.010362032, 37.720450495], [127.010352597, 37.720445923], [127.010342925, 37.72044172], [127.010332995, 37.720437977], [127.010322826, 37.720434601], [127.010312491, 37.720431494], [127.01029148, 37.720425798], [127.010259545, 37.720417909], [127.010224305, 37.72040958], [127.010152476, 37.720392603], [127.010109758, 37.720382278], [127.010088524, 37.72037687], [127.010077973, 37.720374034], [127.01006749, 37.720371066], [127.010057097, 37.720367916], [127.010046786, 37.720364529], [127.010026415, 37.72035726], [127.010006242, 37.720349595], [127.009976145, 37.720337774], [127.00981594, 37.720274101], [127.00978576, 37.720262407], [127.00975533, 37.720251124], [127.009704242, 37.720232936], [127.009530247, 37.720171545], [127.009499496, 37.720160823], [127.009478901, 37.720153886], [127.009458135, 37.72014734], [127.009447644, 37.720144315], [127.009436991, 37.720141496], [127.00942626, 37.72013886], [127.009404638, 37.72013395], [127.009382895, 37.720129312], [127.009208379, 37.720093405], [127.009186542, 37.72008907], [127.009164657, 37.720085038], [127.009153683, 37.720083229], [127.009142673, 37.720081635], [127.009131617, 37.720080335], [127.009120777, 37.720079416], [127.009109892, 37.72007878], [127.009088032, 37.720078077], [127.009066102, 37.720077813], [127.009044135, 37.720077763], [127.008901214, 37.720078255], [127.008879288, 37.720078055], [127.008868355, 37.720077814], [127.008857461, 37.72007742], [127.008846614, 37.720076812], [127.008835834, 37.720075914], [127.008825149, 37.720074613], [127.008814519, 37.72007281], [127.008803981, 37.720070604], [127.00879351, 37.720068103], [127.008783089, 37.720065388], [127.008762339, 37.720059554], [127.008596927, 37.720009855], [127.008566065, 37.720000346], [127.008545759, 37.719993638], [127.008535765, 37.719990063], [127.008525939, 37.71998626], [127.008516336, 37.719982144], [127.008506905, 37.719977596], [127.008497705, 37.719972728], [127.00848867, 37.719967627], [127.008470931, 37.719956972], [127.008444738, 37.719940412], [127.008366691, 37.719889997], [127.008349211, 37.719878976], [127.008331506, 37.719868252], [127.008322504, 37.719863086], [127.008313353, 37.719858123], [127.008303993, 37.719853434], [127.00829431, 37.719849049], [127.008284419, 37.719844943], [127.008264221, 37.719837279], [127.00823339, 37.719826482], [127.00808843, 37.719777401], [127.008057315, 37.719767093], [127.008038706, 37.71976134], [127.008036447, 37.719760642], [127.008025931, 37.719757673], [127.008015332, 37.719754973], [127.008004623, 37.719752637], [127.007993845, 37.71975076], [127.007982953, 37.719749247], [127.007971981, 37.719747996], [127.007960949, 37.719746936], [127.007938773, 37.719745174], [127.007916521, 37.719743667], [127.007793922, 37.719736009], [127.007626854, 37.719725181], [127.007593436, 37.719723454], [127.007571146, 37.719722812], [127.007548536, 37.719722834], [127.007514607, 37.719723644], [127.007299653, 37.719731616], [127.007254392, 37.719733128], [127.007221366, 37.719734029], [127.006957046, 37.719740457], [127.006924052, 37.719740895], [127.006902127, 37.719740665], [127.006891202, 37.719740249], [127.006880317, 37.719739534], [127.006869381, 37.71973844], [127.006858481, 37.719737042], [127.006847612, 37.719735422], [127.006825932, 37.719731743], [127.006804292, 37.719727742], [127.006771865, 37.7197215], [127.006566519, 37.719681358], [127.006534082, 37.719675402], [127.006523267, 37.719673626], [127.00651245, 37.719672039], [127.006501627, 37.719670723], [127.006490798, 37.719669781], [127.006479961, 37.719669353], [127.006469071, 37.719669554], [127.006458171, 37.71967027], [127.006447268, 37.719671362], [127.006436358, 37.719672727], [127.006414532, 37.719675965], [127.006381778, 37.71968143], [127.006239848, 37.719705907], [127.006196293, 37.719713695], [127.006163763, 37.719720174], [127.006131349, 37.719727137], [127.005948068, 37.719767836], [127.005904882, 37.719777208], [127.005883216, 37.719781643], [127.005861497, 37.719785701], [127.005839724, 37.719789384], [127.005817895, 37.719792867], [127.005599175, 37.719826433], [127.005566313, 37.719831108], [127.00554434, 37.71983375], [127.005533318, 37.719834801], [127.005522102, 37.719835622], [127.005510858, 37.719836243], [127.005488318, 37.719837086], [127.005443141, 37.719838], [127.00542055, 37.719838231], [127.005397994, 37.719838227], [127.005375503, 37.719837747], [127.005364306, 37.719837197], [127.005353157, 37.719836331], [127.005342357, 37.719835119], [127.005331606, 37.719833601], [127.005320885, 37.719831866], [127.005299513, 37.719827964], [127.00526753, 37.719821574], [127.005118436, 37.719790795], [127.005097188, 37.719786292], [127.005076021, 37.719781595], [127.005055009, 37.719776512], [127.005044332, 37.719773676], [127.005033709, 37.719770703], [127.005012573, 37.719764486], [127.004949507, 37.719744973], [127.004823591, 37.719705262], [127.004792034, 37.719695707], [127.004781476, 37.719692731], [127.004770881, 37.719689942], [127.004760236, 37.719687425], [127.004749519, 37.719685286], [127.004738704, 37.719683668], [127.004727846, 37.719682691], [127.004716889, 37.719682229], [127.004705863, 37.719682143], [127.004694786, 37.719682322], [127.004672535, 37.719683191], [127.004650215, 37.719684417], [127.004560791, 37.719689968], [127.004460233, 37.719695984], [127.004426802, 37.719698336], [127.004404613, 37.719700387], [127.004393577, 37.719701685], [127.004382601, 37.719703226], [127.004371669, 37.719704966], [127.004360763, 37.719706852], [127.004339013, 37.719710906], [127.004306459, 37.719717337], [127.004165517, 37.7197458], [127.004035321, 37.719771853], [127.003970089, 37.71978471], [127.003882994, 37.719801555], [127.003861479, 37.719805956], [127.003851288, 37.719808212], [127.003841263, 37.719810657], [127.003831482, 37.7198134], [127.003822041, 37.719816579], [127.003813069, 37.719820368], [127.00380441, 37.719825054], [127.003796249, 37.719830394], [127.003788449, 37.719836208], [127.003780908, 37.719842366], [127.003773549, 37.719848765], [127.003766316, 37.719855335], [127.003752074, 37.719868769], [127.003716902, 37.719902945], [127.003688991, 37.719930421], [127.00367533, 37.719944296], [127.00366867, 37.719951321], [127.003662185, 37.719958439], [127.003655944, 37.719965686], [127.003650077, 37.719972984], [127.003639005, 37.719987934], [127.003623306, 37.720010851], [127.003605237, 37.72003823], [127.003587686, 37.720064823], [127.003577128, 37.720079889], [127.003571613, 37.720087217], [127.003565853, 37.720094327], [127.003559744, 37.72010113], [127.003553157, 37.720107509], [127.003545917, 37.720113311], [127.003537786, 37.720118466], [127.00352899, 37.720123033], [127.003519706, 37.720127168], [127.003510074, 37.720130996], [127.003500193, 37.720134603], [127.003490141, 37.720138059], [127.003459435, 37.720147943], [127.003325218, 37.720189659], [127.003293965, 37.72019902], [127.00326217, 37.720208123], [127.003081541, 37.720258606], [127.003060184, 37.720264314], [127.003048116, 37.720267193], [127.003034604, 37.720270016], [127.003020271, 37.720272577], [127.003005737, 37.720274683], [127.002991982, 37.72027618], [127.002979283, 37.720277192], [127.002968287, 37.720277814], [127.002959634, 37.720278136], [127.002951924, 37.720278221], [127.002735201, 37.720322438], [127.002558609, 37.720322442], [127.002470311, 37.720282365], [127.002318947, 37.720172153], [127.002180194, 37.72012206], [127.001927925, 37.7201922], [127.001599973, 37.7202924], [127.001423385, 37.720322461], [127.001234179, 37.720322463], [127.001044978, 37.720352524], [127.00084316, 37.720502818], [127.000628729, 37.720603015], [127.000452137, 37.720653114], [127.000250321, 37.720683171], [126.999998047, 37.720773349], [126.999783612, 37.720883564], [126.999594408, 37.720963719], [126.999392585, 37.721144069], [126.999253834, 37.721334439], [126.999052011, 37.721544847], [126.998850188, 37.7216751], [126.998686207, 37.721675098], [126.998635752, 37.721635018], [126.998585298, 37.721594941], [126.998383472, 37.72174523], [126.998219492, 37.721855443], [126.998055512, 37.721825381], [126.997941988, 37.721775282], [126.997752781, 37.72171516], [126.997563576, 37.721705137], [126.997298684, 37.721705131], [126.996983338, 37.721705124], [126.996743676, 37.72168508], [126.996579697, 37.721644997], [126.996480123, 37.7215992], [126.99634004, 37.721534774], [126.996182369, 37.721468463], [126.996125611, 37.721444592], [126.996049095, 37.721419563], [126.995911178, 37.721374449], [126.995867343, 37.721370269], [126.995595837, 37.721344378], [126.995530834, 37.721332082], [126.99533095, 37.721294271], [126.995208558, 37.721249394], [126.995166975, 37.721234147], [126.994902087, 37.721214097], [126.994873772, 37.721215702], [126.994725495, 37.721224108], [126.994554099, 37.721292171], [126.994372298, 37.721364366], [126.994243523, 37.721401555], [126.99409479, 37.721444508], [126.993968649, 37.721474561], [126.9939193, 37.721466718], [126.993779444, 37.721444492], [126.993703768, 37.721374352], [126.993624349, 37.721388366], [126.993476714, 37.721414416], [126.99340103, 37.721454491], [126.993313297, 37.721489329], [126.993300115, 37.721494564], [126.993195921, 37.721489041]]]}, "properties": {"vcursId": "121500V003", "name": "사패산코스", "distanceKm": "5.5", "durationH": "03", "durationM": "00", "difficulty": "하", "section": "송추분소-(구)캡소대-회룡사거리-사패산-원각사-사패산입구"}}, {"type": "Feature", "geometry": {"type": "LineString", "coordinates": [[126.982077136, 37.712434896], [126.982079141, 37.712426114], [126.98208393, 37.712408589], [126.98209206, 37.712382353], [126.982123053, 37.71228625], [126.982133921, 37.712251251], [126.982143827, 37.712217409], [126.98215583, 37.71217504], [126.982162814, 37.712149588], [126.982169289, 37.712124066], [126.982171217, 37.712115527], [126.98217463, 37.712098191], [126.982179021, 37.712072087], [126.982184347, 37.712037207], [126.982195966, 37.711958672], [126.982200111, 37.711932546], [126.982203277, 37.711915207], [126.982205098, 37.711906582], [126.982207162, 37.711898005], [126.982209557, 37.711889492], [126.982212407, 37.71188092], [126.982215599, 37.711872413], [126.982222658, 37.71185553], [126.982230234, 37.711838748], [126.982238054, 37.711822012], [126.98227783, 37.711738469], [126.982293474, 37.711704997], [126.982300935, 37.711688184], [126.98230447, 37.711679736], [126.982307803, 37.711671246], [126.982310858, 37.711662696], [126.982313537, 37.711654199], [126.982315947, 37.711645646], [126.982318158, 37.71163705], [126.982322196, 37.711619776], [126.982329564, 37.711585078], [126.982357911, 37.711446034], [126.982363406, 37.711420008], [126.982367395, 37.711402739], [126.982369593, 37.711394157], [126.982372002, 37.711385628], [126.982374706, 37.711377174], [126.982377815, 37.711368824], [126.982381431, 37.711360562], [126.982385454, 37.711352402], [126.982389776, 37.711344319], [126.982399, 37.711328299], [126.982418533, 37.711296534], [126.982473489, 37.711209457], [126.982487879, 37.711185608], [126.982492372, 37.71117761], [126.982496593, 37.711169569], [126.982500426, 37.711161465], [126.982503722, 37.711153276], [126.98250628, 37.711144971], [126.982507962, 37.71113639], [126.982508886, 37.71112769], [126.982509262, 37.711118902], [126.982509246, 37.711110052], [126.982508478, 37.711092236], [126.982506454, 37.711065372], [126.982498089, 37.710966722], [126.982481717, 37.710760636], [126.982472087, 37.710644117], [126.982470927, 37.710626225], [126.982470357, 37.710608396], [126.982470475, 37.710599523], [126.98247101, 37.710590695], [126.982472121, 37.710581928], [126.982473928, 37.710573264], [126.982476307, 37.710564661], [126.982479102, 37.710556101], [126.982482193, 37.710547573], [126.982488936, 37.710530576], [126.982499716, 37.71050515], [126.982547234, 37.71039506], [126.982612382, 37.710242563], [126.982626608, 37.710208613], [126.982640252, 37.710174332], [126.98280477, 37.709743517], [126.982814207, 37.70971757], [126.982822593, 37.709692422], [126.982830314, 37.709667153], [126.98283493, 37.709650225], [126.982836976, 37.709641723], [126.982840534, 37.70962401], [126.982843506, 37.709606214], [126.982846184, 37.709588376], [126.982872524, 37.709400823], [126.982897995, 37.709222237], [126.98290159, 37.709195441], [126.982903647, 37.709177564], [126.982905105, 37.709159666], [126.982905479, 37.709150917], [126.982905696, 37.709133401], [126.982905493, 37.709115869], [126.982904563, 37.709080778], [126.982902802, 37.709028084], [126.982898626, 37.708922362], [126.982898363, 37.708904911], [126.982898516, 37.708896303], [126.982898913, 37.708889187], [126.982898989, 37.708887825], [126.982899922, 37.708879537], [126.982901505, 37.708871516], [126.98290399, 37.708863868], [126.982907709, 37.708856728], [126.982913084, 37.708850048], [126.982919746, 37.708843899], [126.982927342, 37.708838132], [126.982935602, 37.708832635], [126.982944329, 37.708827325], [126.982962626, 37.708817035], [126.982991003, 37.708801934], [126.983029183, 37.708781974], [126.983048295, 37.70877223], [126.983057885, 37.708767531], [126.98306752, 37.708763029], [126.983077231, 37.708758822], [126.983087054, 37.708755036], [126.98309704, 37.708751844], [126.983107257, 37.708749471], [126.983117755, 37.708748105], [126.983128486, 37.70874756], [126.983139384, 37.708747609], [126.983150402, 37.708748082], [126.983161503, 37.708748853], [126.983172659, 37.708749826], [126.983195074, 37.708752132], [126.983296228, 37.708763653], [126.983374808, 37.708772323], [126.984002988, 37.708840182], [126.984036605, 37.708843999], [126.984069513, 37.708847985], [126.984233893, 37.708868772], [126.984255836, 37.708871333], [126.984277816, 37.708873598], [126.984300087, 37.708875335], [126.984311361, 37.708875984], [126.984333946, 37.708877001], [126.984390498, 37.708878834], [126.984548957, 37.708883242], [126.984582811, 37.708884619], [126.984594046, 37.708885284], [126.984605238, 37.708886132], [126.984616368, 37.708887234], [126.984627413, 37.708888689], [126.98463836, 37.708890574], [126.984649222, 37.708892812], [126.984660024, 37.708895305], [126.984670781, 37.70889798], [126.984692216, 37.708903668], [126.984767077, 37.708924428], [126.984798897, 37.708932684], [126.984840379, 37.708942525], [126.984944413, 37.70896625], [126.984965125, 37.708971201], [126.984985701, 37.708976455], [126.984995905, 37.708979271], [126.985016418, 37.708985475], [126.985036741, 37.708992107], [126.985056967, 37.708998962], [126.985127544, 37.709023567], [126.985135641, 37.70902644], [126.985228393, 37.70905935], [126.985248555, 37.709066315], [126.985258625, 37.709069641], [126.985268682, 37.709072787], [126.985278721, 37.709075665], [126.985288733, 37.70907816], [126.985298705, 37.709080114], [126.985308624, 37.709081318], [126.985318468, 37.709081498], [126.98532826, 37.709080426], [126.985337978, 37.709078324], [126.985347642, 37.709075468], [126.985357268, 37.70907207], [126.985366865, 37.709068287], [126.985376444, 37.709064238], [126.985395568, 37.709055663], [126.985405981, 37.709050781], [126.985491019, 37.709010907], [126.985519523, 37.708997415], [126.985547932, 37.708983554], [126.985651491, 37.708931509], [126.985736406, 37.708889062], [126.985755092, 37.708879496], [126.985773392, 37.708869646], [126.98578227, 37.708864523], [126.985790865, 37.708859188], [126.985799063, 37.708853562], [126.985806716, 37.708847534], [126.985813678, 37.708841045], [126.985820099, 37.708834159], [126.985826127, 37.708826981], [126.98583187, 37.708819594], [126.985837413, 37.70881206], [126.98585338, 37.708788967], [126.985910581, 37.708703238], [126.985968522, 37.708617848], [126.985978776, 37.708602286], [126.985983723, 37.708594474], [126.985988471, 37.708586627], [126.985992936, 37.708578729], [126.985997004, 37.708570761], [126.986000518, 37.708562694], [126.986003284, 37.708554492], [126.986005066, 37.708546563], [126.986006177, 37.708538513], [126.986006812, 37.708530374], [126.986007123, 37.708522172], [126.986007353, 37.708497383], [126.986007554, 37.708489108], [126.986008002, 37.708480848], [126.986008822, 37.708472617], [126.986010232, 37.708463805], [126.986012096, 37.708455029], [126.986014294, 37.708446282], [126.986019345, 37.708428844], [126.986024895, 37.708411449], [126.986039493, 37.70836803], [126.986054462, 37.708324696], [126.986060773, 37.708307463], [126.986064106, 37.708298899], [126.986067622, 37.70829039], [126.986071393, 37.708281957], [126.986075488, 37.708273593], [126.98608438, 37.708257075], [126.986093815, 37.708240718], [126.986103512, 37.708224439], [126.986187063, 37.708086404], [126.986392821, 37.707745165], [126.986436703, 37.707671848], [126.986480194, 37.707598159], [126.986490108, 37.707582021], [126.98649524, 37.707574117], [126.98650057, 37.707566401], [126.986506191, 37.707558958], [126.986512225, 37.707551908], [126.986518841, 37.707545406], [126.986526259, 37.707539663], [126.986534436, 37.707534959], [126.986543381, 37.70753098], [126.986552887, 37.707527532], [126.986562797, 37.707524466], [126.986572994, 37.707521671], [126.986583388, 37.707519063], [126.986604532, 37.707514184], [126.986732966, 37.707486405], [126.986775593, 37.70747691], [126.986807442, 37.707469525], [126.986828484, 37.707464388], [126.986859961, 37.707456462], [126.986954227, 37.70743228], [126.98698551, 37.707423959], [126.987006184, 37.707418078], [126.987016417, 37.707414945], [126.987026546, 37.707411619], [126.987036618, 37.707408032], [126.987046583, 37.707404249], [126.987066309, 37.7073963], [126.987095635, 37.707383883], [126.987163804, 37.707354371], [126.987192902, 37.70734156], [126.987212104, 37.707332779], [126.987221582, 37.70732824], [126.987230932, 37.707323548], [126.987239927, 37.707318768], [126.987248782, 37.707313829], [126.987257519, 37.707308759], [126.987273845, 37.707298767], [126.987283014, 37.707292857], [126.98729121, 37.707287296], [126.987299186, 37.707281559], [126.987306872, 37.707275591], [126.987314181, 37.707269378], [126.987321209, 37.707262945], [126.98732803, 37.707256351], [126.987341267, 37.707242848], [126.987366953, 37.707215248], [126.987392054, 37.707187291], [126.987404206, 37.707173112], [126.987410085, 37.707165923], [126.987421772, 37.707150735], [126.987433005, 37.707135318], [126.987460339, 37.707096405], [126.987541495, 37.706979211], [126.987552447, 37.706963664], [126.987563679, 37.706948297], [126.987569492, 37.70694074], [126.987575515, 37.706933318], [126.987581832, 37.706926085], [126.987588551, 37.706919113], [126.987595575, 37.706912624], [126.987602985, 37.706906385], [126.987610678, 37.706900328], [126.987626618, 37.706888574], [126.987642987, 37.706877102], [126.987667939, 37.706860201], [126.987684801, 37.706849169], [126.987693333, 37.706843775], [126.987701967, 37.706838504], [126.987710742, 37.706833404], [126.987719709, 37.706828538], [126.987729182, 37.706823825], [126.987738858, 37.706819358], [126.98774868, 37.706815068], [126.987768607, 37.706806835], [126.987808974, 37.706790996], [126.987930639, 37.706744151], [126.987950653, 37.706736082], [126.987960518, 37.706731909], [126.987970227, 37.706727583], [126.987979716, 37.706723044], [126.987988896, 37.706718203], [126.987997651, 37.70671295], [126.988005541, 37.70670745], [126.988013038, 37.706701566], [126.988020243, 37.706695401], [126.988027236, 37.706689028], [126.988034077, 37.706682508], [126.98804746, 37.706669183], [126.988067122, 37.706648823], [126.988086416, 37.706628206], [126.988105759, 37.706606746], [126.988143796, 37.706563496], [126.988162389, 37.706541685], [126.988174297, 37.70652692], [126.988179976, 37.706519411], [126.988185458, 37.706511721], [126.988195866, 37.706496082], [126.988210736, 37.706472283], [126.988297607, 37.706328405], [126.988350897, 37.706240556], [126.988375498, 37.706200763], [126.988410284, 37.706145991], [126.988419782, 37.706130226], [126.988424286, 37.706122274], [126.988428534, 37.706114249], [126.988432435, 37.706106124], [126.988435864, 37.706097997], [126.988438954, 37.706089772], [126.988441793, 37.706081477], [126.988446978, 37.706064744], [126.988454126, 37.706039465], [126.988472492, 37.705971828], [126.988501284, 37.705867821], [126.988506205, 37.705850476], [126.988511431, 37.705833228], [126.98851427, 37.705824687], [126.988517354, 37.705816242], [126.988520786, 37.70580794], [126.988524208, 37.705800732], [126.98852799, 37.705793705], [126.988532135, 37.705786891], [126.988536676, 37.705780344], [126.988541675, 37.705774139], [126.988547234, 37.705768371], [126.988553487, 37.70576317], [126.988561635, 37.705758025], [126.988570625, 37.705753581], [126.988580212, 37.705749636], [126.988590209, 37.705746032], [126.988600465, 37.705742642], [126.98863166, 37.705732752], [126.988641861, 37.705729236], [126.988651777, 37.705725431], [126.988661271, 37.7057212], [126.988670165, 37.705716365], [126.98867822, 37.705710863], [126.988685681, 37.705704763], [126.988692705, 37.705698225], [126.988699412, 37.705691371], [126.988705895, 37.705684293], [126.98871844, 37.705669717], [126.988730688, 37.705654848], [126.988779187, 37.705594876], [126.988846202, 37.705512736], [126.98886397, 37.705490144], [126.98887515, 37.705474812], [126.988880366, 37.705466993], [126.988885132, 37.705459238], [126.988889633, 37.705451373], [126.988898103, 37.705435425], [126.98890615, 37.705419298], [126.988913977, 37.705403071], [126.988948603, 37.70532977], [126.988956644, 37.705313778], [126.988960869, 37.705305956], [126.988965318, 37.70529832], [126.988970084, 37.705290953], [126.988975296, 37.705283957], [126.98898112, 37.705277473], [126.988987776, 37.705271685], [126.988994884, 37.70526705], [126.989002717, 37.705263015], [126.989011087, 37.705259415], [126.98901984, 37.70525611], [126.989056503, 37.705243774], [126.989065667, 37.705240456], [126.989075452, 37.705236578], [126.989085102, 37.705232446], [126.989094643, 37.705228124], [126.989113494, 37.705219083], [126.989141406, 37.705204949], [126.989169036, 37.705190433], [126.989187278, 37.705180552], [126.989205278, 37.705170409], [126.989214134, 37.705165188], [126.989222849, 37.705159826], [126.989231129, 37.70515448], [126.989263437, 37.705132451], [126.989279638, 37.705121819], [126.989287896, 37.705116854], [126.989296338, 37.705112271], [126.989305036, 37.705108221], [126.989314088, 37.705104898], [126.989323782, 37.705102414], [126.989333845, 37.705100689], [126.98934418, 37.705099524], [126.98935471, 37.705098769], [126.98936538, 37.70509831], [126.989386966, 37.705097991], [126.989408683, 37.705098227], [126.989419534, 37.705098535], [126.989430353, 37.705099001], [126.989441114, 37.70509967], [126.989451793, 37.705100612], [126.989462354, 37.705101924], [126.989472758, 37.705103736], [126.98948312, 37.70510619], [126.989493324, 37.705109143], [126.989503417, 37.705112444], [126.98951344, 37.705115972], [126.989543403, 37.705126968], [126.989553462, 37.705130484], [126.989563614, 37.705133771], [126.989573902, 37.705136718], [126.989584313, 37.705139225], [126.989594867, 37.705141375], [126.989605525, 37.705143258], [126.989616261, 37.70514494], [126.989637881, 37.705147881], [126.989659615, 37.705150396], [126.989670506, 37.705151497], [126.989692313, 37.705153277], [126.989703228, 37.705153865], [126.98971415, 37.705154161], [126.989725086, 37.705154102], [126.989736026, 37.705153754], [126.989746971, 37.705153193], [126.989757919, 37.705152479], [126.989779818, 37.705150755], [126.989856466, 37.705143756], [126.989878349, 37.705141879], [126.989900205, 37.705140308], [126.989911116, 37.705139732], [126.989922005, 37.70513937], [126.98993287, 37.705139308], [126.989943699, 37.705139653], [126.989954629, 37.705140506], [126.989965523, 37.705141774], [126.98997639, 37.705143345], [126.989987237, 37.705145133], [126.990008897, 37.705149123], [126.990030531, 37.705153407], [126.990127859, 37.705173241], [126.990241628, 37.70519563], [126.990262169, 37.705199861], [126.990283457, 37.705204455], [126.990378983, 37.705226001], [126.990400167, 37.705230369], [126.990410742, 37.705232299], [126.990421299, 37.705233957], [126.990431832, 37.705235229], [126.990442328, 37.705235968], [126.990452777, 37.705235976], [126.990463096, 37.705235107], [126.990473369, 37.705233516], [126.990483605, 37.705231396], [126.990493818, 37.705228893], [126.990504011, 37.705226119], [126.990524364, 37.705220062], [126.990636219, 37.705184368], [126.99065665, 37.705178103], [126.990687664, 37.70516899], [126.99074992, 37.705151314], [126.990916106, 37.705104645], [126.990979222, 37.705087243], [126.991074254, 37.705061366], [126.991105739, 37.70505247], [126.991126418, 37.705046105], [126.991136572, 37.705042663], [126.991146534, 37.705038951], [126.991156231, 37.705034873], [126.991165626, 37.705030335], [126.991174756, 37.705025428], [126.991183694, 37.705020252], [126.991192494, 37.705014883], [126.991201197, 37.705009378], [126.991218425, 37.704998119], [126.991320888, 37.704929285], [126.991432153, 37.704855035], [126.991457486, 37.704837634], [126.991473941, 37.704825689], [126.991481924, 37.704819521], [126.991489712, 37.704813161], [126.99149732, 37.704806657], [126.991512181, 37.704793367], [126.991534008, 37.704773063], [126.991591784, 37.704718566], [126.991606447, 37.704705102], [126.991621412, 37.704691859], [126.991636491, 37.704679215], [126.991659617, 37.704660619], [126.991753345, 37.704587133], [126.991768651, 37.704574695], [126.991783476, 37.704561964], [126.991790579, 37.704555409], [126.991797373, 37.704548666], [126.991803921, 37.704541546], [126.991810149, 37.704534229], [126.991816143, 37.70452677], [126.991821966, 37.704519209], [126.991833297, 37.70450389], [126.991866508, 37.704457456], [126.991883477, 37.70443444], [126.991895363, 37.704419417], [126.991901624, 37.704412084], [126.991908049, 37.704405038], [126.991914701, 37.704398118], [126.991928453, 37.704384531], [126.991949673, 37.704364482], [126.992043051, 37.704278415], [126.992064878, 37.704258681], [126.992087019, 37.704239029], [126.992191135, 37.704147809], [126.992205618, 37.704134611], [126.992212646, 37.70412792], [126.992219448, 37.704121132], [126.992225927, 37.704114207], [126.992231963, 37.704107089], [126.992237393, 37.704099712], [126.99224192, 37.704092322], [126.99224588, 37.704084689], [126.992249426, 37.704076877], [126.99225267, 37.704068936], [126.992255704, 37.704060904], [126.992269922, 37.704020334], [126.992272948, 37.704012296], [126.992276179, 37.704004343], [126.992279702, 37.703996513], [126.992283628, 37.703988852], [126.9922881, 37.703981421], [126.992293395, 37.703974054], [126.992299263, 37.703966929], [126.992305555, 37.70395998], [126.992312151, 37.70395316], [126.99232592, 37.703939759], [126.992354238, 37.703913256], [126.992368147, 37.703899857], [126.992374886, 37.703893043], [126.992381398, 37.703886112], [126.9923876, 37.703879018], [126.992393422, 37.703871732], [126.992398932, 37.703864284], [126.992409327, 37.703849061], [126.992419234, 37.703833584], [126.992443388, 37.703794567], [126.992453215, 37.703779041], [126.992463431, 37.703763706], [126.992468791, 37.703756162], [126.9924744, 37.703748741], [126.992480381, 37.703741385], [126.992493035, 37.703727014], [126.992506231, 37.70371291], [126.992539734, 37.703677926], [126.992552684, 37.703663742], [126.992558876, 37.703656528], [126.992564776, 37.703649188], [126.992570275, 37.703641674], [126.992575297, 37.703633932], [126.992579915, 37.703626016], [126.99258424, 37.703617973], [126.992592315, 37.703601637], [126.992603699, 37.703576817], [126.992640674, 37.703493651], [126.992659802, 37.703451971], [126.992763481, 37.703234215], [126.992775578, 37.703209134], [126.992783824, 37.703192473], [126.992792382, 37.703175915], [126.992796687, 37.703167978], [126.992810105, 37.703144334], [126.992828562, 37.70311299], [126.992861263, 37.703058249], [126.992874996, 37.703034738], [126.992883653, 37.703018974], [126.992887679, 37.703011038], [126.992891392, 37.703003046], [126.99289467, 37.702994976], [126.992897358, 37.7029868], [126.992899392, 37.702978178], [126.992900797, 37.702969444], [126.992901744, 37.702960628], [126.992902363, 37.702951754], [126.992902981, 37.702933894], [126.992903148, 37.702915953], [126.992902847, 37.702844022], [126.992902991, 37.702817089], [126.992903524, 37.702799201], [126.992904059, 37.702790297], [126.992904875, 37.702781436], [126.992906084, 37.702772636], [126.992907832, 37.702763917], [126.992910198, 37.702755429], [126.99291309, 37.70274702], [126.992916364, 37.70273867], [126.992919913, 37.702730363], [126.992927533, 37.702713825], [126.992935523, 37.702697343], [126.992968162, 37.702631498], [126.993012686, 37.702540891], [126.993021128, 37.702524581], [126.993025532, 37.70251651], [126.99303013, 37.702508525], [126.993034995, 37.702500661], [126.993040229, 37.702492965], [126.993045719, 37.70248571], [126.993051558, 37.702478614], [126.993057653, 37.702471632], [126.993063936, 37.702464736], [126.99307686, 37.702451102], [126.993109869, 37.702417315], [126.99312291, 37.702403713], [126.993135554, 37.702389919], [126.99314162, 37.7023829], [126.99314743, 37.702375762], [126.993152898, 37.702368464], [126.993157956, 37.702360978], [126.993162677, 37.702353335], [126.993171457, 37.702337751], [126.993183936, 37.70231413], [126.993192442, 37.702298627], [126.993196947, 37.702291093], [126.993201741, 37.7022838], [126.993206948, 37.702276849], [126.993212732, 37.702270372], [126.993212762, 37.702270346], [126.993219297, 37.702264536], [126.993227189, 37.702259259], [126.993235931, 37.702254679], [126.99324529, 37.702250605], [126.993255092, 37.702246897], [126.993265207, 37.702243445], [126.993275537, 37.702240175], [126.993296595, 37.70223398], [126.993328671, 37.702225231], [126.993350251, 37.702219795], [126.993371229, 37.702214993], [126.993402856, 37.702208341], [126.993434578, 37.702202242], [126.9934558, 37.702198707], [126.993466454, 37.702197223], [126.993477148, 37.702196021], [126.993487759, 37.702195168], [126.993498411, 37.702194589], [126.9935198, 37.702193976], [126.993584181, 37.70219363], [126.993605602, 37.702193274], [126.993616283, 37.702192907], [126.993626936, 37.702192347], [126.993637548, 37.702191523], [126.993647917, 37.702190405], [126.993658247, 37.702189029], [126.993668548, 37.702187463], [126.993678826, 37.702185754], [126.993699335, 37.702182047], [126.993719803, 37.702178097], [126.99375043, 37.702171866], [126.993793385, 37.702162572], [126.993932746, 37.702131708], [126.993964971, 37.702124778], [126.993986392, 37.702120379], [126.994039821, 37.702109991], [126.994093347, 37.702099902], [126.994125521, 37.702094276], [126.994147037, 37.702091113], [126.994157831, 37.702089871], [126.994168663, 37.702088972], [126.994179701, 37.702088484], [126.994190777, 37.702088346], [126.994201883, 37.70208846], [126.994224158, 37.702089168], [126.994268833, 37.702091436], [126.994291156, 37.702092767], [126.994313367, 37.702094316], [126.99432438, 37.702095251], [126.99433529, 37.702096366], [126.994346048, 37.702097745], [126.99435659, 37.7020995], [126.994366827, 37.702101782], [126.994376648, 37.70210479], [126.994385583, 37.702108507], [126.994394126, 37.702112904], [126.994402377, 37.702117804], [126.994410407, 37.702123074], [126.99441827, 37.702128615], [126.994433619, 37.702140251], [126.994448526, 37.702152392], [126.994455788, 37.702158627], [126.994462877, 37.702164983], [126.994469745, 37.702171491], [126.994476419, 37.702178248], [126.994482871, 37.702185147], [126.994489163, 37.702192149], [126.994501429, 37.702206348], [126.994525299, 37.702235113], [126.994536997, 37.702249606], [126.994548443, 37.702264212], [126.994559428, 37.702279025], [126.994569703, 37.702294071], [126.994579537, 37.702309317], [126.994598814, 37.702339939], [126.994608682, 37.702355062], [126.994613804, 37.70236249], [126.99461913, 37.702369775], [126.994624743, 37.702376857], [126.994630753, 37.70238366], [126.9946373, 37.702390087], [126.994644855, 37.702396331], [126.994652992, 37.702402166], [126.994661553, 37.702407703], [126.994670416, 37.70241303], [126.99467949, 37.702418207], [126.994698031, 37.702428289], [126.99483016, 37.702497229], [126.99486762, 37.702516463], [126.994904033, 37.702534627], [126.994940574, 37.702552619], [126.994968117, 37.702565879], [126.994986661, 37.702574402], [126.994996037, 37.702578481], [126.99500552, 37.702582375], [126.995015145, 37.702586021], [126.995025454, 37.702589532], [126.995035918, 37.70259277], [126.995057151, 37.702598715], [126.995121665, 37.702615137], [126.995143029, 37.702620854], [126.995153602, 37.702623901], [126.995164062, 37.702627148], [126.995174364, 37.702630667], [126.995184298, 37.70263445], [126.995194079, 37.702638499], [126.995203747, 37.702642743], [126.995213336, 37.702647128], [126.995232353, 37.702656174], [126.995260681, 37.702670089], [126.995317188, 37.702698186], [126.995345577, 37.702711992], [126.995364708, 37.702720826], [126.995374394, 37.702725024], [126.995384203, 37.702728998], [126.995394179, 37.702732667], [126.99540437, 37.702735965], [126.995414727, 37.702738959], [126.995425208, 37.702741731], [126.995435778, 37.702744345], [126.995457083, 37.702749281], [126.995532214, 37.702765626], [126.995553704, 37.702770156], [126.995575192, 37.702774437], [126.99558594, 37.702776391], [126.99559669, 37.702778141], [126.995607446, 37.702779601], [126.995618212, 37.702780657], [126.995628992, 37.702781157], [126.99563998, 37.702780971], [126.995650982, 37.702780212], [126.995661995, 37.702779036], [126.995673015, 37.702777565], [126.99568404, 37.702775886], [126.9957061, 37.702772151], [126.995783431, 37.702758236], [126.995805611, 37.702754585], [126.995827893, 37.702751389], [126.995838726, 37.702750086], [126.995860475, 37.702747861], [126.995925764, 37.702742081], [126.995936512, 37.702740935], [126.995947153, 37.702739615], [126.99595764, 37.702738041], [126.995967908, 37.702736105], [126.995977875, 37.702733669], [126.995987429, 37.702730549], [126.995996601, 37.702726539], [126.996005349, 37.70272183], [126.99601379, 37.702716608], [126.996022007, 37.702711018], [126.996030066, 37.702705167], [126.996045879, 37.70269297], [126.996061442, 37.702680405], [126.996076808, 37.702667633], [126.996091896, 37.702654657], [126.996106473, 37.702641353], [126.996113443, 37.7026345], [126.996119899, 37.702627715], [126.996132214, 37.702613771], [126.996167544, 37.702571139], [126.996173564, 37.702564229], [126.996179736, 37.702557493], [126.996186132, 37.702551007], [126.996192843, 37.70254487], [126.996199986, 37.702539213], [126.996207715, 37.702534204], [126.996216647, 37.702529765], [126.996226224, 37.702526039], [126.996236267, 37.702522831], [126.996246647, 37.702519995], [126.996257262, 37.702517422], [126.996278925, 37.702512752], [126.99633391, 37.70250193], [126.996355825, 37.702497398], [126.996366701, 37.702494978], [126.996377493, 37.702492398], [126.996388169, 37.702489594], [126.996398688, 37.702486485], [126.996408962, 37.702483025], [126.996419081, 37.702479265], [126.996429088, 37.702475286], [126.996439014, 37.70247115], [126.996458715, 37.702462582], [126.996595733, 37.70240071], [126.996615192, 37.702391773], [126.996634384, 37.702382595], [126.996643789, 37.702377834], [126.996652994, 37.702372892], [126.996661917, 37.702367693], [126.996670453, 37.702362142], [126.996678206, 37.702356402], [126.996685598, 37.702350333], [126.996692721, 37.702344021], [126.99669965, 37.702337534], [126.996706442, 37.702330919], [126.99671976, 37.702317452], [126.996772199, 37.7022628], [126.996792274, 37.702242589], [126.996806137, 37.702229452], [126.996813569, 37.702222816], [126.996828828, 37.70220982], [126.9968444, 37.702197044], [126.996868018, 37.702178062], [126.996872067, 37.702174833], [126.996942265, 37.702118862], [126.997065658, 37.702020477], [126.997144556, 37.701957326], [126.997191572, 37.701919115], [126.997355751, 37.701785073], [126.997488397, 37.701676268], [126.997504198, 37.701663696], [126.997512212, 37.701657541], [126.997520346, 37.701651527], [126.997528654, 37.701645712], [126.9975372, 37.701640175], [126.997546076, 37.701635017], [126.997554746, 37.701630611], [126.997563707, 37.701626542], [126.997572884, 37.701622721], [126.997582214, 37.701619077], [126.997601158, 37.701612107], [126.997629782, 37.701601853], [126.99764868, 37.701594738], [126.99765798, 37.701590975], [126.997667127, 37.701587], [126.9976764, 37.701582615], [126.997685509, 37.701578003], [126.997703388, 37.701568315], [126.997721002, 37.701558262], [126.997764695, 37.701532652], [126.997782263, 37.701522512], [126.997800045, 37.701512636], [126.997809073, 37.701507868], [126.997818245, 37.701503239], [126.99783687, 37.701494326], [126.997855726, 37.701485704], [126.997884266, 37.701473115], [126.997903448, 37.701464962], [126.99792283, 37.701457137], [126.997932639, 37.701453421], [126.997953265, 37.70144624], [126.997974164, 37.701439513], [126.997995212, 37.701433021], [126.998079835, 37.701407547], [126.998100848, 37.701400899], [126.998121409, 37.701393825], [126.998131441, 37.701390077], [126.998141312, 37.701386167], [126.998150972, 37.701382067], [126.998160349, 37.701377727], [126.998169333, 37.701373073], [126.998177782, 37.701368], [126.998185502, 37.701362361], [126.998192321, 37.701356053], [126.998198415, 37.701349188], [126.998203977, 37.701341917], [126.998209154, 37.701334353], [126.998214052, 37.701326579], [126.998218746, 37.70131866], [126.998227719, 37.70130254], [126.998236261, 37.701286189], [126.998240366, 37.701277947], [126.998248082, 37.701261648], [126.998255513, 37.701245262], [126.998280989, 37.701187842], [126.998292361, 37.701163495], [126.998296385, 37.701155499], [126.998300614, 37.701147608], [126.99830513, 37.701139862], [126.998310038, 37.701132317], [126.99831548, 37.701125042], [126.998321722, 37.701117932], [126.998328521, 37.701111104], [126.998335724, 37.701104481], [126.998343217, 37.701098005], [126.998350912, 37.701091633], [126.998390451, 37.701060316], [126.998405943, 37.701047628], [126.998413408, 37.701041143], [126.998420576, 37.701034508], [126.998427327, 37.701027665], [126.998433511, 37.701020535], [126.998438901, 37.701013209], [126.998443745, 37.701005607], [126.998448191, 37.700997805], [126.998452353, 37.700989859], [126.998460169, 37.700973704], [126.998475451, 37.700941145], [126.998479515, 37.700933093], [126.998483807, 37.700925131], [126.998488416, 37.700917295], [126.998493578, 37.700909379], [126.998499081, 37.700901599], [126.998504834, 37.70089392], [126.998516831, 37.700878757], [126.99853551, 37.700856308], [126.998554769, 37.700834193], [126.998568149, 37.700819823], [126.998575136, 37.700812851], [126.998582424, 37.700806092], [126.998590048, 37.700799623], [126.998597972, 37.700793368], [126.998606114, 37.70078727], [126.99862283, 37.700775384], [126.998639888, 37.700763755], [126.998665863, 37.700746635], [126.998691667, 37.700730245], [126.99876083, 37.700686918], [126.998777942, 37.700675926], [126.998794814, 37.700664714], [126.998818805, 37.700647825], [126.998873906, 37.700607593], [126.998898541, 37.700590071], [126.998966059, 37.70054337], [126.999000072, 37.700520289], [126.999017339, 37.700509057], [126.999026116, 37.700503615], [126.999035045, 37.700498352], [126.999044178, 37.700493336], [126.99905345, 37.700488677], [126.999062923, 37.700484261], [126.999082269, 37.700475908], [126.999101925, 37.700467928], [126.999121734, 37.700460145], [126.99914163, 37.700452504], [126.99916161, 37.700445056], [126.999181732, 37.700437974], [126.999191884, 37.70043467], [126.999202128, 37.700431607], [126.9992125, 37.700428871], [126.999223149, 37.700426502], [126.999233922, 37.70042445], [126.999244776, 37.700422604], [126.999277508, 37.700417429], [126.999288379, 37.700415557], [126.99929918, 37.700413467], [126.999309987, 37.700411066], [126.999320715, 37.700408421], [126.99934201, 37.70040264], [126.999373747, 37.700393322], [126.999426509, 37.700377298], [126.999468685, 37.700364398], [126.999500097, 37.700354455], [126.999520668, 37.700347374], [126.99953073, 37.700343556], [126.999540559, 37.700339449], [126.999550067, 37.700334946], [126.999559137, 37.700329982], [126.999567891, 37.700324623], [126.999576412, 37.700318977], [126.999593003, 37.700307128], [126.999617323, 37.70028865], [126.999681496, 37.700238547], [126.999705706, 37.700219932], [126.999722078, 37.700207786], [126.999730402, 37.700201872], [126.999738871, 37.700196121], [126.999747536, 37.700190597], [126.999756475, 37.700185382], [126.999765155, 37.700180834], [126.999774076, 37.700176559], [126.999792389, 37.700168541], [126.999839024, 37.700149377], [126.999857348, 37.700141241], [126.999866605, 37.700136757], [126.999884762, 37.700127321], [126.999911478, 37.700112488], [126.999937826, 37.700097212], [126.999963735, 37.700081484], [126.99998053, 37.700070562], [126.999996918, 37.700059274], [127.000021141, 37.700041994], [127.000077352, 37.70000137], [127.000093549, 37.699989889], [127.00010994, 37.699978586], [127.000134017, 37.699962721], [127.000174601, 37.699936689], [127.000190915, 37.699926061], [127.000207242, 37.699915169], [127.000223344, 37.699904104], [127.000239061, 37.699892764], [127.000246682, 37.699886929], [127.000254069, 37.699880931], [127.000261141, 37.699874717], [127.00026806, 37.699868017], [127.000274661, 37.699861094], [127.000281047, 37.699854018], [127.000306057, 37.699825042], [127.000338185, 37.699788542], [127.000350701, 37.699773889], [127.000356691, 37.699766496], [127.000362383, 37.699759027], [127.000367649, 37.699751447], [127.000372318, 37.699743709], [127.000376169, 37.699735754], [127.000378886, 37.699728], [127.000380864, 37.699720048], [127.000382302, 37.699711952], [127.000383354, 37.699703751], [127.000384146, 37.699695475], [127.000386543, 37.699662071], [127.000387347, 37.699653725], [127.000388402, 37.699645411], [127.000389819, 37.699637144], [127.000391759, 37.699628651], [127.00039411, 37.699620218], [127.000396785, 37.699611839], [127.000399725, 37.699603509], [127.000402894, 37.699595231], [127.000406278, 37.699587012], [127.00040989, 37.699578864], [127.000413759, 37.699570807], [127.000417939, 37.699562868], [127.000422515, 37.699555082], [127.000427056, 37.699548175], [127.000431871, 37.699541379], [127.000446724, 37.699521179], [127.000451417, 37.699514357], [127.000455768, 37.699507409], [127.000460089, 37.699499473], [127.000463942, 37.699491363], [127.000467438, 37.699483125], [127.000470661, 37.699474789], [127.000473669, 37.69946638], [127.000479174, 37.699449404], [127.000481692, 37.699440855], [127.000486108, 37.699424066], [127.000491643, 37.699399331], [127.000505213, 37.699333084], [127.000510919, 37.699308128], [127.000515061, 37.699291597], [127.000519665, 37.699275259], [127.000522258, 37.699267221], [127.000525147, 37.699259319], [127.000528448, 37.699251605], [127.000532306, 37.69924415], [127.000536916, 37.699237042], [127.000542827, 37.699229926], [127.000549576, 37.699223198], [127.000556934, 37.699216752], [127.000564725, 37.699210507], [127.000572821, 37.699204404], [127.000589575, 37.699192459], [127.000667154, 37.699139717], [127.00069273, 37.69912191], [127.000709385, 37.699109733], [127.000717491, 37.699103472], [127.000724883, 37.699097479], [127.000739237, 37.699085169], [127.000753149, 37.699072549], [127.00076661, 37.699059663], [127.000773118, 37.699053101], [127.000779414, 37.699046435], [127.000785435, 37.699039631], [127.000791088, 37.699032648], [127.000796562, 37.699025064], [127.00080164, 37.699017287], [127.000806429, 37.699009369], [127.000815455, 37.698993267], [127.000832519, 37.698960583], [127.000853203, 37.698919487], [127.00086111, 37.698902966], [127.000864871, 37.698894663], [127.000868433, 37.698886315], [127.000871717, 37.698877901], [127.000874635, 37.698869499], [127.00087728, 37.698861032], [127.000882028, 37.698843974], [127.000888433, 37.698818222], [127.00090259, 37.698757955], [127.000908855, 37.698732165], [127.000913334, 37.698715032], [127.000918328, 37.698698003], [127.000921117, 37.698689555], [127.000927163, 37.698672755], [127.000936889, 37.698647691], [127.000950539, 37.698614449], [127.000957772, 37.698597965], [127.000961584, 37.698589791], [127.000965591, 37.698581686], [127.000969862, 37.698573673], [127.000974369, 37.698565911], [127.000984029, 37.698550612], [127.00100401, 37.698520221], [127.001013328, 37.698504884], [127.0010177, 37.698497168], [127.001026118, 37.698481609], [127.001054638, 37.698426808], [127.001063231, 37.69841134], [127.001067766, 37.698403705], [127.001072541, 37.698396169], [127.001077918, 37.698388309], [127.00108939, 37.698372887], [127.001101412, 37.69835769], [127.001131994, 37.698319897], [127.001143881, 37.69830461], [127.001154586, 37.698290036], [127.001164951, 37.698275304], [127.001180044, 37.698253002], [127.001194797, 37.698229952], [127.001214262, 37.698197526], [127.001242691, 37.698148601], [127.001251831, 37.698132201], [127.001256236, 37.698123957], [127.001260469, 37.698115668], [127.00126446, 37.698107315], [127.001268119, 37.698098874], [127.001271184, 37.69809086], [127.001273954, 37.698082768], [127.001276505, 37.698074618], [127.001281189, 37.69805821], [127.001292369, 37.69801709], [127.001297467, 37.698000865], [127.001300385, 37.69799288], [127.001303677, 37.697985022], [127.001307476, 37.697977339], [127.001312151, 37.697969455], [127.001317397, 37.697961772], [127.001323081, 37.697954251], [127.001329103, 37.697946863], [127.0013354, 37.697939595], [127.00134193, 37.697932444], [127.001348672, 37.697925416], [127.001368566, 37.697905736], [127.001374978, 37.697899117], [127.001381045, 37.69789235], [127.001386591, 37.697885351], [127.001391541, 37.697877953], [127.001395923, 37.697870298], [127.001399879, 37.697862453], [127.001403517, 37.697854467], [127.001406916, 37.697846377], [127.001413195, 37.69782999], [127.00141893, 37.697813426], [127.001421587, 37.697805096], [127.001424066, 37.697796735], [127.001426322, 37.697788338], [127.001428285, 37.697779897], [127.001429894, 37.697771468], [127.001431234, 37.697762999], [127.001435519, 37.697728997], [127.001438002, 37.697712072], [127.00143961, 37.697703676], [127.001441614, 37.697695354], [127.001444022, 37.697687384], [127.001446825, 37.69767949], [127.001449934, 37.697671657], [127.001453287, 37.697663877], [127.00146057, 37.697648484], [127.001468561, 37.697633368], [127.001472866, 37.697625966], [127.00147744, 37.697618714], [127.001482364, 37.697611666], [127.001487746, 37.697604891], [127.001493786, 37.697598311], [127.001513169, 37.697579546], [127.0015192, 37.697573196], [127.001524686, 37.69756584], [127.001529185, 37.697557315], [127.001532881, 37.697547784], [127.001535865, 37.697537698], [127.001538227, 37.697527514], [127.00154005, 37.697517679], [127.001541408, 37.697508643], [127.001542366, 37.697500847], [127.001546262, 37.697486745], [127.001554526, 37.697492155], [127.00156328, 37.697497128], [127.001572391, 37.697501769], [127.001581763, 37.697506146], [127.001591328, 37.697510303], [127.001601037, 37.69751425], [127.001610864, 37.697517977], [127.001620797, 37.69752144], [127.00163084, 37.697524567], [127.001641007, 37.697527249], [127.001651331, 37.697529336], [127.001661532, 37.697530668], [127.001671866, 37.69753142], [127.001682287, 37.69753172], [127.001692757, 37.697531652], [127.001703243, 37.697531266], [127.001713715, 37.69753058], [127.00172414, 37.69752958], [127.001734484, 37.69752822], [127.001744711, 37.69752642], [127.0017551, 37.697524036], [127.001765357, 37.697521218], [127.001775516, 37.697518087], [127.0017856, 37.697514733], [127.00179563, 37.697511223], [127.001815578, 37.697503913], [127.001845327, 37.697492579], [127.001963728, 37.697446215], [127.002002947, 37.697430436], [127.00202241, 37.697422127], [127.002051438, 37.697409085], [127.002118916, 37.69737796], [127.00214749, 37.69736432], [127.002156784, 37.697359625], [127.002165857, 37.69735479], [127.002174605, 37.697349756], [127.002182887, 37.697344438], [127.002190515, 37.697338727], [127.002197244, 37.69733248], [127.002202818, 37.697325654], [127.0022075, 37.697318301], [127.002211524, 37.697310565], [127.002215062, 37.697302555], [127.00221823, 37.697294356], [127.002221104, 37.697286038], [127.002223714, 37.697277651], [127.002226056, 37.697269247], [127.002228083, 37.697260867], [127.002229703, 37.697252558], [127.002230776, 37.697244372], [127.002231096, 37.69723637], [127.002230385, 37.697228631], [127.002228273, 37.697221252], [127.002224658, 37.697214609], [127.002281211, 37.697241055], [127.002304476, 37.697253457], [127.002326381, 37.69726473], [127.002330051, 37.697266522], [127.002333901, 37.697268402], [127.00233578, 37.697269319], [127.002344886, 37.697273557], [127.002364251, 37.69728191], [127.002383914, 37.697289849], [127.002413665, 37.697301396], [127.002443582, 37.697312685], [127.002463635, 37.697320021], [127.002494259, 37.697330592], [127.002535628, 37.697344076], [127.00266004, 37.697383918], [127.002711438, 37.697400705], [127.002742168, 37.697410921], [127.002762458, 37.697417953], [127.002772477, 37.697421613], [127.002782359, 37.697425425], [127.002792048, 37.697429454], [127.00280147, 37.697433783], [127.002810524, 37.697438525], [127.002818983, 37.697443671], [127.002827085, 37.697449218], [127.002834924, 37.697455062], [127.002842571, 37.69746112], [127.002850081, 37.697467332], [127.00286484, 37.697480052], [127.002908454, 37.697518956], [127.002923114, 37.697531776], [127.002938075, 37.697544237], [127.002945757, 37.697550225], [127.002953649, 37.697555961], [127.002961828, 37.697561352], [127.002970397, 37.697566274], [127.002979476, 37.697570644], [127.002988947, 37.697574543], [127.002998705, 37.697578097], [127.003008671, 37.697581403], [127.003029001, 37.697587546], [127.003059978, 37.697596208], [127.003132683, 37.697615963], [127.003163867, 37.697624089], [127.003184728, 37.697628936], [127.003195205, 37.697631014], [127.00320573, 37.697632738], [127.003216324, 37.697633974], [127.003226992, 37.697634618], [127.003237727, 37.697634777], [127.003248514, 37.697634582], [127.003270193, 37.697633507], [127.003291953, 37.697631927], [127.003324664, 37.697629191], [127.003357355, 37.697626271], [127.003379046, 37.697624136], [127.003400515, 37.697621595], [127.003411098, 37.697620041], [127.003421521, 37.697618185], [127.003431726, 37.697615912], [127.003441633, 37.697613066], [127.003451417, 37.697609426], [127.003460889, 37.697605187], [127.003470136, 37.697600513], [127.003479219, 37.697595528], [127.003497079, 37.697584969], [127.003523499, 37.697568432], [127.003576072, 37.69753487], [127.003611225, 37.697512646], [127.003637811, 37.697496245], [127.003655795, 37.697485604], [127.0036822, 37.697470929], [127.003762641, 37.697428255], [127.003789243, 37.697413788], [127.003816545, 37.697398246], [127.003897709, 37.697350801], [127.003915947, 37.697340532], [127.003925173, 37.697335539], [127.003934508, 37.697330691], [127.003943993, 37.697326044], [127.003953188, 37.697321846], [127.003962521, 37.697317831], [127.003971956, 37.697313952], [127.003991026, 37.697306458], [127.004039107, 37.697288269], [127.004058243, 37.69728087], [127.004077139, 37.697273158], [127.004086431, 37.697269101], [127.00409557, 37.697264842], [127.004104745, 37.697260227], [127.004113759, 37.697255403], [127.004131465, 37.697245333], [127.004157592, 37.697229667], [127.004218133, 37.697192541], [127.004244345, 37.697176926], [127.004262148, 37.697166895], [127.004280491, 37.697157293], [127.00430853, 37.697143495], [127.004336926, 37.697130128], [127.004356049, 37.697121486], [127.004375413, 37.697113223], [127.004385231, 37.69710932], [127.004395178, 37.697105638], [127.004404695, 37.697102404], [127.00441431, 37.697099353], [127.004452824, 37.697087722], [127.004462199, 37.69708465], [127.004471325, 37.697081364], [127.004480096, 37.697077764], [127.004488375, 37.697073725], [127.004495986, 37.697069088], [127.004563975, 37.697102163], [127.004589211, 37.697113005], [127.004600194, 37.697117573], [127.004619608, 37.697125325], [127.004639134, 37.697132896], [127.004756737, 37.697177635], [127.004776145, 37.697185337], [127.004785759, 37.697189306], [127.004795278, 37.697193393], [127.004804669, 37.697197643], [127.004813888, 37.697202114], [127.004823177, 37.697207004], [127.004832286, 37.697212125], [127.004841262, 37.697217415], [127.004858964, 37.697228314], [127.004902855, 37.697255985], [127.004920719, 37.697266579], [127.004929842, 37.697271581], [127.004939166, 37.697276277], [127.004948765, 37.697280548], [127.004958745, 37.697284315], [127.004969003, 37.697287654], [127.004979463, 37.697290681], [127.005000774, 37.697296125], [127.005022379, 37.697301074], [127.005044117, 37.697305671], [127.005065915, 37.697309808], [127.00507683, 37.697311596], [127.005087753, 37.697313093], [127.005098688, 37.697314185], [127.005109639, 37.697314719], [127.005120405, 37.697314577], [127.005131187, 37.697313894], [127.005141979, 37.697312817], [127.00515278, 37.697311456], [127.005174389, 37.697308187], [127.005195997, 37.697304494], [127.005217578, 37.697300547], [127.005239089, 37.697296334], [127.005249795, 37.697294081], [127.005260451, 37.697291684], [127.005270934, 37.697289138], [127.005291766, 37.697283668], [127.005312497, 37.697277909], [127.005343463, 37.697269005], [127.005363936, 37.697262887], [127.005384053, 37.697256454], [127.005393858, 37.697253018], [127.005403394, 37.697249347], [127.005412551, 37.697245347], [127.005421181, 37.697240889], [127.005429098, 37.697235808], [127.005435974, 37.697230124], [127.005442165, 37.697223842], [127.005447846, 37.697217115], [127.005453152, 37.697210062], [127.005458186, 37.69720277], [127.00546772, 37.697187724], [127.005476839, 37.697172325], [127.005503162, 37.697125772], [127.005512088, 37.697110621], [127.005516744, 37.697103255], [127.005521615, 37.697096114], [127.005526788, 37.697089293], [127.00553238, 37.697082914], [127.005538544, 37.697077139], [127.00554548, 37.697072179], [127.005553855, 37.697067986], [127.005563083, 37.6970647], [127.005572933, 37.697062076], [127.005583228, 37.697059935], [127.005593838, 37.697058146], [127.005604663, 37.697056618], [127.005615635, 37.697055294], [127.005637836, 37.697053167], [127.005649003, 37.69705238], [127.005660195, 37.697051827], [127.005671398, 37.697051577], [127.005682613, 37.697051687], [127.005693829, 37.697052089], [127.005716254, 37.697053462], [127.005749856, 37.697056243], [127.005828121, 37.697063384], [127.005850453, 37.697065178], [127.005861607, 37.697065931], [127.00587275, 37.697066529], [127.005883876, 37.697066906], [127.005894974, 37.697066976], [127.005906036, 37.697066621], [127.005916511, 37.697065802], [127.005926949, 37.697064594], [127.005937363, 37.697063096], [127.005947755, 37.697061384], [127.00596848, 37.697057521], [127.005989088, 37.697053238], [127.005999314, 37.697050948], [127.006009458, 37.697048534], [127.006019483, 37.697045961], [127.006029338, 37.697043167], [127.006038957, 37.697040075], [127.00604825, 37.697036576], [127.006057102, 37.697032528], [127.006065757, 37.697027604], [127.006073942, 37.697022092], [127.006081787, 37.697016152], [127.006089392, 37.697009908], [127.006096828, 37.697003449], [127.006104153, 37.696996845], [127.006118595, 37.696983375], [127.006132865, 37.696969729], [127.006146919, 37.69695599], [127.006160501, 37.696942132], [127.00616695, 37.696935122], [127.006173027, 37.69692802], [127.006178576, 37.696920787], [127.006183386, 37.696913368], [127.006187182, 37.696905692], [127.006189692, 37.696897882], [127.006191224, 37.696889824], [127.006192031, 37.696881583], [127.006192311, 37.696873211], [127.006192206, 37.696864747], [127.006191236, 37.696847648], [127.006189623, 37.696830438], [127.006186425, 37.696804118], [127.006170024, 37.696681203], [127.006164325, 37.696637193], [127.006160091, 37.696602247], [127.006158326, 37.696585066], [127.006157681, 37.696576694], [127.006157304, 37.696568572], [127.00615732, 37.696560818], [127.006157895, 37.69655359], [127.006159257, 37.6965471], [127.006161705, 37.696541632], [127.00616563, 37.696537551], [127.006171498, 37.696535119], [127.006178902, 37.69653413], [127.006187427, 37.696534195], [127.006196757, 37.696535013], [127.006206656, 37.696536365], [127.006216947, 37.696538085], [127.006227502, 37.696540051], [127.006249066, 37.69654441], [127.006303609, 37.696556179], [127.006325256, 37.696561138], [127.006335987, 37.696563745], [127.006346632, 37.696566494], [127.006357167, 37.696569441], [127.006367328, 37.696572558], [127.006377387, 37.696575868], [127.006387367, 37.696579319], [127.006407173, 37.696586496], [127.006446477, 37.696601336], [127.00654434, 37.696638854], [127.006573814, 37.696650345], [127.006623491, 37.696670128], [127.006673084, 37.696690104], [127.006758486, 37.696724784], [127.006762305, 37.696726335], [127.006782184, 37.696734153], [127.006802167, 37.696741484], [127.00681223, 37.696744808], [127.006822367, 37.696747773], [127.006832607, 37.696750239], [127.00684299, 37.696752016], [127.006853321, 37.696752944], [127.006863789, 37.696753211], [127.006874359, 37.696752993], [127.006885003, 37.696752425], [127.006906434, 37.696750623], [127.006927972, 37.696748334], [127.006960328, 37.696744505], [127.006992551, 37.696740267], [127.007013778, 37.696736924], [127.007024241, 37.696734943], [127.007034549, 37.696732644], [127.007044647, 37.696729907], [127.007054462, 37.696726648], [127.007064069, 37.696722951], [127.007073524, 37.696718937], [127.007082869, 37.696714693], [127.00710135, 37.696705765], [127.007119667, 37.696696509], [127.007137861, 37.696687078], [127.007155876, 37.696677487], [127.007173521, 37.69666762], [127.007182095, 37.696662506], [127.00719041, 37.696657201], [127.00719837, 37.696651633], [127.007205842, 37.696645706], [127.007212999, 37.696639071], [127.007219634, 37.696632049], [127.007225889, 37.696624745], [127.00723187, 37.696617239], [127.007243312, 37.69660184], [127.007254373, 37.696586159], [127.007287143, 37.696538826], [127.00729843, 37.696523364], [127.007304291, 37.696515822], [127.007310388, 37.696508484], [127.007316817, 37.696501436], [127.00732371, 37.696494792], [127.007327873, 37.696491427], [127.007354465, 37.696615865], [127.007362135, 37.696650848], [127.007368494, 37.696676962], [127.007370886, 37.696685612], [127.007373501, 37.696694217], [127.007376401, 37.696702799], [127.007382808, 37.69671984], [127.007389686, 37.696736785], [127.00739679, 37.696753685], [127.007501457, 37.696998403], [127.007545081, 37.697099649], [127.007555819, 37.697125001], [127.0075626, 37.697141965], [127.007565581, 37.697149978], [127.007570959, 37.697166077], [127.007573253, 37.697174167], [127.007575173, 37.697182293], [127.007576604, 37.697190464], [127.007577475, 37.697199048], [127.007577825, 37.697207676], [127.007577795, 37.697216339], [127.007576993, 37.69723373], [127.007575636, 37.69725117], [127.007574028, 37.697268632], [127.00756011, 37.697408445], [127.007558654, 37.697425883], [127.007557718, 37.697443246], [127.007557609, 37.697451874], [127.007557875, 37.697460448], [127.007558661, 37.697468945], [127.00756016, 37.697477338], [127.007562522, 37.697485603], [127.007565595, 37.697493763], [127.007569188, 37.697501846], [127.007573156, 37.697509875], [127.007577388, 37.697517867], [127.007586343, 37.697533778], [127.007647433, 37.697636774], [127.007657002, 37.69765253], [127.007666865, 37.69766815], [127.007677314, 37.697683506], [127.007682922, 37.697691092], [127.007688729, 37.69769859], [127.007706872, 37.697720758], [127.007737793, 37.697757375], [127.007749833, 37.697772134], [127.007755634, 37.697779592], [127.007761206, 37.697787134], [127.007766456, 37.697794791], [127.007771265, 37.697802608], [127.007775624, 37.697810789], [127.007779527, 37.697819135], [127.0077831, 37.6978276], [127.007786437, 37.697836151], [127.007792668, 37.697853412], [127.007798588, 37.697870786], [127.007833166, 37.697975359], [127.007838732, 37.697992817], [127.007843998, 37.698010327], [127.00785091, 37.698036045], [127.007857327, 37.698061851], [127.007902686, 37.698251416], [127.007911331, 37.698285785], [127.007916213, 37.698302835], [127.007918948, 37.698311288], [127.007921977, 37.698319669], [127.007925355, 37.698327938], [127.007932913, 37.698344281], [127.007941106, 37.698360469], [127.007949613, 37.69837658], [127.008014793, 37.698497082], [127.008040443, 37.698545414], [127.008048785, 37.698561837], [127.008061071, 37.698586914], [127.008105066, 37.698679216], [127.00811727, 37.698704301], [127.008125786, 37.698720864], [127.008130273, 37.69872905], [127.008134998, 37.698737135], [127.008140048, 37.698745082], [127.008145511, 37.698752877], [127.008151301, 37.698760534], [127.008157329, 37.69876809], [127.008163527, 37.698775575], [127.008176245, 37.698790408], [127.008208785, 37.698827184], [127.008294015, 37.698922582], [127.008313215, 37.698944749], [127.008319359, 37.69895222], [127.00832527, 37.698959764], [127.008330848, 37.698967414], [127.008335958, 37.698975212], [127.008340424, 37.698983213], [127.008344048, 37.698991326], [127.008347046, 37.698999636], [127.008349587, 37.699008092], [127.0083518, 37.69901665], [127.008355604, 37.699033965], [127.008360557, 37.699060174], [127.008385633, 37.699200363], [127.008390645, 37.699226588], [127.008394364, 37.699244005], [127.008396445, 37.699252673], [127.008398754, 37.699261298], [127.008403851, 37.699277451], [127.008406682, 37.69928547], [127.00841277, 37.699301411], [127.008419406, 37.699317197], [127.008422975, 37.699325009], [127.008426768, 37.699332746], [127.008430848, 37.699340383], [127.008435613, 37.699348462], [127.008440695, 37.69935643], [127.008451478, 37.699372148], [127.008462725, 37.699387701], [127.008479952, 37.699410903], [127.008566823, 37.699526663], [127.008578206, 37.699542154], [127.00858919, 37.699557753], [127.008594401, 37.699565628], [127.008599313, 37.699573586], [127.008603808, 37.699581654], [127.008607727, 37.69958988], [127.00861093, 37.69959826], [127.008613563, 37.699606794], [127.008615779, 37.699615442], [127.008617699, 37.699624169], [127.008619411, 37.699632953], [127.008622452, 37.699650624], [127.008645633, 37.699801551], [127.008712607, 37.700227282], [127.008733384, 37.700360344], [127.008739149, 37.700395795], [127.008742354, 37.700413472], [127.008746079, 37.700431073], [127.008748226, 37.700439767], [127.008752994, 37.700457084], [127.008758134, 37.700474348], [127.008779814, 37.700543255], [127.008810346, 37.700638027], [127.008818305, 37.700663854], [127.008820707, 37.700672448], [127.008822869, 37.700681026], [127.008824688, 37.700689583], [127.008826018, 37.700698109], [127.008826665, 37.700706592], [127.008826378, 37.700715016], [127.00882496, 37.700723317], [127.008822615, 37.700731559], [127.008819592, 37.70073976], [127.008816079, 37.70074793], [127.008812218, 37.700756078], [127.008808113, 37.70076421], [127.008799452, 37.70078045], [127.008763149, 37.700845376], [127.008754235, 37.700861651], [127.008745765, 37.700877973], [127.008741853, 37.70088616], [127.008738289, 37.700894374], [127.008735219, 37.70090262], [127.008732841, 37.700910907], [127.008731415, 37.700919246], [127.008731154, 37.700927581], [127.008731855, 37.700935951], [127.008733286, 37.70094433], [127.008735285, 37.700952687], [127.00873775, 37.700960986], [127.008740632, 37.700969182], [127.008743933, 37.700977216], [127.008747701, 37.700985017], [127.008752044, 37.700992481], [127.008757121, 37.700999483], [127.008763165, 37.701005851], [127.008770434, 37.701011507], [127.008778648, 37.701016532], [127.008787527, 37.701021112], [127.00879685, 37.701025396], [127.00882577, 37.701037646], [127.008835229, 37.701041882], [127.008844336, 37.701046387], [127.008852898, 37.7010513], [127.008860676, 37.701056798], [127.008867186, 37.701062722], [127.00887293, 37.701069203], [127.008878073, 37.701076105], [127.008882729, 37.701083324], [127.008886967, 37.701090783], [127.00889082, 37.70109843], [127.008894281, 37.701106228], [127.008897305, 37.70111416], [127.008899807, 37.70112222], [127.008901743, 37.701130523], [127.008903186, 37.701138924], [127.008904271, 37.701147395], [127.008905749, 37.701164462], [127.008906718, 37.70118161], [127.008909168, 37.701233069], [127.008910457, 37.701250142], [127.008911342, 37.701258644], [127.008912469, 37.701267114], [127.008913921, 37.701275543], [127.008915793, 37.701284045], [127.008917997, 37.701292504], [127.008920446, 37.701300931], [127.00892583, 37.701317722], [127.008931593, 37.70133446], [127.008940607, 37.701359507], [127.008946816, 37.701376162], [127.008953268, 37.701392754], [127.008956638, 37.701401012], [127.008963451, 37.701416803], [127.008988245, 37.701471788], [127.008994814, 37.701487598], [127.008997833, 37.701495558], [127.009000591, 37.701503573], [127.009003167, 37.701512118], [127.009007539, 37.70152937], [127.009018554, 37.701581537], [127.009022688, 37.701598791], [127.009025096, 37.701607327], [127.009027857, 37.701615769], [127.009031103, 37.701624082], [127.009034944, 37.701632241], [127.009039272, 37.70164027], [127.00904396, 37.701648205], [127.009048911, 37.70165607], [127.00905932, 37.701671669], [127.009086246, 37.701710401], [127.009096555, 37.701725938], [127.009101369, 37.701733749], [127.009105816, 37.701741605], [127.009109742, 37.701749525], [127.009112941, 37.701757533], [127.009115144, 37.701765661], [127.009116135, 37.701773931], [127.009116131, 37.701782321], [127.009115402, 37.701790799], [127.009114149, 37.701799339], [127.009112524, 37.701807922], [127.009110634, 37.701816534], [127.00910634, 37.701833798], [127.009099036, 37.701859651], [127.009093481, 37.701876728], [127.009090356, 37.70188517], [127.009086881, 37.701893512], [127.009082946, 37.701901801], [127.009078657, 37.701909991], [127.009069382, 37.701926168], [127.009054564, 37.701950168], [127.009024237, 37.701997924], [127.009014443, 37.702013896], [127.009009744, 37.702021919], [127.009005265, 37.702029984], [127.009001103, 37.702038109], [127.008997394, 37.70204632], [127.008994325, 37.702054652], [127.008992065, 37.702063109], [127.008990472, 37.702071693], [127.008989376, 37.702080371], [127.008988648, 37.702089139], [127.008988193, 37.702098956], [127.008987871, 37.702121639], [127.008988021, 37.702144884], [127.008988507, 37.702176288], [127.008988404, 37.702177932], [127.008931457, 37.702279455], [127.008918794, 37.702303098], [127.008910767, 37.702318882], [127.008903352, 37.702334596], [127.008900044, 37.702342391], [127.008897153, 37.702350119], [127.008894845, 37.702357753], [127.008893339, 37.702365257], [127.008892923, 37.702372582], [127.008893974, 37.702379671], [127.008896943, 37.702386773], [127.00890144, 37.702393646], [127.008907001, 37.702400386], [127.008913259, 37.702407077], [127.008919922, 37.702413795], [127.008961467, 37.702455085], [127.008989165, 37.702483165], [127.009002549, 37.702497242], [127.009008951, 37.702504281], [127.009015032, 37.702511316], [127.009020646, 37.702518346], [127.009025592, 37.702525368], [127.009029601, 37.702532376], [127.009032311, 37.702539368], [127.009033248, 37.702546334], [127.009032081, 37.702553108], [127.009029213, 37.702559859], [127.009025093, 37.702566591], [127.009020062, 37.702573312], [127.009014382, 37.702580023], [127.009008247, 37.702586727], [127.008995156, 37.702600131], [127.008967854, 37.70262701], [127.008954349, 37.702640584], [127.008941309, 37.702654379], [127.008935073, 37.702661415], [127.008928974, 37.702668707], [127.008923086, 37.702676102], [127.008911738, 37.702691102], [127.008895294, 37.702713868], [127.008846986, 37.702782568], [127.008836451, 37.702797895], [127.008826214, 37.702813319], [127.008816583, 37.702828946], [127.00881215, 37.702836888], [127.008807951, 37.702845168], [127.008804046, 37.702853548], [127.008800356, 37.702861999], [127.008793391, 37.702879042], [127.008786734, 37.702896189], [127.008754396, 37.702982235], [127.008747824, 37.702999409], [127.00874104, 37.703016512], [127.008733815, 37.703033466], [127.008729911, 37.703041845], [127.008725715, 37.703050126], [127.00872118, 37.703058254], [127.008716354, 37.703066282], [127.008706127, 37.703082147], [127.008690047, 37.703105694], [127.008596999, 37.703238483], [127.008509792, 37.703363598], [127.00844117, 37.703464444], [127.008367824, 37.703573423], [127.008357018, 37.703588745], [127.008351427, 37.703596264], [127.008345632, 37.703603631], [127.008339549, 37.703610781], [127.008333066, 37.703617629], [127.008326033, 37.703624065], [127.008318324, 37.703630002], [127.008310065, 37.703635525], [127.008301404, 37.703640747], [127.008292455, 37.703645752], [127.00827401, 37.703655351], [127.008255174, 37.703664658], [127.008140985, 37.703719556], [127.008121872, 37.703728566], [127.008102591, 37.703737398], [127.008073375, 37.703750328], [127.008034244, 37.703767316], [127.007936252, 37.703809567], [127.007847901, 37.703847446], [127.007818559, 37.703860187], [127.007799229, 37.703868919], [127.007789711, 37.703873434], [127.007780347, 37.703878108], [127.007771199, 37.703883002], [127.007762351, 37.703888199], [127.007753735, 37.703893857], [127.007745424, 37.703899827], [127.007737336, 37.703906022], [127.007729407, 37.703912379], [127.007713852, 37.703925399], [127.00769096, 37.703945341], [127.007675959, 37.703958826], [127.007661332, 37.703972538], [127.00765426, 37.703979536], [127.007647435, 37.703986679], [127.007640921, 37.703993989], [127.007628557, 37.704008999], [127.007616689, 37.704024308], [127.007605043, 37.704039754], [127.007576414, 37.704078581], [127.007565441, 37.704094205], [127.007560231, 37.704102069], [127.007555326, 37.70410999], [127.007550858, 37.704117992], [127.007547, 37.704126109], [127.007543986, 37.704134387], [127.007542031, 37.70414272], [127.007540898, 37.704151209], [127.007540366, 37.704159812], [127.007540268, 37.704168497], [127.007540477, 37.70417724], [127.007540904, 37.704186026], [127.007542152, 37.704203671], [127.007548552, 37.704274534], [127.007549943, 37.704292201], [127.007550848, 37.704309747], [127.007550955, 37.704318436], [127.007550695, 37.704327034], [127.007549917, 37.704335505], [127.00754842, 37.704343798], [127.007545937, 37.704351847], [127.007542291, 37.704359535], [127.007537676, 37.704366983], [127.007532352, 37.704374256], [127.007526517, 37.704381404], [127.007520321, 37.704388463], [127.007507257, 37.704402415], [127.007493735, 37.704416259], [127.007439006, 37.704471542], [127.007378013, 37.704533928], [127.007364215, 37.704547497], [127.007357162, 37.704554121], [127.007349945, 37.704560573], [127.007342495, 37.704566783], [127.007334724, 37.70457266], [127.007326512, 37.704578081], [127.007317939, 37.704582867], [127.007308944, 37.704587219], [127.007299647, 37.704591264], [127.007290141, 37.7045951], [127.007251364, 37.704609825], [127.00724175, 37.704613669], [127.007232272, 37.704617714], [127.00722262, 37.704622184], [127.007213131, 37.704626886], [127.007194487, 37.704636757], [127.007176115, 37.704647004], [127.007112467, 37.704683745], [127.007085051, 37.70469928], [127.007066487, 37.704709234], [127.007057039, 37.704713977], [127.007047424, 37.704718487], [127.007037882, 37.704722594], [127.007028181, 37.704726477], [127.007018361, 37.704730195], [127.006998488, 37.704737303], [127.006968371, 37.704747536], [127.006887696, 37.704774328], [127.006857705, 37.704784737], [127.006838067, 37.704792157], [127.006828452, 37.704796139], [127.006819042, 37.704800392], [127.006809562, 37.70480514], [127.006800299, 37.704810176], [127.006782186, 37.704820808], [127.006755538, 37.70483747], [127.00672917, 37.704854472], [127.006711803, 37.704865952], [127.006694852, 37.704877674], [127.006686672, 37.704883705], [127.006678805, 37.704889916], [127.006671379, 37.704896382], [127.006664564, 37.7049032], [127.006658597, 37.704910317], [127.006653223, 37.704917774], [127.006648278, 37.704925483], [127.006643641, 37.704933368], [127.00663922, 37.70494138], [127.006636583, 37.704946455], [127.006630773, 37.704957635], [127.006622605, 37.704974048], [127.00661061, 37.704998778], [127.006602839, 37.705015309], [127.006595488, 37.70503191], [127.0065921, 37.705040258], [127.006589008, 37.70504866], [127.006586327, 37.705057136], [127.006584152, 37.705065676], [127.006582389, 37.705074291], [127.006580927, 37.705082961], [127.006578593, 37.705100407], [127.006575866, 37.705126721], [127.006569569, 37.705197082], [127.006567681, 37.70521457], [127.006566539, 37.705223249], [127.006565182, 37.705231858], [127.006563513, 37.705240364], [127.006561408, 37.705248724], [127.006558694, 37.705256882], [127.006555149, 37.705264764], [127.006550814, 37.70527198], [127.00654571, 37.70527894], [127.006540034, 37.705285707], [127.006533937, 37.705292335], [127.006527535, 37.705298859], [127.00651413, 37.705311697], [127.00650025, 37.705324353], [127.0064789, 37.705343067], [127.006456721, 37.705361669], [127.006411996, 37.705398524], [127.006390122, 37.70541718], [127.006383065, 37.705423522], [127.006376214, 37.705429971], [127.006369648, 37.705436571], [127.006363476, 37.70544338], [127.006357576, 37.705450731], [127.006352112, 37.705458313], [127.006346971, 37.705466065], [127.006337338, 37.705481914], [127.006332717, 37.705489974], [127.006322152, 37.705509138], [127.006288753, 37.705571406], [127.00623702, 37.70579803], [127.006230928, 37.705824155], [127.006224354, 37.705850181], [127.006219315, 37.705867401], [127.006216431, 37.705876034], [127.006210129, 37.70589319], [127.006196491, 37.705927296], [127.006098193, 37.706165474], [127.006080397, 37.706207112], [127.006037162, 37.706305591], [127.006025768, 37.706329956], [127.00602171, 37.706337962], [127.006017427, 37.706345869], [127.006012834, 37.706353638], [127.006007818, 37.70636122], [127.006002277, 37.706368586], [127.005996311, 37.706375763], [127.005990032, 37.706382802], [127.005976856, 37.706396606], [127.00596321, 37.706410204], [127.005921651, 37.706450717], [127.005908134, 37.706464359], [127.005901577, 37.706471261], [127.005895234, 37.70647825], [127.005889185, 37.706485357], [127.005883539, 37.706492627], [127.005878439, 37.706500116], [127.005874075, 37.706507724], [127.005870237, 37.706515541], [127.005866782, 37.706523513], [127.005860597, 37.706539745], [127.005849022, 37.706572467], [127.005845901, 37.706580524], [127.005842528, 37.706588456], [127.005838787, 37.706596205], [127.005834536, 37.706603703], [127.005829587, 37.706610856], [127.005823535, 37.706617865], [127.005816731, 37.706624503], [127.00580938, 37.706630871], [127.005801634, 37.706637045], [127.005785391, 37.706649021], [127.005768606, 37.706660731], [127.005708954, 37.706701295], [127.005683603, 37.706718855], [127.005666955, 37.706730767], [127.005642455, 37.706749149], [127.005602288, 37.706780339], [127.005458418, 37.706893196], [127.005411613, 37.706930479], [127.005264407, 37.707048563], [127.005240929, 37.707067009], [127.005225015, 37.707079085], [127.005208686, 37.707090927], [127.005192131, 37.707102575], [127.005108522, 37.707160139], [127.0050917, 37.707171538], [127.005074725, 37.707182744], [127.005057418, 37.707193539], [127.005048549, 37.707198669], [127.005039461, 37.707203529], [127.005029885, 37.707208164], [127.005020082, 37.707212517], [127.005010113, 37.707216666], [127.005000027, 37.707220669], [127.004979632, 37.707228398], [127.0048766, 37.70726574], [127.004845915, 37.707277258], [127.004825751, 37.707285352], [127.004815832, 37.707289629], [127.004806204, 37.707294043], [127.004787264, 37.707303321], [127.004768574, 37.707312952], [127.004750004, 37.707322754], [127.004592735, 37.707406879], [127.004453734, 37.707480847], [127.004416925, 37.707500828], [127.00439887, 37.707511158], [127.004390026, 37.707516502], [127.004381367, 37.707522023], [127.004373243, 37.707527545], [127.004365293, 37.707533235], [127.004357472, 37.707539049], [127.004342082, 37.707550925], [127.004296569, 37.707587156], [127.004281217, 37.70759899], [127.004273417, 37.707604748], [127.004265481, 37.707610337], [127.004257363, 37.707615693], [127.004248993, 37.707620731], [127.004240286, 37.707625341], [127.004230779, 37.707629596], [127.004220913, 37.707633393], [127.004210786, 37.70763686], [127.004190047, 37.70764317], [127.004148091, 37.70765509], [127.004137784, 37.707658249], [127.00412767, 37.707661611], [127.004117844, 37.707665275], [127.004108419, 37.707669364], [127.004099549, 37.707674041], [127.004098778, 37.707674547], [127.004091455, 37.70767936], [127.004083903, 37.707685256], [127.00407675, 37.707691573], [127.004069885, 37.707698196], [127.004063223, 37.707705033], [127.004056701, 37.707712022], [127.004043915, 37.707726271], [127.004018743, 37.707755193], [127.003993769, 37.707784244], [127.003975399, 37.707806187], [127.003969443, 37.707813582], [127.003957725, 37.707828764], [127.003940683, 37.707851797], [127.003851477, 37.707975425], [127.003823398, 37.708013979], [127.003806069, 37.708037076], [127.003776633, 37.70807549], [127.003752872, 37.708106092], [127.003740711, 37.70812116], [127.003734456, 37.708128547], [127.00372801, 37.708135775], [127.003721293, 37.708142773], [127.003714194, 37.708149451], [127.003706568, 37.708155684], [127.003698487, 37.708161255], [127.0036899, 37.708166399], [127.003684827, 37.708169136], [127.003680943, 37.708171232], [127.003679372, 37.708172017], [127.00367172, 37.708175841], [127.003662309, 37.708180293], [127.003633449, 37.708193126], [127.003594424, 37.708209737], [127.003564969, 37.708221881], [127.003550372, 37.708227557], [127.003545141, 37.708229592], [127.003535115, 37.708233226], [127.003534524, 37.708233424], [127.003524972, 37.708236636], [127.003514693, 37.708239771], [127.003504298, 37.708242683], [127.003483278, 37.708248063], [127.00341978, 37.708263228], [127.003409329, 37.708265934], [127.00339899, 37.708268803], [127.003388813, 37.708271906], [127.003378863, 37.708275336], [127.003369226, 37.708279214], [127.00336187, 37.708282729], [127.003359987, 37.708283629], [127.00335106, 37.708288491], [127.00334236, 37.70829368], [127.003333824, 37.708299105], [127.003321864, 37.708307181], [127.003321503, 37.708307425], [127.003317079, 37.708310412], [127.003292516, 37.708328006], [127.003276603, 37.708340043], [127.003268896, 37.708346187], [127.00326145, 37.708352457], [127.00325437, 37.708358903], [127.0032478, 37.708365591], [127.003241925, 37.708372611], [127.003236942, 37.708379966], [127.003232644, 37.708387649], [127.003228849, 37.708395571], [127.003225418, 37.708403667], [127.003222248, 37.708411884], [127.003219259, 37.708420187], [127.003213614, 37.708436947], [127.003192102, 37.708504462], [127.003183653, 37.708529634], [127.003177497, 37.708546227], [127.00317412, 37.708554419], [127.003170443, 37.708562505], [127.003166356, 37.708570447], [127.003161659, 37.708578402], [127.003156537, 37.708586209], [127.003151105, 37.708593907], [127.00313964, 37.708609092], [127.003138146, 37.708610965], [127.003121683, 37.708631602], [127.003066811, 37.708698775], [127.003048706, 37.708721241], [127.00303111, 37.708743925], [127.003020054, 37.708759336], [127.003014903, 37.708767132], [127.003005131, 37.70878295], [127.002991193, 37.708806987], [127.00292364, 37.708928088], [127.002909948, 37.708952228], [127.00290053, 37.70896819], [127.002895648, 37.708976094], [127.002890589, 37.708983918], [127.002885287, 37.708991633], [127.002879604, 37.708999327], [127.002867561, 37.709014409], [127.002854993, 37.709029256], [127.002842174, 37.709043993], [127.00279682, 37.709095355], [127.002777228, 37.709117268], [127.002763942, 37.709131727], [127.002750233, 37.709145906], [127.002743107, 37.709152816], [127.002735817, 37.709159495], [127.002728326, 37.709166042], [127.002712948, 37.709178877], [127.002689326, 37.709197777], [127.002633545, 37.709241467], [127.002617909, 37.709254063], [127.002610294, 37.709260438], [127.002602907, 37.709266899], [127.002595846, 37.709273485], [127.002589251, 37.709280246], [127.002583301, 37.709287253], [127.002578239, 37.709294595], [127.002574231, 37.709302406], [127.00257112, 37.709310557], [127.002568662, 37.709318955], [127.002566672, 37.70932753], [127.002565008, 37.709336229], [127.002563571, 37.709345013], [127.002559966, 37.709371632], [127.002559012, 37.709379383], [127.002547888, 37.709469677], [127.002531562, 37.709594166], [127.002528271, 37.709620832], [127.002526408, 37.709638602], [127.00252567, 37.709647483], [127.002525129, 37.709656358], [127.002524858, 37.709665225], [127.002524946, 37.709674082], [127.002525396, 37.709682067], [127.002528264, 37.709710066], [127.002528655, 37.709713904], [127.002529274, 37.709721835], [127.002529573, 37.709729751], [127.0025294, 37.709737646], [127.002528559, 37.709746101], [127.002527154, 37.709754533], [127.002525329, 37.709762951], [127.002523199, 37.709771356], [127.002520848, 37.709779754], [127.002515727, 37.709796534], [127.002482526, 37.709897154], [127.002471911, 37.709930778], [127.002466517, 37.709949667], [127.002464488, 37.709956769], [127.002446179, 37.710027243], [127.002438955, 37.71005358], [127.002433517, 37.710070991], [127.002430445, 37.710079615], [127.002427062, 37.710088147], [127.002419598, 37.710105047], [127.002411594, 37.710121826], [127.002384557, 37.710176207], [127.002361659, 37.710222262], [127.002353212, 37.710238919], [127.002344414, 37.710255316], [127.002339752, 37.710263322], [127.002334803, 37.710271116], [127.002329444, 37.710278609], [127.002323509, 37.710285683], [127.002316786, 37.710292177], [127.002309237, 37.710297867], [127.002300919, 37.710302994], [127.002292036, 37.710307707], [127.002282743, 37.710312122], [127.002273158, 37.710316324], [127.002253437, 37.710324326], [127.002203081, 37.710343556], [127.002183237, 37.710351415], [127.002173563, 37.710355494], [127.002164166, 37.710359739], [127.002155166, 37.710364222], [127.002150622, 37.710366811], [127.002146722, 37.710369035], [127.002139051, 37.710374309], [127.002132435, 37.710380212], [127.002127126, 37.710386844], [127.002122861, 37.710394098], [127.002119361, 37.710401808], [127.00211641, 37.710409845], [127.002113848, 37.710418115], [127.002111555, 37.710426545], [127.002107455, 37.710443698], [127.002103665, 37.710461038], [127.002088965, 37.710530599], [127.002083808, 37.710556655], [127.002080885, 37.710574059], [127.002079709, 37.710582649], [127.002077775, 37.710599865], [127.002077367, 37.710604423], [127.002075458, 37.710625741], [127.002071308, 37.710677513], [127.002069646, 37.710694712], [127.002068645, 37.710703278], [127.002067461, 37.710711808], [127.002066023, 37.710720289], [127.002064234, 37.7107287], [127.002061967, 37.710737018], [127.002059027, 37.71074547], [127.002055583, 37.710753824], [127.002051774, 37.710762106], [127.00204345, 37.710778534], [127.002034605, 37.710794859], [127.001999337, 37.71085752], [127.001979684, 37.710892439], [127.001970273, 37.710908585], [127.001960455, 37.710924551], [127.00195527, 37.710932414], [127.00194994, 37.710940017], [127.001944405, 37.710947529], [127.001932916, 37.710962375], [127.001914215, 37.710985472], [127.001860719, 37.711050475], [127.001792985, 37.711054232], [127.001791141, 37.711054579], [127.001785856, 37.711055187], [127.001767245, 37.711056928], [127.001741656, 37.711058791], [127.001727644, 37.711059528], [127.001713702, 37.711060029], [127.001676941, 37.711060915], [127.001666542, 37.71106145], [127.001656211, 37.71106238], [127.001645923, 37.71106381], [127.001635708, 37.711065648], [127.001625557, 37.711067792], [127.001615462, 37.711070162], [127.00159547, 37.711075428], [127.00158561, 37.711078289], [127.001575885, 37.711081317], [127.001566345, 37.71108454], [127.001557061, 37.711088014], [127.00154813, 37.711091814], [127.001539678, 37.711096047], [127.001531869, 37.711100852], [127.001525382, 37.711105875], [127.001519505, 37.711111388], [127.001514167, 37.711117277], [127.001509327, 37.71112345], [127.001504982, 37.711129837], [127.001501153, 37.711136377], [127.00149149, 37.711156047], [127.001487838, 37.711162102], [127.001483385, 37.71116761], [127.001477136, 37.711172933], [127.001469747, 37.711177487], [127.001461499, 37.711181397], [127.001452613, 37.711184734], [127.001443252, 37.711187517], [127.001435487, 37.711189334], [127.001427553, 37.711190758], [127.001419496, 37.711191756], [127.001411354, 37.711192265], [127.001401925, 37.711192208], [127.001392467, 37.711191646], [127.001364287, 37.711189029], [127.001355079, 37.711188499], [127.001346031, 37.711188486], [127.001337197, 37.711189227], [127.001328485, 37.711190919], [127.001319902, 37.711193296], [127.001302528, 37.711198773], [127.001292729, 37.711201493], [127.001282642, 37.711203934], [127.001272343, 37.711206134], [127.001261887, 37.711208117], [127.001251321, 37.711209886], [127.001240681, 37.711211426], [127.001229993, 37.711212698], [127.00121928, 37.71121364], [127.001208562, 37.711214158], [127.001197854, 37.711214124], [127.001187345, 37.711213453], [127.001176856, 37.711212274], [127.001166383, 37.711210747], [127.001124526, 37.711203518], [127.001114046, 37.711201961], [127.001103546, 37.711200734], [127.001093015, 37.711199986], [127.001082336, 37.711199834], [127.001071624, 37.711200173], [127.001060885, 37.711200852], [127.001006902, 37.711205732], [127.000967872, 37.711208254], [127.000958259, 37.711209148], [127.000948768, 37.711210359], [127.000939447, 37.711212027], [127.000930299, 37.711214269], [127.000921346, 37.71121699], [127.000912568, 37.711220074], [127.000903958, 37.711223424], [127.000895523, 37.711226964], [127.000887284, 37.711230635], [127.000850716, 37.711248121], [127.000844348, 37.711250895], [127.000833827, 37.711254475], [127.000828742, 37.711256563], [127.000822402, 37.711260337], [127.000816187, 37.711265147], [127.000810017, 37.711270645], [127.000797501, 37.711282509], [127.000790981, 37.711288311], [127.000784141, 37.711293627], [127.000776838, 37.711298113], [127.000768888, 37.711301355], [127.000761175, 37.711302908], [127.000752925, 37.711303425], [127.000744259, 37.711303182], [127.000734517, 37.711302313], [127.000724504, 37.711301001], [127.000703972, 37.71129758], [127.0006727, 37.711291901], [127.000662306, 37.711290196], [127.000651986, 37.711288742], [127.000641783, 37.711287661], [127.000631748, 37.711287109], [127.000621941, 37.711287284], [127.000612442, 37.711288442], [127.00060331, 37.711290774], [127.000594422, 37.71129402], [127.000585632, 37.711297853], [127.000516154, 37.711330581], [127.000498893, 37.711339141], [127.000472852, 37.7113525], [127.0004641, 37.71135661], [127.000455192, 37.711360311], [127.000446042, 37.71136342], [127.000436384, 37.711365819], [127.000426459, 37.711367492], [127.000416341, 37.711368517], [127.00040609, 37.711368917], [127.000395945, 37.711368714], [127.000385744, 37.711368035], [127.000375504, 37.711366995], [127.000365243, 37.711365673], [127.000354972, 37.711364128], [127.000334452, 37.711360477], [127.000324226, 37.711358386], [127.000303042, 37.711353499], [127.000250632, 37.711340302], [127.000240305, 37.711337875], [127.000230087, 37.711335676], [127.000220031, 37.711333819], [127.000210205, 37.711332449], [127.000200704, 37.711331768], [127.000191653, 37.711332037], [127.000183221, 37.711333596], [127.000176378, 37.711336309], [127.000170121, 37.71134011], [127.000164415, 37.711344788], [127.000159257, 37.711350184], [127.000153913, 37.711357234], [127.000149137, 37.71136487], [127.000144745, 37.711372902], [127.000128393, 37.711406376], [127.000124025, 37.711414548], [127.00011928, 37.711422412], [127.000113975, 37.711429809], [127.000107878, 37.71143654], [127.000101949, 37.711441549], [127.000095362, 37.711445897], [127.000088198, 37.711449541], [127.000080504, 37.711452393], [127.000071286, 37.711454575], [127.000061593, 37.711455855], [127.000051568, 37.711456431], [127.000041318, 37.71145644], [127.000030928, 37.711455967], [127.000019975, 37.711455039], [126.999986933, 37.711451182], [126.999975913, 37.711450045], [126.999964904, 37.711449235], [126.999953916, 37.711448925], [126.999943127, 37.711449239], [126.999932361, 37.711450042], [126.999921619, 37.711451169], [126.999889558, 37.711455122], [126.999878941, 37.711456196], [126.999868375, 37.71145691], [126.999857871, 37.711457088], [126.999847697, 37.711456649], [126.999827293, 37.711455101], [126.999816588, 37.711454597], [126.999794894, 37.711454311], [126.999762165, 37.711454343], [126.999751342, 37.711454097], [126.999740631, 37.711453526], [126.999730088, 37.711452464], [126.999719783, 37.711450711], [126.999710638, 37.711448363], [126.999701694, 37.711445425], [126.99969289, 37.711442061], [126.999684178, 37.711438408], [126.999658176, 37.711426804], [126.999649425, 37.711423042], [126.999640564, 37.711419496], [126.999631995, 37.711416386], [126.999623345, 37.711413494], [126.999592881, 37.711403969], [126.99958361, 37.711400633], [126.999574451, 37.7113969], [126.999565372, 37.711392864], [126.99952501, 37.711373401], [126.999512841, 37.711367737], [126.999500553, 37.711362254], [126.999488616, 37.711357238], [126.999477514, 37.711352949], [126.999467736, 37.71134957], [126.999459941, 37.711347179], [126.999454753, 37.711345815], [126.999452777, 37.711345555], [126.99943036, 37.711334186], [126.999419995, 37.711328703], [126.999408887, 37.711322546], [126.999397616, 37.711315904], [126.999386776, 37.71130896], [126.999376968, 37.711301894], [126.999368787, 37.711294881], [126.999362554, 37.711288022], [126.99935716, 37.711280907], [126.999352187, 37.711273514], [126.999347502, 37.711265932], [126.999343007, 37.711258224], [126.999325676, 37.711226888], [126.999316761, 37.711211276], [126.999312079, 37.711203564], [126.999307164, 37.711195951], [126.999302043, 37.711188569], [126.999291179, 37.711174074], [126.99927401, 37.71115271], [126.999256335, 37.711131583], [126.999238241, 37.711110693], [126.999225758, 37.711097024], [126.999219297, 37.711090327], [126.999212449, 37.711083566], [126.999205435, 37.711076909], [126.999191074, 37.711063801], [126.999161701, 37.711037996], [126.999139353, 37.711018879], [126.999124205, 37.711006352], [126.999116489, 37.711000216], [126.999108629, 37.710994211], [126.999100569, 37.710988387], [126.999092337, 37.710982828], [126.99908391, 37.710977448], [126.999066661, 37.710967043], [126.999040244, 37.710951946], [126.999013458, 37.710937279], [126.998995342, 37.71092789], [126.998986151, 37.710923407], [126.998976824, 37.710919139], [126.998967315, 37.710915162], [126.998957825, 37.710911626], [126.99894816, 37.710908372], [126.998928471, 37.710902439], [126.998908491, 37.710896984], [126.998878226, 37.710889323], [126.998857906, 37.710884521], [126.998836651, 37.710879834], [126.998815307, 37.710875351], [126.998729767, 37.71085791], [126.998708687, 37.710853259], [126.998698323, 37.710850757], [126.998688153, 37.710848063], [126.998678257, 37.710845094], [126.998668742, 37.710841744], [126.998659755, 37.710837865], [126.998651482, 37.71083327], [126.998643987, 37.710827735], [126.998637208, 37.710821479], [126.998630934, 37.710814713], [126.998624998, 37.710807602], [126.998607898, 37.710785457], [126.998602044, 37.710778165], [126.998595907, 37.710771101], [126.998589334, 37.710764395], [126.998582137, 37.710758207], [126.99857405, 37.710752588], [126.998565309, 37.710747516], [126.998556089, 37.710742842], [126.998546524, 37.710738456], [126.998536714, 37.710734275], [126.998516643, 37.710726287], [126.998455331, 37.710703123], [126.998434985, 37.710695207], [126.998424882, 37.710691141], [126.99840556, 37.710683056], [126.998357654, 37.710662424], [126.998338401, 37.710654569], [126.998328691, 37.710650905], [126.998318887, 37.71064752], [126.998308955, 37.71064452], [126.998298846, 37.710642049], [126.998288491, 37.710640212], [126.998277956, 37.710638904], [126.998267291, 37.710637987], [126.998256532, 37.71063735], [126.998245706, 37.710636912], [126.998223931, 37.710636395], [126.998180232, 37.71063569], [126.99815845, 37.710634971], [126.998147608, 37.710634374], [126.998136818, 37.710633531], [126.998126097, 37.710632356], [126.998115377, 37.710630765], [126.998104727, 37.710628835], [126.998094129, 37.710626656], [126.998083568, 37.710624296], [126.998052017, 37.710616587], [126.99798899, 37.710600499], [126.997967859, 37.710595453], [126.997946766, 37.710590958], [126.997925718, 37.710587041], [126.997904587, 37.710583521], [126.997894012, 37.710581916], [126.997872869, 37.710579138], [126.997862317, 37.710578065], [126.997851788, 37.710577307], [126.997841292, 37.710576976], [126.997830842, 37.710577221], [126.997820132, 37.710578196], [126.997809473, 37.710579776], [126.997798848, 37.710581796], [126.997788251, 37.710584132], [126.997777672, 37.710586688], [126.997724877, 37.710600648], [126.997703732, 37.710605914], [126.997693131, 37.710608256], [126.997682506, 37.710610291], [126.997671841, 37.710611893], [126.997661124, 37.710612907], [126.997650355, 37.710613201], [126.997639535, 37.710612906], [126.997628676, 37.710612183], [126.997617789, 37.710611149], [126.997595962, 37.710608493], [126.997552216, 37.710602148], [126.997486642, 37.710591925], [126.997464883, 37.710588224], [126.997454049, 37.710586234], [126.997432383, 37.710581871], [126.997410817, 37.710577197], [126.997378551, 37.710569923], [126.997131475, 37.710513321], [126.997067001, 37.710498453], [126.996873598, 37.710456423], [126.996781687, 37.710483909]]}, "properties": {"vcursId": "121500V004", "name": "오봉코스", "distanceKm": "6.5", "durationH": "03", "durationM": "30", "difficulty": "하", "section": "송추분소-송추폭포-오봉삼거리-오봉-여성봉-오봉탐방지원센터"}}, {"type": "Feature", "geometry": {"type": "LineString", "coordinates": [[127.008341524, 37.683935806], [127.008341436, 37.683936872], [127.008341182, 37.683945402], [127.008341393, 37.683954295], [127.008341975, 37.683963201], [127.008342816, 37.683972116], [127.008344951, 37.683989958], [127.008348458, 37.684016731], [127.008350511, 37.68403459], [127.008351915, 37.684052366], [127.008352657, 37.684070057], [127.00835303, 37.68408776], [127.008353262, 37.684114321], [127.008353728, 37.684317938], [127.008354162, 37.684344486], [127.008355261, 37.684370888], [127.008357492, 37.684405985], [127.008366207, 37.68452881], [127.008368196, 37.684555126], [127.008370502, 37.684580972], [127.008374202, 37.684614188], [127.008376347, 37.684630768], [127.008378818, 37.684647315], [127.008381921, 37.684664164], [127.008387734, 37.684689864], [127.008392042, 37.684706938], [127.008396673, 37.684723954], [127.008401789, 37.684740871], [127.008404634, 37.684749267], [127.008407728, 37.684757602], [127.008414474, 37.684774153], [127.008429048, 37.684807027], [127.008440409, 37.684831569], [127.008448271, 37.684847803], [127.008456659, 37.684863783], [127.008461205, 37.684871599], [127.008466112, 37.684879235], [127.008471516, 37.684886623], [127.008477508, 37.684893686], [127.008483999, 37.684900497], [127.00849086, 37.684907117], [127.008497995, 37.684913588], [127.008505338, 37.684919938], [127.008520488, 37.684932308], [127.008528265, 37.684938309], [127.008536186, 37.684944147], [127.00854428, 37.68494977], [127.008552597, 37.684955103], [127.008561207, 37.684960045], [127.008570208, 37.68496446], [127.008579351, 37.684968124], [127.008588854, 37.684971305], [127.008598618, 37.684974141], [127.008608567, 37.684976747], [127.008648982, 37.684986652], [127.008659211, 37.684989471], [127.008669293, 37.684992524], [127.008679178, 37.68499585], [127.008688789, 37.684999513], [127.008698023, 37.685003608], [127.008706086, 37.685007831], [127.00871371, 37.685012471], [127.008720856, 37.685017501], [127.008727446, 37.685022921], [127.008733214, 37.68502855], [127.008738366, 37.685034506], [127.008742874, 37.685040743], [127.008746663, 37.685047239], [127.008749614, 37.685053987], [127.008751837, 37.685061955], [127.008753089, 37.68507017], [127.008753633, 37.685078559], [127.008753664, 37.685087071], [127.008753326, 37.685095662], [127.008751914, 37.685112972], [127.008749834, 37.68513033], [127.008748569, 37.685138994], [127.008747125, 37.685147632], [127.008745454, 37.685156235], [127.008743482, 37.685164787], [127.008741167, 37.685173237], [127.008735769, 37.685190002], [127.008723812, 37.685223296], [127.008718063, 37.68523996], [127.008715431, 37.685248329], [127.008713052, 37.685256736], [127.008710986, 37.685265194], [127.008709181, 37.685273693], [127.008706092, 37.685290777], [127.008703407, 37.68530793], [127.008699733, 37.685333727], [127.008696353, 37.685359569], [127.008694415, 37.685376814], [127.008693636, 37.685385442], [127.008693056, 37.685394072], [127.008692733, 37.685402645], [127.008692653, 37.68541121], [127.008692811, 37.68541976], [127.008693226, 37.685428281], [127.008693945, 37.685436758], [127.008695046, 37.685445172], [127.008696644, 37.685453494], [127.008698895, 37.685461691], [127.008702036, 37.685469979], [127.008705853, 37.685478137], [127.008710161, 37.685486201], [127.00871482, 37.685494201], [127.008719731, 37.685502158], [127.008724821, 37.68551008], [127.008735377, 37.68552584], [127.008746356, 37.685541417], [127.008752046, 37.685549071], [127.008757934, 37.68555657], [127.008764096, 37.685563838], [127.008770639, 37.685570771], [127.00877771, 37.685577227], [127.008785138, 37.685582861], [127.008793088, 37.685587914], [127.008801458, 37.68559237], [127.008810177, 37.685596155], [127.008819212, 37.685599138], [127.008828555, 37.685601112], [127.008838554, 37.685601916], [127.008848789, 37.685601666], [127.00885917, 37.685600609], [127.008869618, 37.68559891], [127.008880065, 37.685596673], [127.008890445, 37.685593943], [127.008900555, 37.685590794], [127.008910556, 37.685587289], [127.008920461, 37.685583524], [127.008930275, 37.685579561], [127.008949623, 37.68557117], [127.00895913, 37.685566755], [127.008968492, 37.68556217], [127.008977667, 37.685557374], [127.00898657, 37.685552367], [127.008995299, 37.685547169], [127.009012437, 37.685536431], [127.009037883, 37.685520092], [127.009055037, 37.685509448], [127.009063777, 37.685504316], [127.009072985, 37.68549919], [127.009082328, 37.685494219], [127.009101285, 37.685484588], [127.009120451, 37.685475197], [127.009197684, 37.685438291], [127.009217064, 37.685429208], [127.009236555, 37.685420373], [127.009246383, 37.685416139], [127.009256301, 37.685412108], [127.009266352, 37.685408371], [127.009276593, 37.685405055], [127.009287138, 37.685402257], [127.009297886, 37.685399911], [127.009309818, 37.685397779], [127.009323429, 37.685395728], [127.009352906, 37.685391967], [127.009409568, 37.685385764], [127.009424369, 37.685392583], [127.009445699, 37.685402707], [127.00947073, 37.68541489], [127.00949455, 37.685426752], [127.009504953, 37.685431773], [127.009514509, 37.685436063], [127.009524276, 37.685440035], [127.009534211, 37.685443771], [127.009564387, 37.685454456], [127.009574398, 37.685458095], [127.009584297, 37.685461896], [127.009594026, 37.685465947], [127.009603499, 37.685470296], [127.009612792, 37.685474907], [127.009631003, 37.685484661], [127.00964888, 37.685494863], [127.009666503, 37.685505356], [127.009700473, 37.685526238], [127.009708293, 37.685530747], [127.009739961, 37.685548368], [127.009775142, 37.685568875], [127.009791578, 37.685577714], [127.009799961, 37.685581896], [127.009808483, 37.685585862], [127.00981718, 37.685589553], [127.009826915, 37.685593219], [127.009836847, 37.685596551], [127.009846924, 37.685599617], [127.009857107, 37.685602458], [127.009895665, 37.685612107], [127.009904891, 37.685614808], [127.009914148, 37.685617993], [127.009923229, 37.685621539], [127.009932176, 37.68562536], [127.009949804, 37.685633554], [127.01000179, 37.685659513], [127.010018821, 37.685667769], [127.010036009, 37.68567569], [127.010065293, 37.685688449], [127.010074773, 37.685692841], [127.010083933, 37.685697486], [127.010106153, 37.685710178], [127.010113746, 37.68571408], [127.010122357, 37.685717802], [127.010131311, 37.68572112], [127.010159049, 37.685730289], [127.010168226, 37.685733617], [127.010177819, 37.685737587], [127.010187239, 37.685741901], [127.010234937, 37.685765194], [127.01024628, 37.685771017], [127.010257947, 37.685777428], [127.010269538, 37.685784323], [127.010273955, 37.68578896], [127.01027732, 37.685787567], [127.010279783, 37.685788163], [127.010283519, 37.68578877], [127.010288292, 37.685789253], [127.010293868, 37.685789469], [127.010300779, 37.685789251], [127.01030809, 37.685788614], [127.010329391, 37.68578599], [127.010335292, 37.685785524], [127.01034104, 37.685785358], [127.010346812, 37.685785456], [127.010352584, 37.685785814], [127.010358045, 37.68578638], [127.010374432, 37.685788581], [127.010385664, 37.685789681], [127.010391423, 37.68579], [127.010402972, 37.685790304], [127.010426139, 37.685790417], [127.010431815, 37.68579066], [127.010437384, 37.685791156], [127.010442646, 37.685791985], [127.010447785, 37.685793269], [127.010452231, 37.685794763], [127.010456749, 37.685796511], [127.010469373, 37.685801839], [127.0104738, 37.685803516], [127.010479683, 37.685805364], [127.010484624, 37.68580658], [127.010489532, 37.685807417], [127.010494536, 37.685807969], [127.010511923, 37.685809151], [127.010518321, 37.685809843], [127.010525045, 37.685810821], [127.010530377, 37.685811794], [127.010541068, 37.685814089], [127.010550833, 37.685816421], [127.01056267, 37.685819491], [127.010564291, 37.685818888], [127.010569332, 37.685818153], [127.010577191, 37.685817612], [127.010587254, 37.685817659], [127.010597356, 37.685818452], [127.010608332, 37.685819867], [127.010631642, 37.685823502], [127.010644431, 37.685825259], [127.010656583, 37.685826592], [127.010667519, 37.685827427], [127.010677685, 37.685827779], [127.010687839, 37.685827673], [127.010698351, 37.68582707], [127.010719166, 37.68582529], [127.010729444, 37.685824619], [127.010739606, 37.685824433], [127.010749624, 37.68582501], [127.010758322, 37.68582632], [127.010766941, 37.685828199], [127.010792888, 37.685834959], [127.010801762, 37.685836895], [127.01081161, 37.685838488], [127.010821656, 37.685839636], [127.010831846, 37.685840468], [127.010842141, 37.685841089], [127.010871817, 37.685842439], [127.010891158, 37.685843473], [127.010900805, 37.685844166], [127.010910417, 37.685845041], [127.010919976, 37.68584616], [127.010928815, 37.685847452], [127.010955168, 37.685851932], [127.010963959, 37.685853297], [127.010973429, 37.685854517], [127.010982913, 37.685855451], [127.01099239, 37.685856073], [127.011001834, 37.685856331], [127.011011218, 37.685856151], [127.011020508, 37.685855428], [127.01103099, 37.685853828], [127.011041307, 37.685851523], [127.011051448, 37.68584864], [127.011061391, 37.685845261], [127.011071095, 37.685841418], [127.01107964, 37.685837572], [127.011104742, 37.685825304], [127.011113208, 37.685821447], [127.011121863, 37.685817951], [127.011129552, 37.6858153], [127.011137381, 37.685812903], [127.011153201, 37.685808361], [127.01116189, 37.685805722], [127.011170459, 37.685802894], [127.011178847, 37.685799831], [127.011186978, 37.685796473], [127.011194769, 37.685792745], [127.011202497, 37.685788397], [127.011224612, 37.685774351], [127.011239428, 37.68576566], [127.011246681, 37.685761215], [127.011253567, 37.685756428], [127.011259081, 37.6857519], [127.011264287, 37.685747057], [127.0112693, 37.685741994], [127.011286074, 37.685724313], [127.011292192, 37.685718153], [127.011298536, 37.685712157], [127.011305196, 37.685706418], [127.011312282, 37.685701049], [127.01131996, 37.685696091], [127.011328086, 37.685691543], [127.011336564, 37.685687328], [127.011344441, 37.685683766], [127.011360644, 37.685677077], [127.011384451, 37.685667882], [127.011409483, 37.685658585], [127.011455483, 37.685642181], [127.011473384, 37.685636038], [127.011499311, 37.685627466], [127.011517705, 37.68562099], [127.011537025, 37.685613476], [127.011546526, 37.685609512], [127.011572331, 37.685598338], [127.011581021, 37.685594863], [127.011589865, 37.685591711], [127.011599843, 37.685588733], [127.011610041, 37.685586223], [127.011620412, 37.685584117], [127.01163092, 37.685582386], [127.011641541, 37.685581031], [127.011651502, 37.685580114], [127.011661523, 37.685579453], [127.011671583, 37.685578971], [127.011701861, 37.685578018], [127.011722005, 37.68557758], [127.011751412, 37.685577392], [127.011760988, 37.685577159], [127.011770455, 37.685576595], [127.011779784, 37.685575524], [127.011789439, 37.68557371], [127.011798976, 37.685571351], [127.011845516, 37.685557822], [127.011853755, 37.685555663], [127.011862072, 37.68555372], [127.011871284, 37.685551911], [127.01188058, 37.685550366], [127.011909199, 37.685546295], [127.011919041, 37.685544722], [127.011928739, 37.685542794], [127.011937243, 37.685540645], [127.011945583, 37.685538114], [127.011953752, 37.685535251], [127.011961738, 37.685532083], [127.011969521, 37.685528627], [127.011992534, 37.685517089], [127.012000366, 37.685513484], [127.012008405, 37.685510293], [127.012016698, 37.685507468], [127.012025201, 37.68550497], [127.012033877, 37.685502776], [127.0120427, 37.685500885], [127.01205161, 37.6854993], [127.012060617, 37.685497965], [127.012078824, 37.685495867], [127.012088636, 37.685495003], [127.012098472, 37.685494324], [127.012108319, 37.68549386], [127.012118169, 37.685493661], [127.012128011, 37.685493794], [127.012137285, 37.685494274], [127.012146548, 37.685495037], [127.012155802, 37.685496002], [127.012195744, 37.685501045], [127.012206472, 37.685502271], [127.012217209, 37.685503274], [127.01222796, 37.685503946], [127.012239057, 37.6855042], [127.012250161, 37.685504067], [127.012261258, 37.685503625], [127.01227233, 37.685502926], [127.012301335, 37.68550062], [127.012311011, 37.685500133], [127.012321655, 37.685499984], [127.012332322, 37.685500178], [127.012343004, 37.685500628], [127.012353689, 37.685501259], [127.012383366, 37.685503423], [127.012402304, 37.685504467], [127.012411744, 37.685504645], [127.012421157, 37.68550446], [127.012431161, 37.685503774], [127.012441134, 37.685502664], [127.012451082, 37.685501238], [127.012470914, 37.68549775], [127.012500492, 37.685491969], [127.012510373, 37.685490202], [127.012520289, 37.685488661], [127.012530254, 37.685487448], [127.012541301, 37.685486579], [127.012552404, 37.685486092], [127.012585821, 37.685485594], [127.012605536, 37.685485058], [127.012615296, 37.685484505], [127.012624954, 37.685483658], [127.012634476, 37.685482421], [127.012643069, 37.68548089], [127.012668583, 37.685475507], [127.012694302, 37.685471054], [127.012702366, 37.685469501], [127.012710385, 37.685467752], [127.012718337, 37.68546578], [127.01272619, 37.685463548], [127.012734394, 37.685460872], [127.012742506, 37.685457964], [127.012766791, 37.685448851], [127.012775986, 37.685445661], [127.012785299, 37.685442659], [127.012794715, 37.685439848], [127.012804226, 37.685437242], [127.012813834, 37.685434865], [127.012824168, 37.685432596], [127.012855403, 37.685426327], [127.012865854, 37.685424035], [127.012912558, 37.685413404], [127.012929339, 37.685409312], [127.012945532, 37.685404767], [127.012953476, 37.685402221], [127.012962718, 37.685398936], [127.012990019, 37.685388483], [127.012999202, 37.685385255], [127.013008542, 37.685382409], [127.013017729, 37.685380153], [127.013027089, 37.68537832], [127.013036577, 37.685376838], [127.013046163, 37.685375657], [127.013054656, 37.685374849], [127.013063188, 37.685374261], [127.013071748, 37.685373909], [127.013080324, 37.685373829], [127.013090818, 37.685374139], [127.0131013, 37.685374858], [127.013111752, 37.685375956], [127.01312215, 37.685377429], [127.013131487, 37.685379081], [127.013140775, 37.685380956], [127.013168469, 37.685387056], [127.013186739, 37.68539073], [127.013195831, 37.685392264], [127.01320487, 37.685393497], [127.013213832, 37.685394336], [127.013223522, 37.685394692], [127.013232987, 37.685394423], [127.013242114, 37.685393476], [127.013250765, 37.685391758], [127.01325675, 37.685389976], [127.013274296, 37.685383526], [127.013280556, 37.685381744], [127.013287916, 37.68538062], [127.013295252, 37.685380638], [127.01330233, 37.685381942], [127.01330965, 37.685385007], [127.013316485, 37.68538943], [127.013322936, 37.685394822], [127.013329078, 37.685400875], [127.013334832, 37.685407197], [127.013348173, 37.685423311], [127.013353587, 37.685429392], [127.013359642, 37.685434766], [127.013366938, 37.685439234], [127.0133752, 37.68544271], [127.0133817, 37.685444704], [127.013388482, 37.685446393], [127.013413351, 37.685451812], [127.013422773, 37.685453667], [127.013432333, 37.68545517], [127.013442533, 37.685456211], [127.013471456, 37.685458225], [127.013481048, 37.685459183], [127.013490512, 37.68546057], [127.01350057, 37.685462674], [127.013520566, 37.685467697], [127.013530387, 37.685469942], [127.013540336, 37.685471941], [127.013550369, 37.68547369], [127.01356045, 37.685475166], [127.013570543, 37.685476329], [127.013576406, 37.685476836], [127.013596976, 37.685477873], [127.013607233, 37.685478579], [127.013615391, 37.685479533], [127.013623521, 37.68548084], [127.013633402, 37.685482846], [127.013669104, 37.68549146], [127.013677953, 37.68549338], [127.013686848, 37.68549509], [127.013695791, 37.685496525], [127.013704783, 37.685497596], [127.013713558, 37.685498213], [127.013722359, 37.6854984], [127.013731162, 37.685498149], [127.013738944, 37.685497555], [127.013746714, 37.685496676], [127.013754475, 37.685495585], [127.01376461, 37.685493929], [127.01378328, 37.685490298], [127.013808118, 37.685484941], [127.013815909, 37.685483389], [127.013823695, 37.685482036], [127.013836804, 37.685480338], [127.013844332, 37.685479743], [127.013851855, 37.685479549], [127.013860068, 37.68547988], [127.013868291, 37.685480675], [127.013876534, 37.685481801], [127.013886045, 37.685483364], [127.013895585, 37.685485121], [127.013914713, 37.68548894], [127.013928522, 37.685491857], [127.013933403, 37.685492888], [127.013942632, 37.68549505], [127.013951714, 37.685497443], [127.013960592, 37.685500163], [127.013968171, 37.685502872], [127.013990287, 37.685511707], [127.013999313, 37.685515092], [127.014008314, 37.685518185], [127.014014758, 37.685520203], [127.01402118, 37.685521943], [127.014027607, 37.685523286], [127.014032806, 37.685524], [127.014038012, 37.685524338], [127.014046409, 37.685524099], [127.014054866, 37.685523224], [127.014092443, 37.685518691], [127.014101608, 37.68551781], [127.014115085, 37.685517062], [127.014124427, 37.685516869], [127.014133784, 37.685516968], [127.014142371, 37.685517368], [127.014150911, 37.685518102], [127.014169933, 37.685520665], [127.014183543, 37.685522849], [127.014203439, 37.685526482], [127.014212083, 37.685527924], [127.014228644, 37.685530321], [127.014254191, 37.68553372], [127.014262882, 37.685535204], [127.014271873, 37.685537175], [127.014280647, 37.685539575], [127.014289156, 37.685542405], [127.014299019, 37.685546389], [127.014307184, 37.685550252], [127.014314906, 37.685554537], [127.014322033, 37.685559347], [127.014327292, 37.685563684], [127.014332207, 37.685568334], [127.014336928, 37.685573189], [127.014343278, 37.685580052], [127.01434942, 37.685587111], [127.014355215, 37.685594375], [127.014360048, 37.685601072], [127.014369307, 37.685614506], [127.014373865, 37.685620651], [127.014378734, 37.685626491], [127.01438407, 37.685631896], [127.014390052, 37.685636705], [127.014397792, 37.685641307], [127.01440635, 37.685645173], [127.014415487, 37.685648533], [127.01442501, 37.685651577], [127.014443722, 37.685657157], [127.014453058, 37.685660164], [127.014462038, 37.685663439], [127.014470805, 37.685667068], [127.014479305, 37.685671059], [127.014487248, 37.685675265], [127.014502599, 37.685684241], [127.014517014, 37.685693097], [127.014523911, 37.685697709], [127.014544914, 37.685713277], [127.014552205, 37.68571804], [127.014559215, 37.685721913], [127.014566533, 37.685725485], [127.014581527, 37.685732406], [127.014588939, 37.685736086], [127.01459639, 37.685740243], [127.014603617, 37.68574472], [127.014610643, 37.685749451], [127.014617482, 37.68575438], [127.014624134, 37.685759461], [127.014637718, 37.685770271], [127.014644665, 37.685775445], [127.014651979, 37.685780229], [127.014658773, 37.68578397], [127.014665898, 37.685787391], [127.014673261, 37.685790609], [127.01469703, 37.685800362], [127.014721725, 37.685810228], [127.014738315, 37.68581648], [127.014746612, 37.685819349], [127.014764063, 37.685824876], [127.014772447, 37.685827683], [127.014780395, 37.685830778], [127.014786096, 37.685833484], [127.01479133, 37.685836577], [127.014797709, 37.685841569], [127.014803413, 37.685847136], [127.014814351, 37.68585866], [127.01482034, 37.685863943], [127.014826895, 37.685868338], [127.014834162, 37.685871851], [127.014842066, 37.685874302], [127.014850665, 37.685875553], [127.014859715, 37.685875755], [127.014869085, 37.685875132], [127.014878664, 37.685873844], [127.014888358, 37.685872], [127.01489847, 37.685869562], [127.01490855, 37.685866666], [127.014918531, 37.685863348], [127.014928338, 37.685859611], [127.014937203, 37.685855777], [127.014945867, 37.685851673], [127.014954336, 37.685847405], [127.014977273, 37.685835283], [127.014983604, 37.68583212], [127.014989848, 37.685829362], [127.014996058, 37.685827206], [127.015002236, 37.685825836], [127.015008297, 37.685825313], [127.015015976, 37.68582602], [127.015022788, 37.685828438], [127.015027788, 37.685832061], [127.015031882, 37.685836842], [127.01503552, 37.685843249], [127.015038334, 37.685850468], [127.015039704, 37.685855103], [127.015042509, 37.685867181], [127.0150467, 37.685886938], [127.015048109, 37.685892265], [127.015049813, 37.68589751], [127.015053239, 37.685905445], [127.015057508, 37.685913073], [127.015062484, 37.685920347], [127.015068096, 37.685927188], [127.015074323, 37.68593347], [127.015081201, 37.685939017], [127.015088824, 37.685943583], [127.015096194, 37.685946577], [127.015104103, 37.685948589], [127.015111368, 37.685949545], [127.015118869, 37.685949845], [127.015126534, 37.68594958], [127.015136373, 37.685948553], [127.015146297, 37.685946906], [127.015156237, 37.685944764], [127.015166132, 37.685942206], [127.015175917, 37.685939271], [127.015185526, 37.685935959], [127.015194077, 37.685932609], [127.015202438, 37.685929025], [127.015218633, 37.685921506], [127.015226487, 37.685917644], [127.015234001, 37.68591355], [127.015240683, 37.685909329], [127.015260989, 37.685895199], [127.015267861, 37.685891007], [127.01527406, 37.685887874], [127.015280463, 37.685885359], [127.015287063, 37.685883604], [127.015294347, 37.685882676], [127.015301774, 37.685882559], [127.015309263, 37.685883031], [127.015316742, 37.685883908], [127.015324264, 37.685885125], [127.015331614, 37.685886889], [127.015338496, 37.685889303], [127.015345311, 37.685892241], [127.015360566, 37.685899255], [127.015395927, 37.685914745], [127.015413872, 37.685922836], [127.015428495, 37.68593005], [127.015435577, 37.685933916], [127.015443331, 37.685938526], [127.015466076, 37.685952984], [127.015473356, 37.685957402], [127.015504183, 37.685975516], [127.015521137, 37.685986057], [127.015537575, 37.68599697], [127.015552908, 37.686008], [127.015573651, 37.686023808], [127.015579479, 37.686028543], [127.015584875, 37.686033336], [127.015589676, 37.686038249], [127.015594544, 37.68604432], [127.015598926, 37.686050352], [127.015603442, 37.686056024], [127.015608722, 37.68606099], [127.015614982, 37.686064872], [127.015622185, 37.68606812], [127.015638158, 37.686074112], [127.015646357, 37.686077532], [127.015652676, 37.686080683], [127.01565889, 37.686084195], [127.015665039, 37.686087972], [127.015672725, 37.686092976], [127.01570194, 37.686113212], [127.015708419, 37.686117491], [127.015715036, 37.686121454], [127.015721888, 37.686124949], [127.015729672, 37.686128045], [127.015737771, 37.686130355], [127.015746122, 37.686131811], [127.015754192, 37.686132365], [127.015762388, 37.686132315], [127.015786451, 37.686130863], [127.015793897, 37.686130591], [127.015801346, 37.686130674], [127.015808282, 37.686131172], [127.015815239, 37.686131997], [127.01582224, 37.686133028], [127.015858646, 37.686139137], [127.015868967, 37.686140948], [127.015879252, 37.686142967], [127.015888639, 37.68614509], [127.015916788, 37.686151849], [127.015926592, 37.686153864], [127.015936488, 37.686155664], [127.01594645, 37.6861573], [127.015966495, 37.686160216], [127.015986599, 37.686162826], [127.016024219, 37.68616741], [127.016032897, 37.686168677], [127.016057551, 37.686172999], [127.016087522, 37.686177348], [127.016097771, 37.686179067], [127.016107898, 37.686181101], [127.016115372, 37.686182866], [127.016122732, 37.686184813], [127.016148449, 37.686192569], [127.016157609, 37.686194947], [127.016166857, 37.686196579], [127.01617575, 37.686197182], [127.016184738, 37.686196947], [127.016192781, 37.686196157], [127.016200844, 37.686194992], [127.016225397, 37.686190858], [127.016233759, 37.686189712], [127.016242083, 37.686188869], [127.016250336, 37.686188432], [127.016275039, 37.686188539], [127.01629922, 37.686187823], [127.01630899, 37.686187658], [127.016318844, 37.686187697], [127.016328589, 37.686187994], [127.016356156, 37.686189523], [127.01637214, 37.686190152], [127.016381472, 37.686190132], [127.016390765, 37.686189736], [127.016399993, 37.686188897], [127.016408661, 37.686187649], [127.01641727, 37.686186047], [127.016434401, 37.686182197], [127.016450568, 37.68617818], [127.016466618, 37.686173807], [127.016476, 37.686170977], [127.016485241, 37.686167913], [127.016494292, 37.686164559], [127.016501691, 37.686161479], [127.016508901, 37.686158143], [127.016515899, 37.686154548], [127.016524883, 37.686149367], [127.016558549, 37.686127931], [127.01656688, 37.686123073], [127.016575405, 37.686118589], [127.016582969, 37.686115109], [127.016590692, 37.686112026], [127.016598533, 37.686109369], [127.016617141, 37.686104282], [127.016626181, 37.686101498], [127.016633271, 37.686098685], [127.016640017, 37.686095351], [127.016646355, 37.686091505], [127.016652162, 37.686087238], [127.016657696, 37.686082624], [127.016675386, 37.686067076], [127.016687968, 37.686056352], [127.016697585, 37.686048633], [127.016704295, 37.686043731], [127.016711261, 37.686039107], [127.016718519, 37.686034832], [127.016725792, 37.68603108], [127.016740704, 37.686023943], [127.016746286, 37.686021119], [127.016751778, 37.686018151], [127.016759085, 37.686013851], [127.016766159, 37.686009284], [127.016772979, 37.68600447], [127.016778624, 37.686000108], [127.016779515, 37.68599942], [127.016787649, 37.685992494], [127.016802602, 37.685979282], [127.01680999, 37.685973302], [127.016817607, 37.685967658], [127.016825418, 37.68596241], [127.016833404, 37.685957647], [127.016859916, 37.685943711], [127.016876227, 37.685935699], [127.016903066, 37.685923017], [127.01691197, 37.685918617], [127.016935912, 37.685906114], [127.016943978, 37.685902042], [127.016953417, 37.685897585], [127.016963037, 37.685893379], [127.016972823, 37.685889431], [127.016982779, 37.685885773], [127.016991419, 37.685882899], [127.017008966, 37.685877719], [127.017031394, 37.685871661], [127.017039263, 37.685869397], [127.017047036, 37.685866978], [127.017054674, 37.685864344], [127.017063648, 37.685860847], [127.017089949, 37.68584941], [127.01709879, 37.685845759], [127.017107815, 37.685842442], [127.017117164, 37.685839569], [127.01712674, 37.685837124], [127.017136495, 37.685835045], [127.017146393, 37.685833291], [127.017157307, 37.685831709], [127.017168314, 37.685830359], [127.01725061, 37.685821148], [127.017260862, 37.685819829], [127.017270973, 37.685818204], [127.017280888, 37.685816107], [127.017289561, 37.685813727], [127.017298089, 37.685810967], [127.017331949, 37.685798618], [127.017340645, 37.685795724], [127.017349458, 37.685792995], [127.017367333, 37.685787915], [127.017408231, 37.685777182], [127.0174269, 37.685771899], [127.01744519, 37.685766216], [127.017454119, 37.685763187], [127.017462845, 37.685759996], [127.017474833, 37.685754924], [127.017483424, 37.685750596], [127.017491641, 37.685745835], [127.017499408, 37.68574063], [127.017507088, 37.685734637], [127.017514341, 37.685728324], [127.017528208, 37.685715528], [127.017534585, 37.685709897], [127.017541143, 37.685704708], [127.01754806, 37.685700198], [127.01755553, 37.685696649], [127.017564112, 37.685694189], [127.017573334, 37.685692734], [127.017583019, 37.685691924], [127.017612471, 37.68569048], [127.017621718, 37.685689717], [127.017630882, 37.685688684], [127.017638018, 37.685687619], [127.017645007, 37.685686217], [127.017653719, 37.685683765], [127.017662094, 37.685680633], [127.017670095, 37.685676892], [127.017677659, 37.685672576], [127.017684698, 37.685667678], [127.017691278, 37.685662084], [127.017697406, 37.685656038], [127.017721436, 37.685629815], [127.017727815, 37.685623306], [127.017734364, 37.685617062], [127.017741129, 37.685611205], [127.017747549, 37.685606309], [127.01775418, 37.685601974], [127.017761019, 37.685598341], [127.017768075, 37.685595599], [127.017775374, 37.685593994], [127.017783272, 37.685593717], [127.017791422, 37.685594561], [127.017799784, 37.685596139], [127.017824698, 37.685601841], [127.017832403, 37.685603276], [127.017840145, 37.685604417], [127.017847881, 37.685605174], [127.017855924, 37.685605512], [127.017871771, 37.685605595], [127.017879533, 37.685605824], [127.017887151, 37.685606504], [127.017893865, 37.685607638], [127.017915547, 37.685612243], [127.017923271, 37.685613485], [127.0179319, 37.685614335], [127.017940646, 37.685614578], [127.017949435, 37.685614136], [127.017958795, 37.685612846], [127.017968113, 37.685610851], [127.017977379, 37.685608307], [127.017986582, 37.685605334], [127.01799589, 37.685601969], [127.018023804, 37.685591221], [127.018033555, 37.685587754], [127.018043445, 37.685584589], [127.018053502, 37.685581832], [127.018063985, 37.685579507], [127.018074619, 37.685577539], [127.018095846, 37.685574024], [127.018136011, 37.685567756], [127.018174849, 37.685562404], [127.018184417, 37.685560874], [127.018195099, 37.68555886], [127.018205665, 37.685556505], [127.018216086, 37.68555378], [127.018225617, 37.685550905], [127.018263306, 37.685538309], [127.018273813, 37.685535212], [127.01828442, 37.685532445], [127.0182951, 37.685530051], [127.018305829, 37.685528106], [127.018311958, 37.685527245], [127.018318096, 37.685526606], [127.018326934, 37.685526112], [127.018335773, 37.685525979], [127.018345959, 37.685526106], [127.018356043, 37.685526546], [127.018365926, 37.685527385], [127.018375496, 37.685528756], [127.018384607, 37.685530838], [127.01839308, 37.685533874], [127.018399606, 37.68553733], [127.01840563, 37.685541497], [127.01841124, 37.685546226], [127.018416502, 37.685551396], [127.018421506, 37.68555694], [127.018426328, 37.685562725], [127.018441735, 37.685581721], [127.018447853, 37.68558871], [127.018454603, 37.685595894], [127.01846167, 37.685602889], [127.018468635, 37.685609326], [127.018475819, 37.685615599], [127.018489622, 37.68562685], [127.018496204, 37.685631831], [127.01850297, 37.685636622], [127.018509973, 37.685641167], [127.018518344, 37.685646033], [127.018526996, 37.685650601], [127.018535832, 37.685654968], [127.018562624, 37.685667645], [127.018571394, 37.685671966], [127.018579942, 37.685676462], [127.018588163, 37.68568122], [127.018595939, 37.685686344], [127.018602213, 37.685691115], [127.018625471, 37.685710917], [127.018631395, 37.685715583], [127.01863797, 37.68572035], [127.018644751, 37.685724955], [127.018665403, 37.685738177], [127.018672429, 37.685742334], [127.018680045, 37.685746538], [127.018695331, 37.685754616], [127.018702747, 37.685758696], [127.018709822, 37.685762944], [127.018716393, 37.685767477], [127.018721876, 37.685772006], [127.01872672, 37.685776848], [127.018730854, 37.685781974], [127.018734833, 37.685788363], [127.018741786, 37.68580139], [127.018745926, 37.685807593], [127.018750373, 37.685812577], [127.018755539, 37.685817266], [127.018760473, 37.685821139], [127.018765776, 37.685824814], [127.018771427, 37.685828249], [127.01877798, 37.685831677], [127.018784885, 37.685834744], [127.018793824, 37.685838056], [127.018819031, 37.685846107], [127.018834281, 37.685850344], [127.01884196, 37.685852152], [127.018861437, 37.685856014], [127.018870917, 37.685858234], [127.018877588, 37.68586022], [127.018906755, 37.685870381], [127.018914685, 37.685873456], [127.01892201, 37.685876684], [127.018929109, 37.685880239], [127.018935929, 37.685884119], [127.018942402, 37.685888341], [127.018949039, 37.685893374], [127.018955214, 37.685898727], [127.018960963, 37.685904292], [127.0189663, 37.685909963], [127.018975869, 37.685920734], [127.018980821, 37.685925576], [127.018986896, 37.685930142], [127.018993738, 37.685933536], [127.019000584, 37.685935362], [127.019008011, 37.68593621], [127.019015718, 37.685936298], [127.019023744, 37.685935798], [127.019032004, 37.685934815], [127.01904234, 37.685933078], [127.019052837, 37.685930913], [127.019063441, 37.685928462], [127.019094894, 37.685920593], [127.019115926, 37.685915651], [127.019123939, 37.685914012], [127.01913196, 37.685912612], [127.01914, 37.68591154], [127.019148163, 37.685910867], [127.019156332, 37.68591057], [127.01916448, 37.685910599], [127.01917161, 37.685910866], [127.01917868, 37.685911343], [127.01919979, 37.685913301], [127.01920796, 37.685913689], [127.019216166, 37.685913795], [127.019224374, 37.6859137], [127.019278109, 37.68591209], [127.019286319, 37.685911259], [127.019293373, 37.685909613], [127.019300377, 37.685907248], [127.019307414, 37.685904414], [127.019321926, 37.685898239], [127.019329069, 37.685895462], [127.019343892, 37.685890355], [127.019352341, 37.68588776], [127.019360843, 37.685885376], [127.019369345, 37.685883243], [127.019377794, 37.685881409], [127.019388745, 37.685879322], [127.01939681, 37.685877502], [127.019404836, 37.685875337], [127.019412758, 37.685872844], [127.019420499, 37.685870028], [127.019428455, 37.685866668], [127.019436031, 37.685862961], [127.019443127, 37.685858921], [127.019449617, 37.68585454], [127.0194622, 37.685844353], [127.019467555, 37.685840374], [127.019473035, 37.685836922], [127.019478911, 37.685833684], [127.019493885, 37.685826383], [127.019512272, 37.685818287], [127.019521745, 37.685814451], [127.019528963, 37.685811719], [127.019536293, 37.685809183], [127.019543763, 37.685806923], [127.019551643, 37.685804954], [127.019559677, 37.685803349], [127.019567156, 37.68580218], [127.019574718, 37.685801249], [127.019582347, 37.685800504], [127.019591747, 37.68579979], [127.019610672, 37.685798886], [127.019620157, 37.685798664], [127.019649437, 37.685798484], [127.019659091, 37.685798295], [127.019667457, 37.685797941], [127.019675737, 37.685797303], [127.019683906, 37.685796266], [127.019692047, 37.685794716], [127.019700076, 37.685792734], [127.019708016, 37.68579042], [127.019722921, 37.685785406], [127.019746544, 37.685776912], [127.019756184, 37.6857737], [127.019765855, 37.685770834], [127.019775568, 37.685768484], [127.019785721, 37.685766786], [127.019795867, 37.68576601], [127.019804314, 37.685766184], [127.019812637, 37.685767103], [127.019821902, 37.685768947], [127.019862068, 37.685778499], [127.019881876, 37.685783386], [127.019908879, 37.685790343], [127.019917464, 37.685792197], [127.019926123, 37.685793562], [127.019935089, 37.685794301], [127.019944161, 37.685794489], [127.019953313, 37.685794282], [127.019962522, 37.685793814], [127.019980696, 37.685792541], [127.019989616, 37.685791766], [127.019998499, 37.685790792], [127.020026583, 37.685786599], [127.020035921, 37.685785401], [127.020045154, 37.685784603], [127.020054382, 37.685784259], [127.020063568, 37.685784435], [127.020073724, 37.685785279], [127.020104125, 37.685789433], [127.02011438, 37.685790448], [127.020124609, 37.685790783], [127.020133107, 37.685790378], [127.020141607, 37.685789499], [127.020167363, 37.685786044], [127.020175519, 37.685785266], [127.020191981, 37.685784229], [127.020210198, 37.685783393], [127.020220111, 37.685783153], [127.020229944, 37.685783335], [127.020239304, 37.68578407], [127.020248539, 37.685785267], [127.020273901, 37.685789724], [127.02028117, 37.685790614], [127.020288522, 37.685791155], [127.020295915, 37.685791355], [127.020326855, 37.685790519], [127.020334887, 37.685790807], [127.020342873, 37.685791578], [127.020350754, 37.685792905], [127.020359671, 37.685795186], [127.020368444, 37.6857981], [127.020377141, 37.685801449], [127.020394623, 37.685808835], [127.020440066, 37.685828844], [127.020449592, 37.685832839], [127.020459226, 37.68583662], [127.020469016, 37.685840092], [127.020479305, 37.685843284], [127.020510605, 37.685852007], [127.020519618, 37.685854771], [127.020528508, 37.685857743], [127.020537249, 37.685860944], [127.0205458, 37.685864403], [127.020554111, 37.685868169], [127.020561605, 37.685871999], [127.020568842, 37.685876114], [127.020575816, 37.685880484], [127.020582512, 37.685885097], [127.020589451, 37.685890337], [127.020602878, 37.685901077], [127.020609663, 37.685906292], [127.020615787, 37.685910652], [127.020622027, 37.685914811], [127.020635006, 37.68592282], [127.020641758, 37.685926527], [127.020648664, 37.685929764], [127.020657344, 37.68593299], [127.020666143, 37.685935913], [127.02067483, 37.685939163], [127.020683123, 37.685943153], [127.02069128, 37.68594777], [127.020697639, 37.685951624], [127.020710434, 37.685959778], [127.02073614, 37.685976648], [127.020743598, 37.685981185], [127.020751194, 37.685985495], [127.020759666, 37.685989907], [127.020768214, 37.685993982], [127.020776024, 37.685997364], [127.020783884, 37.686000279], [127.020792907, 37.686002876], [127.020801856, 37.686004898], [127.020817022, 37.686007757], [127.020823308, 37.686008558], [127.020829468, 37.686008679], [127.02083625, 37.686007771], [127.020843105, 37.686006061], [127.020857508, 37.686001857], [127.020865237, 37.686000088], [127.020873303, 37.68599875], [127.020881604, 37.685997911], [127.020889273, 37.68599765], [127.020896994, 37.685997898], [127.020904699, 37.685998698], [127.020914038, 37.686000436], [127.020942824, 37.686007711], [127.020953033, 37.686010063], [127.020963402, 37.686012256], [127.020981468, 37.686015596], [127.020990591, 37.686017031], [127.020999755, 37.686018271], [127.021008952, 37.686019269], [127.021018881, 37.68602002], [127.021028811, 37.686020442], [127.021039146, 37.686020595], [127.0210756, 37.686020547], [127.021087874, 37.68602097], [127.021099338, 37.686022022], [127.021109523, 37.686023861], [127.02111839, 37.686026573], [127.021125056, 37.686029521], [127.021129206, 37.686032065], [127.021130497, 37.686033673], [127.021132112, 37.686033163], [127.021136511, 37.686032442], [127.021143243, 37.686031706], [127.02115185, 37.68603119], [127.021161874, 37.68603114], [127.021172853, 37.686031807], [127.021184486, 37.686033421], [127.021196256, 37.68603588], [127.021207812, 37.686038958], [127.021218815, 37.686042396], [127.021229591, 37.686046183], [127.021248326, 37.686053485], [127.021265919, 37.686060135], [127.021274255, 37.686063079], [127.021282606, 37.686065802], [127.02129099, 37.686068224], [127.021309704, 37.686072726], [127.021318813, 37.686075081], [127.021327575, 37.686077938], [127.021335338, 37.68608125], [127.021350529, 37.686088913], [127.021382092, 37.686104404], [127.0213982, 37.686112926], [127.021420125, 37.686125254], [127.021448733, 37.686140688], [127.021456534, 37.686144583], [127.021464603, 37.686147854], [127.021473675, 37.686150373], [127.021483179, 37.686152062], [127.021492965, 37.686153134], [127.021510078, 37.686154237], [127.021518719, 37.686154931], [127.021528177, 37.686156104], [127.02153766, 37.686157605], [127.021592306, 37.686167266], [127.02160472, 37.686169107], [127.021609564, 37.686169537], [127.021618409, 37.686169541], [127.021627347, 37.686168682], [127.021636289, 37.686167136], [127.021644531, 37.686165159], [127.021652552, 37.686162599], [127.02166126, 37.686158837], [127.021669315, 37.686154161], [127.02167489, 37.686149999], [127.021680026, 37.68614538], [127.021684762, 37.686140382], [127.021689515, 37.686134559], [127.021693884, 37.686128443], [127.021697935, 37.686122097], [127.021699507, 37.686119374], [127.021701699, 37.686115579], [127.0217052, 37.686108922], [127.021716025, 37.686086503], [127.021719943, 37.686079288], [127.021724127, 37.686072151], [127.021732988, 37.686058056], [127.021746653, 37.6860372], [127.021751303, 37.686030393], [127.021756186, 37.686023808], [127.021761456, 37.686017559], [127.021765286, 37.686013611], [127.021769326, 37.686009864], [127.021774039, 37.686005927], [127.021779028, 37.686002312], [127.021786203, 37.685998105], [127.021793869, 37.685994602], [127.02180189, 37.685991818], [127.021811181, 37.685989541], [127.021820543, 37.685987908], [127.021832589, 37.685986266], [127.021837568, 37.685985739], [127.021841935, 37.685985473], [127.021846994, 37.685985503], [127.021852073, 37.685985891], [127.0218582, 37.685986813], [127.021864214, 37.685988224], [127.021870026, 37.685990144], [127.021876412, 37.685993035], [127.021882299, 37.685996604], [127.021888645, 37.686001675], [127.021900774, 37.68601309], [127.02190553, 37.686017199], [127.021910597, 37.68602121], [127.021915949, 37.686025103], [127.021923209, 37.686029918], [127.021930797, 37.68603456], [127.021938618, 37.686039083], [127.021969349, 37.686056092], [127.021977631, 37.686060597], [127.02198607, 37.686064915], [127.021995057, 37.686069077], [127.022004266, 37.686072937], [127.022013647, 37.686076525], [127.022023167, 37.686079839], [127.022032802, 37.686082861], [127.022042535, 37.686085533], [127.022052358, 37.686087773], [127.02206226, 37.686089454], [127.022073045, 37.686090515], [127.022083824, 37.686090855], [127.022094497, 37.68609054], [127.02210494, 37.686089568], [127.022112826, 37.686088232], [127.022115007, 37.686087862], [127.022124514, 37.686085276], [127.022131227, 37.686082619], [127.022137432, 37.686079379], [127.022143052, 37.686075592], [127.022147982, 37.686071254], [127.02215264, 37.686065738], [127.02215662, 37.686059698], [127.022167681, 37.686039815], [127.022171733, 37.686032863], [127.02218876, 37.686004976], [127.022196681, 37.685992516], [127.022201058, 37.685986533], [127.022206931, 37.685979734], [127.022213423, 37.685973277], [127.022220409, 37.685967118], [127.022226743, 37.685962045], [127.022233353, 37.685957192], [127.022240238, 37.685952594], [127.022247408, 37.685948293], [127.022255722, 37.685943883], [127.022281419, 37.685931486], [127.022289445, 37.685927278], [127.022297228, 37.685922842], [127.022304715, 37.685918172], [127.022311843, 37.685913255], [127.022318541, 37.685908134], [127.022331415, 37.685897852], [127.022337973, 37.685893077], [127.022343498, 37.685889596], [127.022349295, 37.685886564], [127.022355416, 37.685884096], [127.022364433, 37.685881741], [127.022374006, 37.685880347], [127.02238398, 37.685879608], [127.022393167, 37.685879305], [127.022402502, 37.685879224], [127.022430142, 37.685879383], [127.022439189, 37.685879147], [127.022447628, 37.685878574], [127.022455927, 37.685877603], [127.022464033, 37.685876181], [127.022472725, 37.685874055], [127.022481155, 37.685871533], [127.022497386, 37.685866216], [127.022505232, 37.685863877], [127.022512025, 37.685862265], [127.022518798, 37.685861348], [127.022526709, 37.68586141], [127.022534643, 37.685862471], [127.022542507, 37.685864241], [127.022550201, 37.685866469], [127.022563106, 37.685870564], [127.022569435, 37.685872105], [127.022575777, 37.685872877], [127.022583794, 37.685872358], [127.022591705, 37.685870265], [127.022598477, 37.685867218], [127.022605026, 37.685863285], [127.022611398, 37.685858691], [127.022617635, 37.685853604], [127.022637492, 37.685835694], [127.022644474, 37.685829738], [127.022651682, 37.685824119], [127.022659165, 37.68581868], [127.022681622, 37.685803114], [127.022696013, 37.685793517], [127.022703432, 37.685789031], [127.022711115, 37.685784901], [127.022719558, 37.685781031], [127.022728298, 37.685777544], [127.022745506, 37.685771493], [127.022753874, 37.685768832], [127.022762333, 37.685766374], [127.022770894, 37.685764187], [127.022780297, 37.685762198], [127.022789808, 37.685760633], [127.022799401, 37.685759532], [127.022809058, 37.685758963], [127.022820057, 37.685759027], [127.022831088, 37.685759726], [127.022842122, 37.685760924], [127.022853131, 37.685762533], [127.022864079, 37.6857645], [127.022873115, 37.685766376], [127.022900884, 37.685772662], [127.022910686, 37.685774667], [127.022920409, 37.685776274], [127.022927391, 37.685777082], [127.022934291, 37.685777533], [127.02294108, 37.685777573], [127.022949256, 37.685776961], [127.022957094, 37.685775501], [127.02296354, 37.685773473], [127.022969643, 37.68577081], [127.022975396, 37.685767607], [127.022982369, 37.685762757], [127.022988821, 37.685757384], [127.022994848, 37.685751728], [127.023006844, 37.685739496], [127.023011053, 37.685735682], [127.023015358, 37.685732477], [127.023020051, 37.685729818], [127.023024057, 37.685728176], [127.023028328, 37.685726842], [127.023036152, 37.685724997], [127.023052252, 37.685722031], [127.023060186, 37.685720404], [127.023068309, 37.685718334], [127.023076457, 37.685715884], [127.023083134, 37.685713648], [127.023096429, 37.685708674], [127.023103656, 37.685705692], [127.023110775, 37.685702505], [127.023119272, 37.685698317], [127.023135996, 37.685689605], [127.023143623, 37.685685848], [127.023151342, 37.68568236], [127.023159168, 37.685679252], [127.023167115, 37.685676659], [127.023176098, 37.685674547], [127.023185162, 37.685673343], [127.023194218, 37.685673174], [127.023201601, 37.685673901], [127.023208912, 37.685675296], [127.023216141, 37.685677221], [127.023223513, 37.685679679], [127.023230704, 37.685682627], [127.023238437, 37.685686529], [127.023245914, 37.685690942], [127.02325321, 37.685695719], [127.02326618, 37.685704959], [127.02328209, 37.685717004], [127.023288853, 37.685722536], [127.023302294, 37.685734344], [127.02331556, 37.685746884], [127.023321947, 37.685753309], [127.023328125, 37.685759852], [127.023349392, 37.685783812], [127.023355587, 37.685790233], [127.023361983, 37.685796506], [127.023375142, 37.685808696], [127.023382463, 37.685815151], [127.023389964, 37.685821334], [127.023397786, 37.685827075], [127.023406109, 37.685832166], [127.023414001, 37.685835955], [127.023422339, 37.685839102], [127.023431042, 37.68584163], [127.023440047, 37.685843533], [127.023448627, 37.685844724], [127.023457375, 37.685845452], [127.023466252, 37.685845813], [127.02347522, 37.685845876], [127.023494264, 37.685845324], [127.023532669, 37.685843495], [127.023543214, 37.685843246], [127.023553749, 37.685843254], [127.023563986, 37.685843562], [127.023574208, 37.685844128], [127.023584414, 37.685844897], [127.023604767, 37.685846895], [127.023624578, 37.685849289], [127.023653421, 37.685853075], [127.023663895, 37.68585435], [127.023674327, 37.685855429], [127.023684722, 37.68585619], [127.023695079, 37.685856483], [127.023703822, 37.68585629], [127.023730092, 37.685854753], [127.023739019, 37.68585444], [127.023766051, 37.685854013], [127.023775114, 37.685853741], [127.023785954, 37.685853155], [127.023796806, 37.685852309], [127.023807655, 37.685851251], [127.023818493, 37.685850009], [127.023835863, 37.685847694], [127.023874736, 37.685841928], [127.023885499, 37.68584067], [127.023896262, 37.68583989], [127.023905924, 37.685839738], [127.023915567, 37.685840082], [127.023924288, 37.685840807], [127.023934676, 37.685842118], [127.023944254, 37.685843823], [127.023953705, 37.685845886], [127.023963014, 37.685848216], [127.023991846, 37.685856295], [127.024001733, 37.6858584], [127.024011161, 37.685859612], [127.024020742, 37.685860315], [127.024040185, 37.685861464], [127.02404887, 37.685862351], [127.024057538, 37.685863578], [127.024066146, 37.685865155], [127.024074647, 37.685867108], [127.024082994, 37.685869481], [127.024092573, 37.685872833], [127.024101982, 37.685876593], [127.024120761, 37.68588441], [127.024130367, 37.685888014], [127.02413936, 37.685890897], [127.024148556, 37.685893425], [127.024157903, 37.685895655], [127.024167363, 37.685897627], [127.024176903, 37.68589936], [127.024186494, 37.685900854], [127.024197177, 37.685902219], [127.024207861, 37.685903244], [127.024218509, 37.685903871], [127.024229089, 37.685904013], [127.024239746, 37.685903623], [127.024260912, 37.685902511], [127.024271217, 37.685902418], [127.024291867, 37.685902511], [127.024302192, 37.685902097], [127.024310883, 37.68590123], [127.02431956, 37.685899925], [127.02432821, 37.68589825], [127.024336823, 37.685896257], [127.024346049, 37.685893806], [127.024355242, 37.685891124], [127.024401788, 37.685876737], [127.024420884, 37.685871196], [127.024440779, 37.685865724], [127.024451129, 37.685863073], [127.024461536, 37.685860631], [127.024472017, 37.685858488], [127.024482581, 37.685856728], [127.024493221, 37.685855327], [127.024503921, 37.685854263], [127.024514661, 37.685853548], [127.024525427, 37.685853216], [127.024535163, 37.685853286], [127.024544902, 37.685853662], [127.024554636, 37.6858543], [127.024564357, 37.685855174], [127.02457384, 37.685856236], [127.024592737, 37.685858813], [127.024611515, 37.685861768], [127.024632469, 37.685865441], [127.024642773, 37.685867463], [127.024652891, 37.685869673], [127.024662755, 37.685872144], [127.024672273, 37.685874976], [127.024681323, 37.685878297], [127.024689748, 37.685882276], [127.02469705, 37.685886732], [127.02471093, 37.685896707], [127.024717052, 37.685900949], [127.024723424, 37.685905036], [127.024730067, 37.685908904], [127.024738515, 37.685913218], [127.024747332, 37.685917092], [127.024756473, 37.685920494], [127.024765918, 37.685923368], [127.024775335, 37.685925613], [127.024784936, 37.685927485], [127.024804376, 37.685930863], [127.02481406, 37.685932728], [127.024823469, 37.685934865], [127.024832779, 37.685937243], [127.024840868, 37.685939476], [127.024848846, 37.685941889], [127.024856656, 37.685944556], [127.024864232, 37.685947562], [127.024871598, 37.68595102], [127.024878662, 37.68595488], [127.024885418, 37.685959108], [127.024893343, 37.685964777], [127.024900952, 37.685970796], [127.024923363, 37.685989427], [127.024931176, 37.685995354], [127.024939125, 37.686000747], [127.024947434, 37.686005778], [127.024956082, 37.686010432], [127.024965067, 37.686014667], [127.02497412, 37.68601835], [127.024983424, 37.686021698], [127.024992905, 37.686024815], [127.025068906, 37.686047822], [127.025087997, 37.686053152], [127.025097566, 37.686055448], [127.025107172, 37.686057345], [127.025116836, 37.6860587], [127.025127287, 37.68605944], [127.025137799, 37.686059659], [127.025158909, 37.68605961], [127.025178445, 37.686059842], [127.02518817, 37.686059742], [127.025197845, 37.686059194], [127.025206651, 37.686058127], [127.025215389, 37.686056558], [127.025224046, 37.686054556], [127.025232604, 37.686052161], [127.025241038, 37.686049395], [127.025249823, 37.686046079], [127.025258488, 37.68604247], [127.025292764, 37.686027059], [127.025302585, 37.686022915], [127.025312509, 37.686019045], [127.025322545, 37.686015539], [127.025332714, 37.686012505], [127.025343048, 37.686010103], [127.025353128, 37.686008494], [127.025363331, 37.686007363], [127.025383887, 37.686005571], [127.025411125, 37.686002873], [127.025420206, 37.686002302], [127.025430037, 37.686002084], [127.025449753, 37.686002103], [127.025459627, 37.686001839], [127.025469944, 37.686001086], [127.025480271, 37.685999943], [127.025511363, 37.685995781], [127.025521779, 37.685994656], [127.025530983, 37.685993962], [127.025549371, 37.685993187], [127.025576816, 37.685992651], [127.025585972, 37.685992766], [127.025595019, 37.685993422], [127.025604686, 37.685994984], [127.025614271, 37.685997276], [127.025623811, 37.686000081], [127.025660836, 37.68601255], [127.025669301, 37.686015089], [127.025677854, 37.6860173], [127.025686517, 37.686019046], [127.025695104, 37.68602019], [127.025703775, 37.686020797], [127.025712495, 37.686020894], [127.02572122, 37.68602048], [127.025731477, 37.686019335], [127.02574168, 37.686017621], [127.02575182, 37.686015474], [127.025761099, 37.686013186], [127.025770268, 37.686010638], [127.02577928, 37.68600783], [127.025788072, 37.686004745], [127.025796558, 37.68600133], [127.025804631, 37.685997512], [127.02581215, 37.685993178], [127.025819042, 37.685988191], [127.025825243, 37.685982657], [127.025830765, 37.685976663], [127.025835631, 37.685970211], [127.025839807, 37.685963433], [127.025843288, 37.68595639], [127.025846024, 37.685949122], [127.025847781, 37.6859426], [127.025851552, 37.685922515], [127.025853302, 37.685914436], [127.025855371, 37.685906356], [127.025857715, 37.685898286], [127.025860311, 37.685890242], [127.025863149, 37.685882235], [127.025866228, 37.685874279], [127.025869574, 37.685866389], [127.025873462, 37.685858013], [127.025890035, 37.685824871], [127.02589388, 37.685816538], [127.025897359, 37.685808128], [127.025901804, 37.68579527], [127.025908295, 37.685774376], [127.025910712, 37.685767222], [127.025913378, 37.685760143], [127.025916409, 37.685753171], [127.025920329, 37.685745523], [127.025924703, 37.685738004], [127.02592938, 37.685730568], [127.025948849, 37.685701116], [127.025958002, 37.685686239], [127.025962231, 37.685678684], [127.025966454, 37.685670423], [127.025978291, 37.685645411], [127.02598243, 37.685637165], [127.025998408, 37.685608452], [127.026002081, 37.685601274], [127.026005325, 37.685594023], [127.026007955, 37.685586663], [127.02601002, 37.685578263], [127.026011389, 37.685569733], [127.026014234, 37.685543921], [127.02601568, 37.685535419], [127.026017879, 37.685527068], [127.026020441, 37.68552035], [127.026023591, 37.685513745], [127.026027187, 37.685507223], [127.026031109, 37.685500758], [127.026035263, 37.685494326], [127.02604451, 37.685480784], [127.026054159, 37.685467298], [127.026064111, 37.6854539], [127.026074604, 37.68544045], [127.026080069, 37.68543385], [127.026085749, 37.685427376], [127.026092322, 37.685420417], [127.026099192, 37.685413644], [127.026106327, 37.685407058], [127.026113728, 37.685400669], [127.026121417, 37.685394506], [127.026128487, 37.685389252], [127.026157707, 37.685369013], [127.02618597, 37.685348841], [127.026193224, 37.685344042], [127.026200707, 37.6853395], [127.026209499, 37.685334766], [127.026218617, 37.685330407], [127.026227993, 37.685326367], [127.026237588, 37.685322624], [127.026247384, 37.685319174], [127.026255806, 37.685316489], [127.026272923, 37.68531155], [127.026336423, 37.685294203], [127.026356376, 37.685288899], [127.026376464, 37.685283971], [127.026386068, 37.685281846], [127.026405392, 37.685277914], [127.026444205, 37.685270488], [127.026502555, 37.685258876], [127.026550892, 37.685249446], [127.026578725, 37.685243425], [127.02660636, 37.685236899], [127.026626694, 37.68523166], [127.026646768, 37.685225927], [127.026656657, 37.68522279], [127.026664971, 37.685219946], [127.026689775, 37.685211181], [127.0266999, 37.685207872], [127.026710112, 37.685204742], [127.026716796, 37.685202844], [127.026730664, 37.685198906], [127.026775611, 37.685187107], [127.02679083, 37.685182749], [127.026819439, 37.685174251], [127.026837697, 37.685169088], [127.026856594, 37.685164206], [127.02686618, 37.685162032], [127.026875813, 37.685160162], [127.026885166, 37.68515875], [127.026894478, 37.685157842], [127.02690369, 37.685157577], [127.026912733, 37.685158142], [127.026921372, 37.685159659], [127.026929742, 37.685162038], [127.026937792, 37.685165162], [127.026945138, 37.68516877], [127.026952127, 37.685172884], [127.026958743, 37.685177427], [127.026964937, 37.685182347], [127.026970587, 37.685187573], [127.026975664, 37.685193136], [127.02698004, 37.685199051], [127.026983726, 37.68520551], [127.026986772, 37.685212261], [127.0269894, 37.685219213], [127.026999299, 37.685248562], [127.027001528, 37.685256235], [127.027003234, 37.685263718], [127.027007144, 37.685286481], [127.027008612, 37.685294045], [127.027010687, 37.68530251], [127.027013239, 37.685310833], [127.027016293, 37.685318959], [127.027019926, 37.685326808], [127.027024264, 37.685334276], [127.0270295, 37.685341223], [127.027034522, 37.685346361], [127.027040188, 37.685351059], [127.027046425, 37.685355316], [127.027053183, 37.685359107], [127.027061281, 37.68536276], [127.027069851, 37.685365917], [127.027078774, 37.685368686], [127.027087956, 37.685371158], [127.027097325, 37.685373388], [127.027106922, 37.685375451], [127.027135988, 37.685381314], [127.027145618, 37.68538342], [127.027155149, 37.685385737], [127.027164893, 37.685388432], [127.02717449, 37.685391394], [127.027183944, 37.68539457], [127.02719325, 37.685397931], [127.027202398, 37.685401446], [127.027225756, 37.68541091], [127.027233478, 37.685413816], [127.027257166, 37.685421819], [127.02726462, 37.685424693], [127.0272822, 37.685432632], [127.027316028, 37.685447499], [127.027324528, 37.685451525], [127.027347959, 37.685463412], [127.027355851, 37.685467173], [127.027363911, 37.685470602], [127.027371345, 37.685473285], [127.02737895, 37.685475548], [127.027386706, 37.685477354], [127.02739459, 37.685478644], [127.027403286, 37.685479424], [127.027412052, 37.685479727], [127.027438125, 37.685479785], [127.027446954, 37.685480183], [127.027455373, 37.685481039], [127.027463187, 37.685482486], [127.027470163, 37.685484696], [127.027476005, 37.685487884], [127.027480464, 37.685492209], [127.027483776, 37.685497484], [127.027486214, 37.685503465], [127.027487987, 37.685509953], [127.02748925, 37.685516786], [127.027490044, 37.685523318], [127.027490414, 37.685529945], [127.027490253, 37.685536591], [127.027489414, 37.685543184], [127.02748809, 37.685548675], [127.027486312, 37.68555408], [127.027484078, 37.685559756], [127.027481496, 37.685565523], [127.027478541, 37.68557109], [127.027475067, 37.685576363], [127.027470899, 37.68558123], [127.02746455, 37.685586637], [127.027457237, 37.685591439], [127.027449355, 37.685595823], [127.027433277, 37.685603956], [127.027425783, 37.685607972], [127.027419168, 37.685612129], [127.027413905, 37.685616565], [127.027411704, 37.685619295], [127.027410242, 37.685622175], [127.027409537, 37.685626752], [127.02741021, 37.685631664], [127.027412153, 37.685637702], [127.027415091, 37.685643992], [127.02741891, 37.685650356], [127.02742356, 37.685656633], [127.027429165, 37.685662922], [127.02744109, 37.685675481], [127.027446457, 37.685682165], [127.027450455, 37.685688539], [127.027453783, 37.685695272], [127.027456577, 37.685702276], [127.027458945, 37.685709485], [127.027461274, 37.685718004], [127.027469007, 37.685752302], [127.027471221, 37.685760432], [127.02747392, 37.685768376], [127.027477335, 37.685776047], [127.027481079, 37.685782466], [127.027485496, 37.685788594], [127.02749052, 37.685794413], [127.02749613, 37.685799889], [127.027503234, 37.685805724], [127.027510847, 37.685811211], [127.027534378, 37.68582683], [127.027562524, 37.685846326], [127.027569282, 37.685850305], [127.027576353, 37.685853497], [127.027584732, 37.685855924], [127.027602537, 37.685859214], [127.02761156, 37.685861248], [127.027620429, 37.685864188], [127.027629119, 37.68586796], [127.027637617, 37.685872401], [127.027645895, 37.685877389], [127.027653907, 37.68588285], [127.027661596, 37.685888745], [127.027668024, 37.685894237], [127.027674239, 37.68589995], [127.027693279, 37.685918208], [127.027700342, 37.685924566], [127.027707704, 37.685930593], [127.027715513, 37.685936127], [127.027722922, 37.68594049], [127.027730739, 37.685944344], [127.027738897, 37.685947703], [127.027747351, 37.685950546], [127.027756079, 37.685952822], [127.027765158, 37.685954513], [127.027774432, 37.685955756], [127.027802858, 37.685958613], [127.027812234, 37.685959775], [127.027821579, 37.685961164], [127.027830855, 37.685962783], [127.027840035, 37.685964642], [127.027850126, 37.685966997], [127.027879351, 37.685974598], [127.027888152, 37.685976657], [127.027896882, 37.685978108], [127.027905405, 37.685978612], [127.027913872, 37.68597816], [127.027922161, 37.685976707], [127.027930193, 37.685974217], [127.027937976, 37.685970874], [127.027945548, 37.685966879], [127.027953809, 37.685961844], [127.027961956, 37.685956417], [127.02797834, 37.685945122], [127.027991826, 37.685936395], [127.027998797, 37.685932249], [127.028005951, 37.68592831], [127.028014666, 37.685923965], [127.028023616, 37.685919927], [127.02803275, 37.685916151], [127.028042034, 37.685912614], [127.028051438, 37.685909316], [127.028060953, 37.685906277], [127.028070573, 37.685903539], [127.028080304, 37.685901173], [127.028090159, 37.685899273], [127.028099469, 37.685897993], [127.028108869, 37.685897079], [127.028118331, 37.685896399], [127.028137844, 37.685895296], [127.028158876, 37.685894388], [127.028169794, 37.685894183], [127.028180528, 37.685894316], [127.028190995, 37.685894946], [127.028201083, 37.685896286], [127.02821065, 37.685898615], [127.028219141, 37.685901952], [127.028227119, 37.685906198], [127.028234674, 37.685911113], [127.028241864, 37.685916507], [127.028254529, 37.685926973], [127.028261129, 37.685932066], [127.028269239, 37.685937457], [127.028277898, 37.685942463], [127.028286958, 37.685947176], [127.028296306, 37.685951684], [127.028305852, 37.685956053], [127.028334952, 37.685968905], [127.0283446, 37.685973292], [127.028354118, 37.685977835], [127.028363425, 37.685982611], [127.028371721, 37.685987255], [127.028379818, 37.685992104], [127.028410801, 37.686012022], [127.028418629, 37.686016617], [127.028429855, 37.686022334], [127.028439126, 37.686026649], [127.028448563, 37.686030766], [127.028458151, 37.686034632], [127.028468081, 37.686038142], [127.02847963, 37.686041021], [127.02849258, 37.686042913], [127.028504707, 37.686043555], [127.028517014, 37.686043282], [127.02852902, 37.686042216], [127.02853996, 37.686040581], [127.028549779, 37.686038618], [127.028558091, 37.686036607], [127.028564498, 37.686034821], [127.028570007, 37.686033034], [127.028592476, 37.686024239], [127.028602995, 37.686019838], [127.028614396, 37.686014797], [127.028626139, 37.686009231], [127.028637114, 37.686003599], [127.028647565, 37.685997838], [127.028657158, 37.6859922], [127.028665561, 37.685986944], [127.028686809, 37.685972664], [127.028693029, 37.685968132], [127.028698902, 37.685963409], [127.028704287, 37.685958386], [127.028710316, 37.685951395], [127.028715451, 37.685943876], [127.028719785, 37.685935944], [127.028722878, 37.685928974], [127.028725546, 37.685921825], [127.028727895, 37.685914559], [127.028734719, 37.685890213], [127.028736544, 37.685884213], [127.028738587, 37.685878322], [127.028740957, 37.685872581], [127.028744274, 37.685866114], [127.028748237, 37.685859989], [127.028752904, 37.685854284], [127.028759296, 37.685848275], [127.028766579, 37.685842954], [127.028774613, 37.685838348], [127.028783329, 37.685834537], [127.028793074, 37.68583148], [127.028803322, 37.685829131], [127.028813903, 37.685827244], [127.028823702, 37.685825769], [127.028843527, 37.685823301], [127.028863301, 37.685821402], [127.028880209, 37.68582029], [127.028888997, 37.685820185], [127.028898455, 37.685820561], [127.02890799, 37.68582129], [127.028956092, 37.685825892], [127.028993915, 37.685829985], [127.029001971, 37.685830582], [127.029009928, 37.685830837], [127.029017759, 37.685830607], [127.02902225, 37.685828946], [127.029038085, 37.685802133], [127.029053964, 37.685773634], [127.029074369, 37.685735282], [127.029082809, 37.685720232], [127.02908735, 37.685712844], [127.029091896, 37.685706003], [127.029110798, 37.685679012], [127.02911516, 37.685672164], [127.029119134, 37.685665187], [127.029123092, 37.685656957], [127.029126463, 37.685648546], [127.029129323, 37.685639995], [127.02913171, 37.685631329], [127.029133539, 37.685623052], [127.029135012, 37.685614711], [127.029136181, 37.685606321], [127.029137064, 37.685597894], [127.029137688, 37.68558914], [127.029138073, 37.685580366], [127.029138286, 37.685562787], [127.029137859, 37.685545216], [127.029136197, 37.685510159], [127.02913524, 37.685484453], [127.029134063, 37.685467452], [127.029131405, 37.685443985], [127.029130933, 37.685436183], [127.029131, 37.685427903], [127.029131552, 37.685419608], [127.029132422, 37.685411299], [127.029135541, 37.68538625], [127.029136234, 37.685378901], [127.029139196, 37.68533392], [127.029140834, 37.68531321], [127.029142539, 37.685296035], [127.029143353, 37.68528945], [127.029144283, 37.685283659], [127.029154373, 37.685261739], [127.029159129, 37.685252596], [127.029163223, 37.685245588], [127.029165898, 37.68524199], [127.029167346, 37.685240446], [127.029170601, 37.685237715], [127.029174212, 37.685235204], [127.029185662, 37.685228029], [127.029191261, 37.685224307], [127.029196599, 37.685220251], [127.029208667, 37.685210472], [127.029214132, 37.685206591], [127.02921823, 37.685204255], [127.029222533, 37.685202122], [127.029244899, 37.68519237], [127.02925969, 37.685188472], [127.029267557, 37.685186029], [127.029269062, 37.685185467], [127.029273057, 37.685183977], [127.029275426, 37.685182917], [127.029280212, 37.685180238], [127.029284716, 37.685177274], [127.029289537, 37.685173831], [127.029308476, 37.6851596], [127.029318148, 37.685152669], [127.029325903, 37.685147636], [127.02934433, 37.685136213], [127.029351908, 37.685131183], [127.02936255, 37.685123366], [127.029379809, 37.685110106], [127.029408254, 37.685080877], [127.029427517, 37.685061598], [127.029443464, 37.685046488], [127.029454446, 37.685036879], [127.029460217, 37.68503211], [127.029472042, 37.685022796], [127.029484267, 37.685013821], [127.029490675, 37.685009421], [127.029503781, 37.685000882], [127.029517144, 37.684992582], [127.029530707, 37.684984492], [127.029544528, 37.684976688], [127.029550873, 37.684973304], [127.029563754, 37.684966758], [127.029576826, 37.684960446], [127.029590074, 37.684954374], [127.029597523, 37.684951123], [127.029612576, 37.684944846], [127.02962779, 37.684938826], [127.029643202, 37.684933121], [127.029652009, 37.68493015], [127.029661844, 37.684927072], [127.029672262, 37.684924046], [127.029682822, 37.684921232], [127.029692088, 37.684918972], [127.029714701, 37.684913804], [127.029721425, 37.684912072], [127.029722298, 37.68491171], [127.02976827, 37.684879531], [127.029780957, 37.684870918], [127.029789601, 37.684865436], [127.029793482, 37.684863156], [127.029801459, 37.684858946], [127.029805587, 37.68485708], [127.029809842, 37.684855436], [127.029815007, 37.684853834], [127.029820328, 37.684852519], [127.029831265, 37.684850464], [127.029836822, 37.684849641], [127.029848, 37.684848318], [127.029859151, 37.6848475], [127.029864674, 37.684847378], [127.029869352, 37.684847516], [127.029870132, 37.684847539], [127.029875494, 37.684848093], [127.029880653, 37.684849109], [127.029885717, 37.684850512], [127.02989071, 37.684852199], [127.029895654, 37.68485409], [127.029900559, 37.68485613], [127.029910297, 37.684860487], [127.029968222, 37.684888289], [127.030003324, 37.684930215], [127.030006062, 37.684933328], [127.030010447, 37.684938313], [127.03001762, 37.684946112], [127.030024885, 37.684953561], [127.030031704, 37.684960167], [127.030050607, 37.684977661], [127.030068869, 37.684995159], [127.030086669, 37.685012611], [127.030097981, 37.685024155], [127.030103325, 37.685030041], [127.030108348, 37.685036053], [127.030113291, 37.685042605], [127.030122726, 37.6850558], [127.030127685, 37.685062198], [127.030133139, 37.68506828], [127.030140138, 37.685074655], [127.030147884, 37.685080562], [127.030156196, 37.685086094], [127.030164944, 37.685091304], [127.03017404, 37.685096216], [127.030183436, 37.685100816], [127.030193115, 37.68510505], [127.030203095, 37.685108831], [127.030211556, 37.685111536], [127.030220203, 37.685113908], [127.030228994, 37.685115998], [127.030237901, 37.685117834], [127.030241492, 37.685118469], [127.030246906, 37.685119426], [127.030255881, 37.685120765], [127.030264917, 37.685121899], [127.030273998, 37.685122856], [127.030292249, 37.685124276], [127.030340344, 37.685126435], [127.03038521, 37.685129258], [127.030396021, 37.68512971], [127.030414614, 37.685130089], [127.030426531, 37.685129988], [127.030430629, 37.685129762], [127.030452515, 37.685128589], [127.03046409, 37.685128151], [127.030474391, 37.685128051], [127.030478749, 37.685128191], [127.030483078, 37.685128474], [127.030491601, 37.685129503], [127.030517059, 37.685133918], [127.030525583, 37.685135174], [127.030529868, 37.685135634], [127.030538691, 37.685136117], [127.030547525, 37.685136143], [127.030556293, 37.685135788], [127.030564865, 37.685134928], [127.030569017, 37.685134202], [127.030573023, 37.685133181], [127.030576514, 37.685131935], [127.030578757, 37.685130936], [127.030579881, 37.685130435], [127.030583152, 37.685128746], [127.030589515, 37.685124987], [127.030605818, 37.685114259], [127.030614375, 37.685108832], [127.030626779, 37.685101219], [127.030634962, 37.685096384], [127.030635955, 37.685095508], [127.030639101, 37.68509335], [127.030644183, 37.685090238], [127.030652294, 37.685085811], [127.030662323, 37.685080928], [127.03067379, 37.685075957], [127.030686204, 37.685071253], [127.03069907, 37.685067175], [127.030711893, 37.685064087], [127.030723665, 37.685062311], [127.030734401, 37.685061613], [127.030744525, 37.685061513], [127.030776171, 37.685061643], [127.030821149, 37.685061424], [127.030840778, 37.685061796], [127.03085058, 37.685062161], [127.03087013, 37.685063341], [127.030879318, 37.685064146], [127.030892693, 37.685065519], [127.030915977, 37.68506791], [127.030962961, 37.68507182], [127.030972301, 37.685072764], [127.030997781, 37.685075801], [127.031006291, 37.685076681], [127.031017018, 37.685077509], [127.031027793, 37.685078078], [127.031038604, 37.685078453], [127.031103695, 37.68507942], [127.031125261, 37.685080241], [127.031135965, 37.685080979], [127.031146595, 37.685082043], [127.031157223, 37.685083496], [127.031178384, 37.685086878], [127.031189014, 37.685088407], [127.031199989, 37.685089637], [127.031211047, 37.685090573], [127.031230697, 37.68509175], [127.031233325, 37.685091907], [127.03129256, 37.68509449], [127.031311763, 37.685095471], [127.03133088, 37.68509683], [127.031340388, 37.685097753], [127.031349841, 37.685098915], [127.031360625, 37.685100593], [127.031371346, 37.685102576], [127.031382018, 37.685104781], [127.03140327, 37.685109621], [127.031466893, 37.685125046], [127.031488251, 37.685129755], [127.031509197, 37.685133739], [127.031530272, 37.685137198], [127.031540843, 37.685138736], [127.031551435, 37.685140119], [127.031562044, 37.685141311], [127.03156354, 37.685141444], [127.031572672, 37.685142257], [127.031583325, 37.685142878], [127.031594059, 37.685143111], [127.031604811, 37.685143029], [127.031626353, 37.685142267], [127.031680119, 37.685139446], [127.031701375, 37.685138774], [127.031721272, 37.685138446], [127.031731044, 37.685137968], [127.031740657, 37.685136942], [127.031750889, 37.685134964], [127.031760942, 37.685132228], [127.031770865, 37.685128929], [127.031780692, 37.685125218], [127.031790456, 37.685121213], [127.031800182, 37.685117001], [127.031821314, 37.685107402], [127.031884568, 37.685077745], [127.031894151, 37.685073252], [127.031900231, 37.685070552], [127.032068404, 37.685096574], [127.032122819, 37.685105677], [127.032207483, 37.685120183], [127.032215791, 37.685121495], [127.032219318, 37.685122052], [127.032248149, 37.685126196], [127.032257269, 37.685127619], [127.032266335, 37.685129218], [127.032276646, 37.685131333], [127.032286893, 37.685133663], [127.032317316, 37.685140962], [127.032337391, 37.685145375], [127.032347487, 37.685147306], [127.032386498, 37.685153629], [127.032396065, 37.685155522], [127.032405462, 37.685157811], [127.032414496, 37.685160557], [127.032423363, 37.68516371], [127.032432115, 37.685167154], [127.032440796, 37.685170797], [127.032473503, 37.685185063], [127.032481619, 37.685188451], [127.032489817, 37.685191708], [127.032499265, 37.685195209], [127.032508828, 37.685198512], [127.032518488, 37.685201647], [127.032536229, 37.685206911], [127.032538056, 37.685207453], [127.03258333, 37.685219299], [127.032602624, 37.685224719], [127.032622954, 37.685231107], [127.03264296, 37.685238097], [127.032652754, 37.685241819], [127.03269167, 37.685257175], [127.032740282, 37.68527481], [127.03275033, 37.68527862], [127.032760277, 37.685282569], [127.032770094, 37.685286687], [127.032779739, 37.685291026], [127.032789156, 37.685295647], [127.032797738, 37.685300286], [127.032806125, 37.685305165], [127.032822543, 37.68531538], [127.03283915, 37.685326166], [127.03287807, 37.685351447], [127.032940509, 37.685391557], [127.03295517, 37.685401473], [127.032962215, 37.68540661], [127.032968883, 37.685411958], [127.032975019, 37.685417618], [127.032980609, 37.685423784], [127.032985695, 37.685430272], [127.032999973, 37.685450583], [127.033005076, 37.685457422], [127.033010416, 37.685464192], [127.033021614, 37.685477572], [127.03305111, 37.685510952], [127.03305738, 37.685518575], [127.033062765, 37.685525601], [127.033063853, 37.68552702], [127.03307021, 37.685536021], [127.033075883, 37.685544795], [127.033081117, 37.685553495], [127.033090015, 37.685569393], [127.033099004, 37.685586497], [127.033115315, 37.685600652], [127.03312471, 37.68560823], [127.03313413, 37.685615073], [127.033142494, 37.685620289], [127.033150963, 37.68562497], [127.033164248, 37.685631513], [127.033173272, 37.685635532], [127.033195921, 37.685645083], [127.033204779, 37.685649132], [127.033209088, 37.685651298], [127.033213536, 37.685653735], [127.033222166, 37.68565893], [127.033251669, 37.685678213], [127.033264869, 37.685686405], [127.033273848, 37.685691664], [127.033283743, 37.685696928], [127.03329545, 37.68570259], [127.033303397, 37.685706192], [127.03332383, 37.685715452], [127.033325762, 37.685715974], [127.033330904, 37.685717792], [127.033338632, 37.685720783], [127.033347069, 37.685724298], [127.0333566, 37.685728541], [127.033366811, 37.685733407], [127.033377286, 37.685738795], [127.033387708, 37.685744627], [127.033397655, 37.685750655], [127.033406823, 37.685756633], [127.033414913, 37.685762316], [127.033435545, 37.685778141], [127.033442431, 37.685783283], [127.033449496, 37.685788229], [127.033456838, 37.685792878], [127.033465824, 37.685797829], [127.033475195, 37.685802382], [127.033484845, 37.685806648], [127.033504672, 37.685814632], [127.033524892, 37.685822216], [127.033586032, 37.685844502], [127.033591293, 37.685846527], [127.033606141, 37.685852241], [127.033616035, 37.685856291], [127.033625764, 37.685860526], [127.033635269, 37.685865016], [127.033644466, 37.685869857], [127.033651855, 37.685874221], [127.033659033, 37.68587883], [127.033672989, 37.685888515], [127.033711507, 37.685916508], [127.033725801, 37.685926689], [127.033733105, 37.685931591], [127.033740605, 37.685936274], [127.033749237, 37.685941171], [127.033758096, 37.685945829], [127.033812459, 37.685973473], [127.033844053, 37.685988377], [127.03386592, 37.685999022], [127.033869127, 37.686000494], [127.033873023, 37.686002282], [127.033880296, 37.686005244], [127.033890091, 37.686008492], [127.033900237, 37.686011145], [127.03391065, 37.686013304], [127.033921269, 37.686015026], [127.033932085, 37.686016367], [127.033943017, 37.686017441], [127.033976122, 37.686020201], [127.033986945, 37.686021265], [127.034008539, 37.686023801], [127.034019303, 37.68602527], [127.034030036, 37.686026882], [127.034048025, 37.686029927], [127.034101448, 37.686040116], [127.03411923, 37.68604322], [127.034128596, 37.686044635], [127.034137992, 37.68604591], [127.034156847, 37.686048115], [127.034199631, 37.68605223], [127.034201571, 37.686052462], [127.034210644, 37.686053551], [127.034221561, 37.686055216], [127.034232393, 37.686057345], [127.034243121, 37.686059846], [127.03425378, 37.686062618], [127.034264386, 37.686065576], [127.034304729, 37.686077302], [127.034362827, 37.686092845], [127.034380917, 37.68609744], [127.034390047, 37.686099454], [127.034400607, 37.686101422], [127.034411265, 37.686103073], [127.034421997, 37.686104463], [127.034432788, 37.686105628], [127.034443627, 37.686106579], [127.034454849, 37.686107353], [127.034477374, 37.68610848], [127.034531411, 37.686110505], [127.03453853, 37.686110772], [127.034592117, 37.686112571], [127.034624449, 37.686114032], [127.034656459, 37.68611586], [127.034688451, 37.686117903], [127.034761547, 37.686123179], [127.034782267, 37.686124552], [127.034803836, 37.686125648], [127.034815039, 37.686126047], [127.034837439, 37.686126464], [127.034848625, 37.686126433], [127.034859624, 37.686126203], [127.034870596, 37.686125756], [127.034870779, 37.686125744], [127.034881527, 37.686125067], [127.034892401, 37.686124085], [127.034903198, 37.686122741], [127.034913192, 37.686121107], [127.034923122, 37.686119194], [127.03495275, 37.686112763], [127.034962635, 37.686110696], [127.034972556, 37.686108822], [127.034982537, 37.686107253], [127.034991948, 37.686106151], [127.035001412, 37.686105375], [127.035010915, 37.68610489], [127.03502044, 37.686104676], [127.035029977, 37.686104736], [127.03503951, 37.686105085], [127.035050448, 37.686105858], [127.035061373, 37.686106934], [127.035131656, 37.686115559], [127.03520549, 37.686123805], [127.035206387, 37.686123921], [127.035235621, 37.686127738], [127.035258744, 37.686131013], [127.035285517, 37.686135023], [127.035311341, 37.686139374], [127.035322595, 37.686141564], [127.035331832, 37.686143585], [127.03533895, 37.686145312], [127.035343519, 37.686146553], [127.035345102, 37.686147122], [127.035364489, 37.686153026], [127.035375926, 37.686156719], [127.03538194, 37.686158924], [127.035387689, 37.686161413], [127.035393312, 37.686164437], [127.03539873, 37.686167738], [127.035425401, 37.686184937], [127.035438858, 37.686193384], [127.035447154, 37.686198066], [127.03545298, 37.686200672], [127.03545904, 37.68620251], [127.035465859, 37.686203932], [127.035478625, 37.686205872], [127.035494993, 37.686208006], [127.035518196, 37.686218687], [127.035527773, 37.686223097], [127.035534561, 37.686225988], [127.03554146, 37.686228695], [127.035555731, 37.686233732], [127.035599017, 37.686248322], [127.035627909, 37.686258313], [127.035641933, 37.686263534], [127.035676092, 37.686276934], [127.035703, 37.686287912], [127.035719326, 37.686294038], [127.035728583, 37.68629701], [127.035742555, 37.686301015], [127.035751959, 37.686303423], [127.035761456, 37.6863055], [127.035766255, 37.68630634], [127.035775252, 37.686307474], [127.035802551, 37.686309662], [127.03581159, 37.686310616], [127.035816068, 37.686311255], [127.035825579, 37.68631309], [127.035833381, 37.686314947], [127.035853802, 37.68631981], [127.035858555, 37.686320749], [127.035868138, 37.686322184], [127.035886095, 37.686323867], [127.035918471, 37.686329488], [127.035928144, 37.68632699], [127.035937909, 37.686324894], [127.035967454, 37.686319477], [127.035977165, 37.686317453], [127.035986683, 37.686315048], [127.035993653, 37.686312896], [127.036000461, 37.686310449], [127.036007099, 37.686307721], [127.036015864, 37.686303588], [127.036024338, 37.686299064], [127.036032549, 37.686294236], [127.036040577, 37.686289086], [127.03604823, 37.686283626], [127.036055366, 37.686277767], [127.03606111, 37.686272226], [127.036066412, 37.686266369], [127.036071348, 37.686260262], [127.036075968, 37.686253955], [127.036080223, 37.686247611], [127.036084219, 37.686241133], [127.036087955, 37.686234536], [127.036090963, 37.686228786], [127.036100499, 37.686209889], [127.036108388, 37.686195443], [127.036117012, 37.686181144], [127.036121666, 37.686174092], [127.036126549, 37.686167197], [127.036131706, 37.686160507], [127.036137208, 37.686154086], [127.036143156, 37.686148003], [127.036147137, 37.686144521], [127.036149602, 37.686142365], [127.036156634, 37.686137287], [127.036163677, 37.686133201], [127.036170395, 37.686129933], [127.036177423, 37.686126989], [127.036186556, 37.686123716], [127.036195982, 37.686120768], [127.036234828, 37.686109847], [127.036250897, 37.68610462], [127.036259809, 37.686101407], [127.036282122, 37.686092749], [127.036295007, 37.686087507], [127.036348056, 37.686065468], [127.036446411, 37.686122539], [127.036562386, 37.686189833], [127.036596476, 37.686209615], [127.036701768, 37.686270711], [127.036994652, 37.686380043], [127.037252432, 37.68647627], [127.037473404, 37.686613025], [127.037720475, 37.686674297], [127.03779152, 37.686674275], [127.037905754, 37.686674238], [127.037981456, 37.686674214], [127.038079641, 37.686674182], [127.038121912, 37.686674168], [127.038299509, 37.686747731], [127.038585176, 37.686802855], [127.03877051, 37.68690709], [127.039141112, 37.686986724], [127.039480804, 37.687011152], [127.039781936, 37.687109212], [127.040577158, 37.687219373]]}, "properties": {"vcursId": "121500V005", "name": "우이암코스", "distanceKm": "3", "durationH": "01", "durationM": "30", "difficulty": "하", "section": "도봉탐방지원센터-천진사-우이암"}}, {"type": "Feature", "geometry": {"type": "LineString", "coordinates": [[127.027910167, 37.71978109], [127.027890438, 37.719774641], [127.027880694, 37.719771209], [127.027871066, 37.719767584], [127.027861113, 37.719763535], [127.027841544, 37.719754884], [127.027812651, 37.71974117], [127.027745743, 37.719708487], [127.027726511, 37.719699532], [127.027716821, 37.719695274], [127.027707052, 37.719691248], [127.02769717, 37.719687551], [127.027687132, 37.719684309], [127.027676881, 37.719681688], [127.027667251, 37.719679951], [127.027657437, 37.719678734], [127.027647489, 37.719677888], [127.027637443, 37.719677289], [127.027596804, 37.719675442], [127.027575672, 37.719673746], [127.02755457, 37.719671529], [127.027491316, 37.719664113], [127.027470177, 37.719662142], [127.027459231, 37.719661402], [127.027437287, 37.719660381], [127.027404298, 37.719659497], [127.027272177, 37.719657613], [127.027059173, 37.719604616], [127.026920368, 37.719570606], [127.026888483, 37.719562575], [127.026867556, 37.719556813], [127.026857299, 37.719553675], [127.026847259, 37.719550268], [127.026837522, 37.719546484], [127.026828202, 37.719542185], [127.026819543, 37.719537351], [127.026811287, 37.719532015], [127.026803328, 37.719526313], [127.026795582, 37.719520346], [127.026787988, 37.719514191], [127.0267805, 37.719507904], [127.026765718, 37.719495091], [127.026678023, 37.719417017], [127.026648517, 37.719391273], [127.026633437, 37.71937871], [127.026625723, 37.719372592], [127.026617831, 37.719366641], [127.026609699, 37.719360914], [127.026601227, 37.719355432], [127.026592511, 37.719350177], [127.026583616, 37.719345089], [127.026574594, 37.71934012], [127.026556305, 37.719330414], [127.026528572, 37.719316133], [127.02636164, 37.719230964], [127.02633402, 37.719216551], [127.026315812, 37.719206717], [127.026306819, 37.719201677], [127.026297916, 37.719196518], [127.026280335, 37.719185952], [127.026254269, 37.719169765], [127.026185234, 37.719126055], [127.026090478, 37.719065684], [127.02606443, 37.719049523], [127.026046753, 37.719039229], [127.026037729, 37.719034367], [127.026028515, 37.719029801], [127.026019041, 37.719025637], [127.026009335, 37.719021993], [127.025999373, 37.719018745], [127.025989223, 37.719015786], [127.025968557, 37.71901043], [127.025937091, 37.719003105], [127.025894859, 37.71899387], [127.025873706, 37.71898953], [127.025852514, 37.718985654], [127.025841892, 37.718984027], [127.025831241, 37.718982718], [127.025820552, 37.718981846], [127.025809505, 37.718981501], [127.025798416, 37.718981617], [127.025787296, 37.718982068], [127.025764997, 37.718983618], [127.025731472, 37.718986777], [127.02566527, 37.718993781], [127.025653151, 37.718995063], [127.025630801, 37.7189973], [127.02560852, 37.718999215], [127.02559743, 37.718999941], [127.025586393, 37.719000417], [127.025575434, 37.719000541], [127.025564582, 37.719000173], [127.025553877, 37.718999129], [127.025543395, 37.718997268], [127.025533058, 37.718994736], [127.025522828, 37.718991716], [127.025512675, 37.718988346], [127.025502576, 37.71898473], [127.025492512, 37.718980945], [127.02547245, 37.718973076], [127.025392369, 37.71894073], [127.025292254, 37.718900559], [127.025272437, 37.718892284], [127.025252916, 37.718883632], [127.025243344, 37.718879064], [127.025234099, 37.718874363], [127.025215976, 37.718864489], [127.025189291, 37.718849039], [127.025136286, 37.718817677], [127.025118413, 37.7188075], [127.025109364, 37.718802564], [127.025100198, 37.718797782], [127.025090873, 37.718793214], [127.02508113, 37.718788805], [127.025071222, 37.718784617], [127.025051082, 37.718776675], [127.025010195, 37.718761603], [127.024886882, 37.718717251], [127.024855936, 37.718706429], [127.024835133, 37.718699579], [127.024824635, 37.71869636], [127.02480374, 37.718690539], [127.024772036, 37.718682569], [127.024654963, 37.718655076], [127.02462323, 37.718647237], [127.024602364, 37.718641507], [127.024592093, 37.718638356], [127.024581991, 37.718634914], [127.024572207, 37.718631169], [127.024562585, 37.718627141], [127.024553084, 37.718622905], [127.024543666, 37.71861852], [127.024524996, 37.718609462], [127.024478731, 37.718586117], [127.024442, 37.718567084], [127.024423876, 37.71855731], [127.024414935, 37.718552293], [127.024406115, 37.718547147], [127.024397852, 37.718542101], [127.024381616, 37.718531707], [127.02434952, 37.718510595], [127.024333247, 37.718500387], [127.02432494, 37.718495522], [127.024316456, 37.718490903], [127.024307729, 37.718486618], [127.02429799, 37.718482447], [127.024287974, 37.718478658], [127.024277756, 37.718475148], [127.024267391, 37.718471837], [127.024246391, 37.71846559], [127.024203912, 37.718453749], [127.024139928, 37.718436435], [127.024118527, 37.718430869], [127.024097152, 37.718425626], [127.024075804, 37.718420703], [127.024043683, 37.718413581], [127.023743484, 37.718348279], [127.023689817, 37.718336804], [127.023624479, 37.718323532], [127.0231775, 37.71823432], [127.02300283, 37.718199894], [127.022981146, 37.718195346], [127.022970393, 37.718192926], [127.022959739, 37.718190347], [127.022949221, 37.71818754], [127.022938899, 37.718184418], [127.022928843, 37.718180859], [127.022919283, 37.718176844], [127.022909981, 37.718172407], [127.02290087, 37.718167659], [127.022883019, 37.718157557], [127.022865448, 37.718146996], [127.022787162, 37.718098209], [127.022769684, 37.718087483], [127.022752043, 37.718076994], [127.022743113, 37.718071908], [127.022734069, 37.718066986], [127.022724868, 37.71806229], [127.022715453, 37.718057902], [127.022705645, 37.718053838], [127.022695619, 37.718050088], [127.022685434, 37.718046568], [127.022675134, 37.718043213], [127.022654317, 37.718036814], [127.022622831, 37.718027591], [127.022527294, 37.718000105], [127.022507043, 37.717994279], [127.02245449, 37.717979016], [127.0224231, 37.7179696], [127.022402358, 37.71796299], [127.022392089, 37.7179595], [127.022371972, 37.717952112], [127.02235207, 37.717944328], [127.022324173, 37.717932954], [127.022243347, 37.717899998], [127.022204001, 37.717883672], [127.022184695, 37.717875173], [127.022175256, 37.717870725], [127.022166041, 37.71786607], [127.02215714, 37.717861124], [127.022148669, 37.71785578], [127.022140601, 37.717849855], [127.022132676, 37.71784325], [127.022125669, 37.717836891], [127.022118591, 37.717830048], [127.022104866, 37.717815964], [127.022084786, 37.717794366], [127.022074896, 37.717783547], [127.022025104, 37.717729081], [127.022005368, 37.71770725], [127.021992447, 37.717692606], [127.021973429, 37.717670491], [127.021942076, 37.717633428], [127.021861123, 37.717536509], [127.021848474, 37.717521818], [127.021842012, 37.717514631], [127.021835395, 37.717507625], [127.021828552, 37.717500878], [127.021821387, 37.717494502], [127.021813773, 37.717488644], [127.021805542, 37.717483499], [127.021796669, 37.717479273], [127.02178719, 37.717475744], [127.021777271, 37.717472724], [127.021767033, 37.717470071], [127.021756572, 37.717467677], [127.021745956, 37.717465461], [127.021724445, 37.717461351], [127.021615844, 37.717442022], [127.021580727, 37.717435628], [127.021550867, 37.717430192], [127.021507669, 37.717422031], [127.021475459, 37.717415516], [127.021272304, 37.717371991], [127.021240303, 37.717364981], [127.021219146, 37.717360014], [127.021208677, 37.717357346], [127.021198324, 37.717354486], [127.021188133, 37.717351357], [127.021178161, 37.717347862], [127.02116833, 37.717343863], [127.021158724, 37.717339489], [127.021149282, 37.717334841], [127.021130715, 37.717325018], [127.021112382, 37.717314804], [127.021003154, 37.717252219], [127.020921051, 37.717205482], [127.020866094, 37.717174448], [127.020792352, 37.717133281], [127.020774101, 37.717122908], [127.020756364, 37.717112313], [127.020747876, 37.71710685], [127.020739798, 37.717101208], [127.020732308, 37.717095311], [127.020725636, 37.717089057], [127.020720091, 37.717082313], [127.020715919, 37.717074962], [127.020712875, 37.717067118], [127.020710651, 37.717058918], [127.020709015, 37.717050463], [127.020707792, 37.717041827], [127.020706854, 37.717033069], [127.020705484, 37.717015332], [127.02070001, 37.716916911], [127.020696562, 37.716863386], [127.020694276, 37.71683669], [127.020692123, 37.716818952], [127.020689153, 37.716801279], [127.020685645, 37.716783652], [127.020660687, 37.716668981], [127.020656695, 37.716651408], [127.020652257, 37.71663408], [127.020649704, 37.716625596], [127.020646788, 37.716617308], [127.020643351, 37.716609301], [127.02063919, 37.716601687], [127.02063403, 37.716594611], [127.020627951, 37.716588461], [127.020620945, 37.716582813], [127.020613256, 37.716577533], [127.020605071, 37.716572522], [127.02059653, 37.716567703], [127.020578773, 37.716558433], [127.020560532, 37.716549433], [127.02053281, 37.716536177], [127.020514211, 37.716527474], [127.020495068, 37.716518749], [127.020475381, 37.716510007], [127.020356846, 37.716458384], [127.020247404, 37.716411422], [127.020227719, 37.716402782], [127.020218081, 37.71639837], [127.020208679, 37.716393854], [127.020199634, 37.716389181], [127.020191104, 37.716384281], [127.020183306, 37.716379059], [127.020176531, 37.716373387], [127.020171162, 37.7163671], [127.020167617, 37.716360333], [127.020165393, 37.716352985], [127.020164144, 37.716345206], [127.020163609, 37.71633711], [127.020163586, 37.716328784], [127.020163928, 37.716320293], [127.020165286, 37.716302998], [127.020168962, 37.716267997], [127.020170562, 37.716250746], [127.020171115, 37.716242334], [127.020171391, 37.716234166], [127.020171263, 37.716226353], [127.020170566, 37.716219043], [127.020169077, 37.716212438], [127.020166503, 37.716206799], [127.020162458, 37.716202474], [127.020156388, 37.716199665], [127.020148756, 37.716198252], [127.020139986, 37.716197853], [127.020130401, 37.716198179], [127.020120244, 37.716199016], [127.020109691, 37.716200203], [127.020098871, 37.716201623], [127.020065611, 37.716206571], [127.019965053, 37.716222035], [127.01994294, 37.716225567], [127.019921031, 37.716229442], [127.0199102, 37.716231625], [127.019899493, 37.716234066], [127.01988895, 37.716236863], [127.019878901, 37.71624], [127.019869008, 37.716243479], [127.019859231, 37.71624721], [127.019849538, 37.716251128], [127.019839906, 37.716255181], [127.019820755, 37.716263548], [127.019763623, 37.716289371], [127.019744568, 37.716297818], [127.019725451, 37.716305825], [127.019715849, 37.716309515], [127.019706203, 37.716312874], [127.019696493, 37.716315766], [127.019686697, 37.716318017], [127.019676785, 37.716319394], [127.019666705, 37.716319711], [127.019656508, 37.716319153], [127.019646224, 37.71631795], [127.019635879, 37.716316283], [127.019625489, 37.716314285], [127.019615069, 37.716312057], [127.019583707, 37.71630463], [127.019510389, 37.716286374], [127.019457988, 37.71627362], [127.019404392, 37.716261124], [127.019296443, 37.71623667], [127.019275109, 37.716231464], [127.019264587, 37.716228677], [127.019254225, 37.716225688], [127.019244084, 37.716222416], [127.019234258, 37.716218746], [127.019224859, 37.716214529], [127.019216131, 37.716209735], [127.019207821, 37.716204409], [127.019199818, 37.716198695], [127.019192036, 37.716192697], [127.019184413, 37.7161865], [127.019169462, 37.716173728], [127.019117893, 37.716128035], [127.019102849, 37.716115308], [127.019095155, 37.716109128], [127.019087282, 37.716103141], [127.019079164, 37.716097414], [127.019070713, 37.716092046], [127.019061783, 37.716087071], [127.019052517, 37.716082457], [127.019043003, 37.716078105], [127.019033313, 37.716073943], [127.019013596, 37.716065978], [127.018983616, 37.716054462], [127.018863138, 37.716009015], [127.018832845, 37.715998044], [127.018812409, 37.715991216], [127.018791717, 37.715985044], [127.018760311, 37.715976522], [127.018728723, 37.715968366], [127.018633791, 37.715944232], [127.018591774, 37.715933158], [127.01857096, 37.715927236], [127.018560649, 37.71592408], [127.018550359, 37.715920644], [127.018540123, 37.715917227], [127.018519813, 37.715909945], [127.018489534, 37.71589865], [127.01819768, 37.715787782], [127.018167369, 37.715776544], [127.018147018, 37.715769325], [127.018136763, 37.715765868], [127.018126579, 37.715762594], [127.018106053, 37.715756344], [127.018075052, 37.715747379], [127.017898555, 37.715698083], [127.017867488, 37.715689264], [127.017846943, 37.715683136], [127.017836772, 37.715679921], [127.017826707, 37.715676549], [127.017816789, 37.715672957], [127.01780707, 37.715669067], [127.017797398, 37.71566472], [127.017787933, 37.715660064], [127.017778619, 37.715655182], [127.017769413, 37.71565014], [127.017751203, 37.715639754], [127.017706021, 37.715613252], [127.017687811, 37.715602821], [127.017669317, 37.715592755], [127.017659889, 37.715587957], [127.017650424, 37.715583425], [127.01763114, 37.71557482], [127.017611575, 37.715566579], [127.017581986, 37.715554528], [127.017473135, 37.715510808], [127.017443613, 37.71549865], [127.017424102, 37.715490299], [127.017404885, 37.715481663], [127.017376314, 37.715468341], [127.017243689, 37.715405151], [127.017214992, 37.715392039], [127.017195548, 37.715383787], [127.017175881, 37.715376234], [127.017155946, 37.715369098], [127.01712581, 37.715358754], [127.017075368, 37.715341874], [127.017055127, 37.715335281], [127.017034792, 37.715328938], [127.017014267, 37.7153231], [127.017003885, 37.7153205], [127.01699348, 37.715318202], [127.016982987, 37.715316135], [127.01697243, 37.715314238], [127.016951187, 37.715310786], [127.016919147, 37.71530606], [127.01685493, 37.715296978], [127.016823028, 37.715292056], [127.016812501, 37.715290216], [127.01680207, 37.715288202], [127.016791769, 37.715285943], [127.016781651, 37.715283349], [127.016771779, 37.715280299], [127.01676243, 37.715276788], [127.016753318, 37.715272841], [127.016744381, 37.715268569], [127.016735572, 37.715264059], [127.016726855, 37.715259379], [127.016709592, 37.715249696], [127.016666722, 37.715224847], [127.016640777, 37.715210131], [127.016613358, 37.715195382], [127.016576366, 37.715176262], [127.016557727, 37.715166997], [127.016538909, 37.715158203], [127.016529386, 37.715154126], [127.016519743, 37.715150383], [127.016509938, 37.715147102], [127.01649991, 37.715144454], [127.016489612, 37.715142577], [127.016479091, 37.715141334], [127.016468407, 37.715140554], [127.016457607, 37.71514011], [127.016446725, 37.715139908], [127.016424817, 37.715139982], [127.016402835, 37.715140481], [127.016391849, 37.715140873], [127.016369958, 37.715142043], [127.016359083, 37.715142912], [127.016348282, 37.715144064], [127.016337583, 37.715145602], [127.01632684, 37.715147647], [127.016316201, 37.715150088], [127.016305639, 37.715152817], [127.016284665, 37.71515883], [127.016211719, 37.715181578], [127.016190766, 37.715187767], [127.016180223, 37.715190661], [127.016169609, 37.715193347], [127.016158902, 37.715195752], [127.016148207, 37.715197788], [127.016137419, 37.71519955], [127.016126561, 37.715201114], [127.016093728, 37.715205129], [127.016038683, 37.715210993], [127.016016741, 37.715213079], [127.016005843, 37.715213971], [127.015995028, 37.715214692], [127.015984336, 37.715215156], [127.015973822, 37.715215251], [127.015963559, 37.715214822], [127.015953644, 37.715213665], [127.015944204, 37.715211511], [127.015935517, 37.715208222], [127.015927289, 37.715203968], [127.0159194, 37.715199005], [127.015911756, 37.715193526], [127.015904291, 37.715187679], [127.015889697, 37.715175287], [127.015875341, 37.715162405], [127.015839612, 37.715129775], [127.015825106, 37.715116958], [127.015817728, 37.715110688], [127.015810221, 37.715104561], [127.015802534, 37.715098628], [127.0157946, 37.715092958], [127.015786335, 37.715087644], [127.015777826, 37.71508284], [127.015768996, 37.715078378], [127.015759927, 37.715074169], [127.015748698, 37.715069393], [127.015741319, 37.715066254], [127.015722352, 37.71505872], [127.015674502, 37.715040302], [127.015655447, 37.715032787], [127.015636066, 37.715024788], [127.015616373, 37.715016285], [127.015587013, 37.715003255], [127.01550887, 37.714968194], [127.015469933, 37.714950554], [127.015450785, 37.714941484], [127.015441406, 37.714936796], [127.015432237, 37.714931944], [127.015423364, 37.714926859], [127.015414903, 37.71492145], [127.015407005, 37.714915596], [127.015400217, 37.71490961], [127.015393929, 37.714903229], [127.015388006, 37.714896557], [127.015382343, 37.714889678], [127.015376852, 37.714882657], [127.01536073, 37.714861256], [127.015349668, 37.714847136], [127.01534384, 37.714840256], [127.015337695, 37.714833573], [127.015330792, 37.714826787], [127.015323526, 37.714820233], [127.015315987, 37.71481386], [127.015308235, 37.714807631], [127.015292247, 37.714795554], [127.01528404, 37.714789711], [127.015275681, 37.714784031], [127.015267144, 37.714778556], [127.01525838, 37.714773352], [127.015249322, 37.71476851], [127.015240105, 37.714764189], [127.015230612, 37.71476021], [127.015220919, 37.714756481], [127.015201151, 37.714749503], [127.015161038, 37.714736251], [127.015141065, 37.714729483], [127.015121392, 37.714722268], [127.015111751, 37.714718372], [127.015102229, 37.714714193], [127.015092853, 37.714709798], [127.015083585, 37.714705242], [127.015065269, 37.714695805], [127.015038086, 37.714681212], [127.014992989, 37.714656597], [127.014965764, 37.714642175], [127.014956591, 37.714637562], [127.014947332, 37.714633122], [127.014937951, 37.714628927], [127.014928403, 37.714625067], [127.014918626, 37.714621665], [127.014908487, 37.714618797], [127.014898117, 37.714616393], [127.014887578, 37.714614327], [127.014876918, 37.714612508], [127.014866169, 37.714610861], [127.014833637, 37.714606502], [127.014691881, 37.714589106], [127.014648581, 37.714583458], [127.014594609, 37.71457619], [127.014562347, 37.714571578], [127.014542013, 37.714568286], [127.014541035, 37.714568128], [127.014530496, 37.714566174], [127.014520082, 37.714563982], [127.014509838, 37.714561461], [127.014499826, 37.714558492], [127.01449016, 37.714555003], [127.014480724, 37.714551072], [127.014471459, 37.714546813], [127.014462315, 37.714542318], [127.014444266, 37.71453287], [127.014390698, 37.714503371], [127.014372709, 37.714493729], [127.014354444, 37.714484524], [127.014345134, 37.7144802], [127.01433565, 37.714476151], [127.014325978, 37.714472443], [127.014316132, 37.714469008], [127.014296088, 37.714462692], [127.014265548, 37.714453962], [127.014204051, 37.714437158], [127.014183654, 37.714431392], [127.014163457, 37.714425312], [127.014153486, 37.714422069], [127.014143645, 37.714418623], [127.014133978, 37.714414904], [127.014124315, 37.714410763], [127.014114832, 37.714406342], [127.014105477, 37.714401714], [127.014087015, 37.714392077], [127.014050367, 37.714372412], [127.01403182, 37.714363011], [127.014022387, 37.714358608], [127.014012787, 37.714354518], [127.014002956, 37.714350858], [127.013993096, 37.714347796], [127.013983015, 37.714345148], [127.013972769, 37.714342807], [127.013962404, 37.71434069], [127.013941439, 37.714336905], [127.013920294, 37.714333501], [127.013899054, 37.714330394], [127.01387775, 37.714327678], [127.013867073, 37.714326549], [127.013856373, 37.71432565], [127.013846311, 37.714325063], [127.013836234, 37.714324706], [127.013826151, 37.714324554], [127.01381607, 37.714324597], [127.013805998, 37.714324845], [127.013795946, 37.714325321], [127.013785921, 37.714326065], [127.013775264, 37.714327192], [127.01376464, 37.714328596], [127.013754042, 37.714330193], [127.013711798, 37.714337376], [127.01369072, 37.714340766], [127.013680186, 37.714342216], [127.013669657, 37.714343397], [127.013659131, 37.714344203], [127.013648611, 37.714344498], [127.013637662, 37.714344145], [127.013626718, 37.714343242], [127.013615778, 37.714341937], [127.01360484, 37.714340342], [127.01358297, 37.714336598], [127.013550177, 37.714330292], [127.013456694, 37.714311421], [127.013436171, 37.71430757], [127.013415565, 37.714304097], [127.013405212, 37.714302589], [127.013394652, 37.714301261], [127.013373426, 37.714299075], [127.013356303, 37.714297628], [127.013360841, 37.71428968], [127.013365942, 37.714279939], [127.013369141, 37.71427383], [127.013385024, 37.714241902], [127.013389254, 37.714234024], [127.013393758, 37.714226253], [127.013398137, 37.714219343], [127.013402774, 37.714212533], [127.01340762, 37.714205808], [127.013412643, 37.714199158], [127.013423152, 37.714186068], [127.013434918, 37.714172538], [127.01346721, 37.714137554], [127.013473453, 37.714130465], [127.013479475, 37.714123272], [127.013485188, 37.714115934], [127.013490434, 37.714108546], [127.013495377, 37.714101014], [127.013500102, 37.71409338], [127.013522558, 37.714054678], [127.013531979, 37.714039425], [127.013537039, 37.714031977], [127.013542463, 37.71402471], [127.013548048, 37.71401799], [127.013553976, 37.714011445], [127.01356017, 37.714005035], [127.013566565, 37.713998731], [127.013579807, 37.71398637], [127.01359351, 37.713974287], [127.013607656, 37.713962513], [127.013614973, 37.713956728], [127.013652328, 37.713928408], [127.013667007, 37.713916896], [127.013674138, 37.71391099], [127.013681605, 37.713904476], [127.013688891, 37.713897829], [127.013703101, 37.71388427], [127.013730817, 37.713856634], [127.013835471, 37.713750445], [127.013863041, 37.71372188], [127.013882255, 37.71370083], [127.013900549, 37.71367986], [127.013918504, 37.713658707], [127.013935982, 37.713637316], [127.01394162, 37.713630093], [127.01395285, 37.713615002], [127.014001265, 37.713546367], [127.014017326, 37.713524344], [127.014033666, 37.713502465], [127.014044812, 37.713488025], [127.014056367, 37.713473831], [127.014062402, 37.71346689], [127.01406869, 37.713460103], [127.014075345, 37.713453446], [127.01408226, 37.713446947], [127.014089369, 37.713440567], [127.014096621, 37.713434278], [127.014111433, 37.713421898], [127.014134201, 37.71340374], [127.014149781, 37.713391991], [127.014157752, 37.713386288], [127.014165893, 37.713380746], [127.014173928, 37.713375584], [127.014206833, 37.713355715], [127.014214958, 37.713350679], [127.014222918, 37.713345503], [127.014230636, 37.713340118], [127.014238391, 37.713334201], [127.014245869, 37.713328044], [127.01425314, 37.71332171], [127.014267271, 37.713308685], [127.014281081, 37.713295386], [127.014349165, 37.71322803], [127.014362933, 37.713214663], [127.014376916, 37.713201445], [127.01439154, 37.713188258], [127.014406818, 37.713175109], [127.014453394, 37.713136189], [127.014468777, 37.713123124], [127.014483819, 37.713109834], [127.014491121, 37.713103043], [127.014505159, 37.713089107], [127.014518718, 37.713074852], [127.014571298, 37.713017572], [127.014597485, 37.712989585], [127.014610904, 37.712975829], [127.014617784, 37.712969075], [127.014624833, 37.712962446], [127.014632114, 37.712955988], [127.014639504, 37.712949875], [127.014647117, 37.712943926], [127.01466279, 37.712932357], [127.014678818, 37.712921046], [127.014743656, 37.712876265], [127.014759549, 37.712864857], [127.014775176, 37.712853294], [127.0147983, 37.712835707], [127.014813417, 37.712823794], [127.014828053, 37.712811606], [127.014835064, 37.712805339], [127.014841766, 37.7127989], [127.014848047, 37.712792229], [127.014853625, 37.712785523], [127.014858793, 37.712778595], [127.014863639, 37.712771495], [127.014868221, 37.71276426], [127.014872579, 37.712756918], [127.01487673, 37.712749486], [127.014880673, 37.712741971], [127.01488439, 37.712734375], [127.014888081, 37.712726205], [127.014891561, 37.712717966], [127.014907737, 37.7126764], [127.014914445, 37.712659877], [127.014918046, 37.712651707], [127.014921906, 37.712643631], [127.014926124, 37.712635684], [127.014930944, 37.712627632], [127.014936144, 37.712619717], [127.0149473, 37.712604161], [127.014965024, 37.712581187], [127.014977156, 37.712566001], [127.014989482, 37.712550923], [127.015002115, 37.712536041], [127.015008628, 37.712528728], [127.015015343, 37.712521547], [127.015022336, 37.712514549], [127.015029405, 37.712508009], [127.015036737, 37.712501639], [127.01505192, 37.712489241], [127.015067491, 37.712477097], [127.015106746, 37.71244693], [127.015122157, 37.712434645], [127.015129697, 37.71242838], [127.015143885, 37.712415961], [127.015157703, 37.712403272], [127.015178007, 37.712383941], [127.015191293, 37.71237089], [127.015204284, 37.71235766], [127.015210613, 37.712350945], [127.015223388, 37.712336671], [127.015235776, 37.712322163], [127.015247955, 37.712307528], [127.015296027, 37.712248619], [127.015308129, 37.71223405], [127.015320616, 37.712219746], [127.015327123, 37.712212869], [127.015333929, 37.712206291], [127.015341157, 37.712200131], [127.01534897, 37.71219454], [127.015356833, 37.712189987], [127.015365201, 37.712185921], [127.015373932, 37.712182202], [127.015382913, 37.712178717], [127.015410461, 37.712168718], [127.015419587, 37.712165254], [127.015428557, 37.712161575], [127.015437284, 37.712157579], [127.015446283, 37.712152856], [127.015454983, 37.712147749], [127.015463455, 37.712142353], [127.015471753, 37.71213674], [127.015487972, 37.712125061], [127.015495936, 37.712119059], [127.015511608, 37.712106804], [127.01552688, 37.712094217], [127.015534447, 37.712087681], [127.015564201, 37.712061298], [127.015571739, 37.712054868], [127.015579425, 37.71204862], [127.015587333, 37.71204264], [127.015595558, 37.712037039], [127.015604226, 37.71203196], [127.015612985, 37.712027716], [127.015622154, 37.712023953], [127.015631625, 37.712020547], [127.015641319, 37.712017402], [127.015661127, 37.712011599], [127.015691278, 37.712003371], [127.015711301, 37.711997736], [127.01572119, 37.711994743], [127.015730939, 37.711991556], [127.015740491, 37.711988097], [127.015749771, 37.711984267], [127.015759065, 37.711979809], [127.015768048, 37.711974942], [127.015776784, 37.711969758], [127.015785306, 37.711964324], [127.015793629, 37.71195868], [127.015801746, 37.711952843], [127.015809624, 37.711946812], [127.015817212, 37.711940562], [127.015824428, 37.711934046], [127.015831016, 37.711927428], [127.015837266, 37.711920579], [127.015843268, 37.711913563], [127.015849097, 37.711906429], [127.015883025, 37.71186295], [127.015888865, 37.711855834], [127.01589488, 37.711848835], [127.01590114, 37.711842002], [127.015907735, 37.711835394], [127.015914622, 37.711829153], [127.015921837, 37.711823134], [127.015929297, 37.71181728], [127.015936939, 37.71181155], [127.015952593, 37.711800345], [127.015976628, 37.711783946], [127.015992922, 37.711773248], [127.016009488, 37.711762818], [127.016018063, 37.711757652], [127.016035428, 37.711747537], [127.016070417, 37.7117276], [127.016087742, 37.711717486], [127.016104679, 37.71170702], [127.016112896, 37.711701559], [127.016120575, 37.711696126], [127.01612808, 37.711690534], [127.01614271, 37.71167901], [127.016156984, 37.711667179], [127.016170971, 37.711655121], [127.016184632, 37.711642831], [127.016191298, 37.711636577], [127.016224742, 37.711603414], [127.016231551, 37.711596892], [127.016238536, 37.711590509], [127.016245776, 37.711584323], [127.016253154, 37.711578517], [127.016260788, 37.711572907], [127.016268614, 37.711567447], [127.016276584, 37.711562098], [127.01629282, 37.711551629], [127.016317592, 37.711536258], [127.016366315, 37.711506642], [127.016381706, 37.711496722], [127.01638913, 37.711491571], [127.016396279, 37.711486225], [127.016403062, 37.711480618], [127.016410018, 37.711474091], [127.016416541, 37.711467254], [127.016422747, 37.711460188], [127.016428723, 37.711452959], [127.016440239, 37.711438185], [127.016451435, 37.711423179], [127.016484356, 37.711377709], [127.016500544, 37.711354681], [127.016516423, 37.71133154], [127.016526652, 37.711315995], [127.016531555, 37.711308154], [127.016536239, 37.711300243], [127.01654062, 37.711292236], [127.016544417, 37.711284552], [127.01654792, 37.711276777], [127.01655422, 37.711261032], [127.016559684, 37.711245096], [127.016562067, 37.711237067], [127.016564159, 37.711228996], [127.016565886, 37.711220874], [127.016567277, 37.711212064], [127.016568283, 37.711203206], [127.016569031, 37.711194317], [127.016571321, 37.71115874], [127.01657216, 37.711149914], [127.016573315, 37.711141153], [127.016574928, 37.711132484], [127.016577184, 37.711123944], [127.016580122, 37.71111582], [127.016583671, 37.711107817], [127.016587669, 37.711099903], [127.016596525, 37.711084238], [127.016620065, 37.711045238], [127.016624521, 37.711037342], [127.016628733, 37.711029369], [127.016632535, 37.711021516], [127.016639424, 37.711005596], [127.016645602, 37.710989488], [127.016651126, 37.710973254], [127.016653586, 37.710965094], [127.016655771, 37.710956903], [127.016657602, 37.710948676], [127.016658966, 37.710940404], [127.016659744, 37.71093249], [127.016660088, 37.710924539], [127.016660092, 37.710916559], [127.016659822, 37.710908564], [127.016658644, 37.710892557], [127.016656773, 37.710876594], [127.016653136, 37.71085143], [127.016652278, 37.710843175], [127.016651903, 37.710835026], [127.01665225, 37.710827023], [127.016653619, 37.710819216], [127.016656035, 37.710812167], [127.016659416, 37.710805324], [127.016663581, 37.710798679], [127.0166684, 37.710792237], [127.016673799, 37.710786022], [127.016679744, 37.710780071], [127.016686248, 37.710774443], [127.016694005, 37.710768704], [127.016702272, 37.7107633], [127.016710874, 37.71075811], [127.016737363, 37.710742834], [127.016746042, 37.710737536], [127.016753989, 37.710732338], [127.016761752, 37.710726958], [127.016769366, 37.710721434], [127.016784242, 37.710710078], [127.016798694, 37.710698429], [127.016805738, 37.710692514], [127.016812683, 37.71068648], [127.016819405, 37.710680369], [127.016825828, 37.710674163], [127.016831843, 37.710667833], [127.016837307, 37.710661338], [127.01684203, 37.710654626], [127.016845768, 37.710647627], [127.016848403, 37.710639992], [127.01684998, 37.710632062], [127.016850766, 37.71062392], [127.016850966, 37.710615638], [127.016850741, 37.710607279], [127.016850212, 37.710598898], [127.01684889, 37.710583216], [127.016848419, 37.710575532], [127.016848338, 37.710568029], [127.016848878, 37.71056078], [127.016850319, 37.710553882], [127.016853, 37.710547454], [127.016857223, 37.710541561], [127.016862735, 37.710536159], [127.016869231, 37.710531149], [127.016876473, 37.710526457], [127.016884287, 37.710522039], [127.016892543, 37.710517869], [127.016901156, 37.710513949], [127.016910071, 37.7105103], [127.016919262, 37.710506965], [127.016929269, 37.710503813], [127.016939486, 37.710500959], [127.016981097, 37.710490645], [127.017000199, 37.710485512], [127.017009555, 37.710482729], [127.017018721, 37.710479752], [127.017027634, 37.71047653], [127.017036213, 37.710472987], [127.017044348, 37.710469027], [127.017051901, 37.710464523], [127.01705923, 37.710458981], [127.017065912, 37.710452832], [127.01707212, 37.710446241], [127.017077989, 37.710439329], [127.017083628, 37.710432195], [127.017089117, 37.710424911], [127.017110746, 37.710395282], [127.017116306, 37.710387935], [127.01713307, 37.710366531], [127.017138426, 37.710359331], [127.017143458, 37.710352008], [127.017147841, 37.710344923], [127.017163877, 37.710316194], [127.017168162, 37.710309243], [127.01717285, 37.710302543], [127.017178121, 37.710296201], [127.017184661, 37.710289827], [127.017191928, 37.710283916], [127.017199759, 37.710278394], [127.017208036, 37.710273222], [127.017216683, 37.710268395], [127.017225657, 37.710263934], [127.017234943, 37.710259902], [127.017244559, 37.710256389], [127.017253864, 37.710253634], [127.017263378, 37.710251257], [127.017292201, 37.710244728], [127.01730158, 37.710242222], [127.017310661, 37.710239262], [127.01731987, 37.710235463], [127.017328651, 37.710231074], [127.017337031, 37.71022621], [127.017344993, 37.710220946], [127.017352487, 37.710215322], [127.017359411, 37.710209344], [127.017365617, 37.710202984], [127.017370893, 37.710196179], [127.017374784, 37.710189463], [127.017377919, 37.710182405], [127.017380528, 37.710175096], [127.017382801, 37.710167617], [127.01738915, 37.710144707], [127.017391642, 37.71013672], [127.0173997, 37.710112808], [127.017402237, 37.710104815], [127.017404507, 37.710096785], [127.017406371, 37.710088698], [127.017407792, 37.710080032], [127.017408761, 37.710071305], [127.017411128, 37.710036278], [127.017412055, 37.710027632], [127.017413448, 37.710019106], [127.017415534, 37.71001076], [127.017418353, 37.71000304], [127.017421946, 37.709995566], [127.017426262, 37.709988374], [127.017431307, 37.709981527], [127.017437148, 37.709975111], [127.017444301, 37.709968833], [127.017452222, 37.709963022], [127.017460696, 37.709957555], [127.017469572, 37.709952346], [127.017478734, 37.709947336], [127.017488107, 37.70994249], [127.017497643, 37.709937794], [127.017507318, 37.709933254], [127.017516501, 37.709929162], [127.017525794, 37.709925244], [127.017535203, 37.70992153], [127.017544745, 37.709918072], [127.017554451, 37.70991494], [127.017564207, 37.709912225], [127.017574113, 37.709909816], [127.017594222, 37.709905603], [127.017645012, 37.709896167], [127.017655075, 37.709894125], [127.017665714, 37.709891771], [127.017676206, 37.709889211], [127.017686501, 37.709886414], [127.017696527, 37.709883319], [127.017706184, 37.709879837], [127.017715336, 37.709875841], [127.017723798, 37.709871158], [127.01773116, 37.709865858], [127.017737852, 37.70985991], [127.017744013, 37.709853472], [127.01774974, 37.709846656], [127.017755091, 37.709839545], [127.017760091, 37.709832191], [127.017764895, 37.709824402], [127.0177738, 37.709808415], [127.017790849, 37.709776014], [127.017795314, 37.709768021], [127.017800004, 37.709760144], [127.017805015, 37.709752436], [127.017810475, 37.709744959], [127.017816366, 37.7097379], [127.017822704, 37.709731079], [127.017829383, 37.709724447], [127.017836329, 37.70971797], [127.017843491, 37.709711637], [127.017850842, 37.709705446], [127.017858373, 37.709699412], [127.017866098, 37.709693567], [127.017874048, 37.709687961], [127.017882276, 37.709682671], [127.01789086, 37.70967779], [127.017900005, 37.70967333], [127.017909484, 37.709669268], [127.017919182, 37.709665472], [127.017948635, 37.709654632], [127.017958269, 37.70965088], [127.017967642, 37.709646884], [127.017976626, 37.709642517], [127.017985061, 37.709637621], [127.017992423, 37.709632379], [127.01799928, 37.709626647], [127.018005766, 37.709620549], [127.018011983, 37.709614183], [127.018018019, 37.70960763], [127.018041636, 37.70958067], [127.018047687, 37.709573964], [127.018053997, 37.709567238], [127.018067026, 37.709554028], [127.018080469, 37.709541108], [127.018094301, 37.709528532], [127.018101397, 37.709522427], [127.018108656, 37.709516496], [127.01811613, 37.709510799], [127.018123883, 37.709505412], [127.01813201, 37.709500437], [127.01814122, 37.70949564], [127.018150829, 37.709491282], [127.018160704, 37.709487212], [127.018190905, 37.709475529], [127.01820087, 37.709471454], [127.018210638, 37.709467102], [127.018219512, 37.70946271], [127.018228195, 37.709458056], [127.018236745, 37.709453219], [127.018262086, 37.709438268], [127.018279175, 37.70942854], [127.018287927, 37.709423949], [127.018296902, 37.709419653], [127.018306474, 37.709415593], [127.018316284, 37.709411853], [127.018326265, 37.709408345], [127.018376724, 37.709392], [127.018386484, 37.709388557], [127.018395918, 37.709384886], [127.018404881, 37.709380882], [127.018413177, 37.709376405], [127.018420552, 37.70937128], [127.018426261, 37.709365903], [127.018430999, 37.709359929], [127.018434772, 37.709353455], [127.01843783, 37.709345823], [127.018439995, 37.709337807], [127.018441548, 37.709329523], [127.018442716, 37.70932106], [127.018445715, 37.709295225], [127.018447094, 37.709286623], [127.018448958, 37.709278098], [127.018451462, 37.709269656], [127.018454501, 37.709261309], [127.018457947, 37.709253039], [127.018461698, 37.709244831], [127.018465687, 37.709236679], [127.018474216, 37.709220538], [127.018483422, 37.709204676], [127.018488335, 37.709196904], [127.01849353, 37.709189287], [127.0184991, 37.709181879], [127.018505168, 37.709174754], [127.018511766, 37.709168033], [127.018518843, 37.709161586], [127.018526262, 37.709155335], [127.018541725, 37.709143193], [127.018565348, 37.709125249], [127.018573071, 37.709119191], [127.018580594, 37.709113028], [127.018587821, 37.709106707], [127.018594629, 37.709100164], [127.018600866, 37.709093316], [127.01860642, 37.709086081], [127.018611398, 37.70907854], [127.018615952, 37.709070775], [127.0186202, 37.709062851], [127.01862424, 37.709054821], [127.018639301, 37.709023439], [127.018643144, 37.709015987], [127.018647234, 37.709008699], [127.018651686, 37.709001649], [127.018656643, 37.708994929], [127.018662288, 37.708988654], [127.018668209, 37.708983366], [127.018674734, 37.708978472], [127.018681729, 37.708973889], [127.018689091, 37.708969557], [127.018696742, 37.708965428], [127.018704622, 37.708961473], [127.018721967, 37.708953501], [127.018748767, 37.708942208], [127.018775956, 37.708931284], [127.01883536, 37.708907856], [127.018854859, 37.708899835], [127.01886417, 37.708895805], [127.018873304, 37.708891637], [127.018882189, 37.708887279], [127.018890731, 37.708882656], [127.018898805, 37.70887767], [127.018906247, 37.708872196], [127.018912694, 37.708866365], [127.018918554, 37.708860079], [127.018923979, 37.708853455], [127.018929091, 37.708846583], [127.018938734, 37.70883237], [127.018957398, 37.708803259], [127.018976365, 37.708774863], [127.018985664, 37.708760614], [127.018990114, 37.708753422], [127.018994354, 37.708746157], [127.018998544, 37.708738412], [127.019002514, 37.708730593], [127.019017745, 37.708699203], [127.019021767, 37.708691494], [127.019026054, 37.708683923], [127.019030728, 37.708676552], [127.019035937, 37.708669455], [127.019042094, 37.708662384], [127.019048839, 37.708655612], [127.019056016, 37.708649059], [127.019063505, 37.708642663], [127.019079075, 37.70863017], [127.019095077, 37.708617895], [127.01911941, 37.708599657], [127.019143969, 37.708581599], [127.019159748, 37.708570353], [127.019175021, 37.708559995], [127.019182834, 37.708554995], [127.019191486, 37.708549747], [127.019200289, 37.708544657], [127.019209212, 37.708539692], [127.019227325, 37.70853006], [127.019245727, 37.708520793], [127.019255034, 37.708516314], [127.019283086, 37.708503396], [127.019301404, 37.708494621], [127.01931022, 37.708489981], [127.019318665, 37.708485048], [127.019326588, 37.708479702], [127.01933347, 37.708474208], [127.019339931, 37.708468373], [127.019358624, 37.708450257], [127.01936524, 37.70844449], [127.019372246, 37.708439146], [127.019379662, 37.708434105], [127.019393471, 37.708425619], [127.01941719, 37.708411043], [127.019427372, 37.708404493], [127.019436958, 37.708397939], [127.019445519, 37.708391568], [127.019452107, 37.708386144], [127.019457409, 37.708381359], [127.019461292, 37.708377516], [127.01946362, 37.708374909], [127.019470592, 37.708371453], [127.019466723, 37.708364818], [127.019463763, 37.708357797], [127.019461553, 37.708350495], [127.019459994, 37.708342994], [127.019459039, 37.708335358], [127.01945869, 37.708327641], [127.019459044, 37.708318801], [127.019460089, 37.708309965], [127.019461738, 37.708301185], [127.019463629, 37.70829367], [127.019465945, 37.708286271], [127.019468709, 37.708279028], [127.019471981, 37.708271989], [127.019475848, 37.708265215], [127.019480703, 37.7082583], [127.019486037, 37.708251655], [127.019496875, 37.708238775], [127.019501742, 37.708232358], [127.019505773, 37.708225839], [127.019508554, 37.70821912], [127.019509794, 37.708211709], [127.019509618, 37.708204033], [127.019508461, 37.70819615], [127.019506685, 37.708188102], [127.019502465, 37.708171609], [127.019500554, 37.708163178], [127.019499147, 37.708155177], [127.019498083, 37.708147091], [127.019497295, 37.708138945], [127.019496356, 37.708122792], [127.019495527, 37.708090817], [127.019494841, 37.708074824], [127.019493502, 37.708058744], [127.019491593, 37.708042701], [127.019489175, 37.708026705], [127.019483051, 37.707993793], [127.019480262, 37.707977317], [127.019479056, 37.707968489], [127.019474996, 37.707933167], [127.019473742, 37.7079244], [127.019472174, 37.707915698], [127.019470128, 37.707907094], [127.019467882, 37.70789984], [127.019465206, 37.707892682], [127.019462145, 37.707885623], [127.019458714, 37.707878672], [127.019454907, 37.707871847], [127.019450682, 37.70786518], [127.019445252, 37.707857719], [127.019439205, 37.707850347], [127.019431771, 37.70784224], [127.019423171, 37.707833539], [127.019413859, 37.707824608], [127.019404285, 37.707815814], [127.0193949, 37.707807524], [127.019386151, 37.707800098], [127.019378766, 37.707794076], [127.019370165, 37.707776965], [127.019378973, 37.707778077], [127.019388177, 37.707778092], [127.019397666, 37.70777729], [127.019407352, 37.70777588], [127.019417166, 37.70777402], [127.019427052, 37.707771819], [127.019436964, 37.707769351], [127.019446859, 37.707766655], [127.019456694, 37.707763744], [127.019466425, 37.7077606], [127.019475996, 37.707757186], [127.019485347, 37.707753429], [127.019494621, 37.707749179], [127.019503651, 37.707744587], [127.019512491, 37.707739743], [127.019521175, 37.707734713], [127.019538139, 37.707724245], [127.019554517, 37.707713321], [127.019562407, 37.707707663], [127.019570011, 37.707701829], [127.019577234, 37.707695763], [127.019583951, 37.707689386], [127.019589901, 37.707682815], [127.019595369, 37.70767595], [127.019600484, 37.707668869], [127.019605343, 37.707661631], [127.019614586, 37.707646863], [127.01963746, 37.707608947], [127.019672665, 37.707553484], [127.019677485, 37.707545551], [127.019682177, 37.707537039], [127.019686635, 37.707527218], [127.019690484, 37.707516507], [127.019693362, 37.707505354], [127.019694945, 37.707495297], [127.019695715, 37.707485663], [127.019695888, 37.707476864], [127.019695669, 37.70746931], [127.019695254, 37.707463407], [127.019691481, 37.707454768], [127.01970067, 37.70745036], [127.019709462, 37.707445315], [127.019717963, 37.707439813], [127.019726252, 37.707433989], [127.019742422, 37.707421743], [127.019758273, 37.707409077], [127.019781696, 37.707389746], [127.019797024, 37.707376676], [127.019811882, 37.707363317], [127.019825852, 37.707349634], [127.019833203, 37.70734198], [127.019849728, 37.707323913], [127.019858195, 37.707314339], [127.019873754, 37.707296198], [127.019885112, 37.707282184], [127.019888365, 37.707277786], [127.01988962, 37.707275647], [127.019888721, 37.707274402], [127.019888639, 37.707271555], [127.019889573, 37.70726739], [127.019891886, 37.707262014], [127.019895561, 37.707255846], [127.019900443, 37.707249154], [127.019906313, 37.707242194], [127.019912819, 37.707235284], [127.019932633, 37.707215514], [127.019937927, 37.707209539], [127.019943676, 37.707201601], [127.019952611, 37.707187567], [127.019960796, 37.707175913], [127.019975412, 37.70715695], [127.019987433, 37.707142438], [127.019993814, 37.707135358], [127.020000427, 37.707128534], [127.020028075, 37.707101953], [127.020034773, 37.707095227], [127.020041156, 37.707088357], [127.020047069, 37.70708127], [127.020051659, 37.707074969], [127.020055823, 37.707068482], [127.020059594, 37.707061838], [127.020062979, 37.707055055], [127.020065964, 37.707048144], [127.020068769, 37.707040399], [127.020071155, 37.707032541], [127.020073206, 37.7070246], [127.020074977, 37.707016598], [127.020076504, 37.707008555], [127.0200778, 37.707000484], [127.020078862, 37.706992397], [127.020081379, 37.706966523], [127.020082475, 37.706958006], [127.020084018, 37.706949599], [127.020086244, 37.706941344], [127.020088924, 37.706934226], [127.020092154, 37.706927224], [127.020095768, 37.706920299], [127.020117979, 37.706881123], [127.020121708, 37.706875054], [127.020126731, 37.706867612], [127.020142374, 37.706845837], [127.020147028, 37.706838577], [127.02015096, 37.706831227], [127.020153827, 37.706823727], [127.02015523, 37.706816942], [127.020155647, 37.70681006], [127.02015519, 37.706803151], [127.020153807, 37.706795649], [127.020151693, 37.706788258], [127.020149033, 37.706781047], [127.020145976, 37.706774098], [127.020142793, 37.706767581], [127.020139947, 37.706761245], [127.020138059, 37.706754938], [127.020137654, 37.706751381], [127.020137787, 37.70674781], [127.020139523, 37.706740999], [127.020142799, 37.706734197], [127.020147148, 37.706727371], [127.020152196, 37.706720485], [127.020163146, 37.706706356], [127.02016859, 37.706698963], [127.020173868, 37.706691419], [127.020183976, 37.706675994], [127.020192236, 37.706662734], [127.020195428, 37.706657222], [127.02019826, 37.706651627], [127.020201066, 37.706644553], [127.020203165, 37.706637313], [127.020204633, 37.706629958], [127.020205502, 37.706622532], [127.020205814, 37.706615053], [127.020205316, 37.706588082], [127.020205767, 37.706570539], [127.020205589, 37.706565016], [127.020204504, 37.706557854], [127.020202606, 37.706550714], [127.020200136, 37.706543608], [127.020197369, 37.706536983], [127.020193788, 37.706529766], [127.020189436, 37.706522269], [127.020184367, 37.706514794], [127.020178043, 37.706506714], [127.020171692, 37.706498972], [127.02016601, 37.706491568], [127.020161786, 37.706485135], [127.020158614, 37.706479433], [127.0201565, 37.706474828], [127.020155466, 37.706471677], [127.020155619, 37.706470295], [127.020155866, 37.706413282], [127.020156381, 37.706382619], [127.020157201, 37.706366052], [127.020157877, 37.706357862], [127.020158817, 37.706349726], [127.020160111, 37.706341665], [127.020161876, 37.706333705], [127.020164258, 37.706325876], [127.0201674, 37.706318126], [127.020171127, 37.706310498], [127.020175245, 37.70630295], [127.020188502, 37.706280455], [127.020192812, 37.706272907], [127.020196864, 37.706265285], [127.020200518, 37.70625755], [127.020203743, 37.706249463], [127.020206524, 37.706241253], [127.020208976, 37.706232951], [127.020211189, 37.706224582], [127.020213231, 37.706216165], [127.020216985, 37.706199239], [127.020225539, 37.706156711], [127.020228745, 37.706139685], [127.020231685, 37.70612267], [127.020234056, 37.706105683], [127.020234862, 37.706097206], [127.020235279, 37.706088748], [127.020235159, 37.706080312], [127.020234446, 37.706072404], [127.02023327, 37.706064517], [127.020226925, 37.70603307], [127.020225665, 37.706025192], [127.020225034, 37.706016488], [127.020225363, 37.706005697], [127.020226607, 37.705994207], [127.020228499, 37.705982545], [127.020230773, 37.705971235], [127.020235452, 37.705951775], [127.020239154, 37.705938365], [127.020240019, 37.70593749], [127.020245487, 37.705930295], [127.020262813, 37.705906674], [127.020270469, 37.705896723], [127.020278645, 37.705886847], [127.020286453, 37.705878273], [127.020294104, 37.70587049], [127.020307527, 37.705857565], [127.020313687, 37.70585134], [127.02031943, 37.70584499], [127.020333887, 37.705826917], [127.020338002, 37.705822407], [127.020342457, 37.705818258], [127.020347383, 37.705814595], [127.020355189, 37.705810469], [127.020363896, 37.705807432], [127.020373275, 37.705805448], [127.020380682, 37.705804656], [127.020388301, 37.705804396], [127.020396069, 37.705804601], [127.020404715, 37.705805305], [127.020413421, 37.705806455], [127.020424094, 37.705808394], [127.020434758, 37.705810763], [127.02044454, 37.705813209], [127.020454253, 37.705815881], [127.020463848, 37.705818779], [127.020473271, 37.705821926], [127.020480293, 37.705824493], [127.020503103, 37.705833518], [127.020512108, 37.705836837], [127.020521065, 37.705839501], [127.020530052, 37.705841137], [127.020537101, 37.705841461], [127.020544132, 37.705840925], [127.02055151, 37.705839449], [127.020558779, 37.705837198], [127.02056594, 37.70583433], [127.020574857, 37.70583002], [127.020583656, 37.705825182], [127.020618506, 37.705804312], [127.020625585, 37.705800423], [127.020632817, 37.70579689], [127.020640796, 37.705793634], [127.020648935, 37.705790818], [127.020672847, 37.705783688], [127.020680104, 37.70578127], [127.02068669, 37.705778506], [127.020692359, 37.705775174], [127.020697144, 37.705770938], [127.020705426, 37.705761052], [127.02070862, 37.705757486], [127.020712213, 37.705754011], [127.020717365, 37.705749896], [127.020723156, 37.705746033], [127.020729466, 37.7057424], [127.020737934, 37.705738128], [127.020746837, 37.705734054], [127.020765216, 37.70572601], [127.020774357, 37.705721796], [127.02078222, 37.705717856], [127.020789843, 37.705713697], [127.020797171, 37.705709327], [127.02080413, 37.705704737], [127.020810629, 37.705699909], [127.020816551, 37.705694811], [127.020821726, 37.705689588], [127.020830584, 37.705680193], [127.020834437, 37.705676531], [127.020840869, 37.705671293], [127.020847906, 37.705666381], [127.02085538, 37.705661722], [127.020863148, 37.705657256], [127.020871074, 37.705652933], [127.02089349, 37.705640945], [127.020899749, 37.705637229], [127.020905497, 37.705633258], [127.020910534, 37.705628878], [127.020915241, 37.705623261], [127.020919153, 37.70561709], [127.020922647, 37.705610529], [127.020926242, 37.705603202], [127.020929657, 37.705595631], [127.020932767, 37.705587841], [127.02093514, 37.705580869], [127.020937193, 37.705573773], [127.020938934, 37.705566584], [127.020940358, 37.705559327], [127.02094149, 37.705551938], [127.020943409, 37.705537154], [127.020944538, 37.705529831], [127.020946022, 37.705522607], [127.020947959, 37.705515756], [127.020950447, 37.705509084], [127.020953546, 37.705502643], [127.020957347, 37.705496498], [127.020963053, 37.705489441], [127.020969713, 37.705482845], [127.020977113, 37.705476639], [127.020985105, 37.705470795], [127.020993606, 37.70546532], [127.021002582, 37.705460257], [127.021010751, 37.705456233], [127.021019203, 37.705452502], [127.021027867, 37.705449006], [127.021036695, 37.705445701], [127.021045651, 37.705442564], [127.021066702, 37.705435835], [127.021088001, 37.70542959], [127.021109375, 37.705423749], [127.021120065, 37.70542103], [127.021130749, 37.70541851], [127.021141425, 37.705416267], [127.021152091, 37.705414413], [127.021162747, 37.705413096], [127.021173394, 37.705412512], [127.021183398, 37.705412753], [127.021193445, 37.705413495], [127.021210987, 37.70541523], [127.021228601, 37.705417342], [127.021256525, 37.705421242], [127.02126605, 37.705422308], [127.021275571, 37.705422913], [127.021285599, 37.705422902], [127.021295652, 37.705422416], [127.021315866, 37.705421025], [127.021326052, 37.705420612], [127.02133646, 37.705420663], [127.021346928, 37.70542112], [127.021357444, 37.705421867], [127.021399838, 37.705425972], [127.021420718, 37.705427632], [127.021441181, 37.70542872], [127.021472404, 37.705429969], [127.021482844, 37.705430581], [127.021492551, 37.705431393], [127.021502194, 37.705432428], [127.02151176, 37.705433659], [127.021521227, 37.705435077], [127.021530564, 37.705436687], [127.021540008, 37.705438601], [127.021549188, 37.705440957], [127.021558651, 37.70544415], [127.021578186, 37.705452019], [127.021589679, 37.705456201], [127.021601989, 37.705459938], [127.021614726, 37.70546278], [127.021627678, 37.705464484], [127.021639904, 37.705465187], [127.021650682, 37.705465193], [127.021659295, 37.705464784], [127.021665038, 37.705464221], [127.021667227, 37.705463725], [127.021824197, 37.705477885], [127.021869035, 37.705481635], [127.021891431, 37.705483035], [127.021902615, 37.705483476], [127.021913786, 37.705483651], [127.021924936, 37.705483461], [127.021935911, 37.705482839], [127.021946869, 37.705481867], [127.021968751, 37.705479238], [127.022001556, 37.705474443], [127.022100145, 37.705459072], [127.022121951, 37.705455539], [127.022143468, 37.705451675], [127.022154014, 37.705449495], [127.02216433, 37.705447045], [127.022174321, 37.70544421], [127.022183857, 37.705440839], [127.02219277, 37.705436732], [127.022200895, 37.705431745], [127.022208402, 37.705426028], [127.022215458, 37.705419776], [127.022222191, 37.70541314], [127.022228697, 37.705406234], [127.022241295, 37.705391922], [127.022259742, 37.705369888], [127.022302486, 37.705318061], [127.022320357, 37.705295665], [127.022331792, 37.705280325], [127.022342608, 37.70526479], [127.022347704, 37.705256946], [127.022352499, 37.705249037], [127.022356882, 37.705241045], [127.022360699, 37.70523294], [127.022363744, 37.705224683], [127.02236583, 37.705216334], [127.02236716, 37.705207838], [127.022367936, 37.705199236], [127.022368314, 37.705190558], [127.02236828, 37.705173062], [127.022367995, 37.705164278], [127.022367022, 37.705146694], [127.022365436, 37.705129161], [127.022364302, 37.705120444], [127.022362831, 37.705111781], [127.022360898, 37.705103193], [127.02235845, 37.705094837], [127.022355555, 37.705086555], [127.022352335, 37.705078327], [127.022348877, 37.705070141], [127.022341494, 37.705053855], [127.02233371, 37.705037664], [127.022325587, 37.705021593], [127.022316976, 37.705005733], [127.022312377, 37.704997939], [127.02230748, 37.70499028], [127.022302183, 37.704982805], [127.022296384, 37.704975535], [127.02229018, 37.704968449], [127.022283677, 37.7049615], [127.022276956, 37.70495465], [127.022263094, 37.704941141], [127.022227887, 37.704907738], [127.022214525, 37.704894287], [127.022208307, 37.704887485], [127.022202584, 37.704880601], [127.022197558, 37.704873604], [127.022193495, 37.704866448], [127.022190741, 37.704859078], [127.022189564, 37.704851239], [127.022189759, 37.704843177], [127.02219095, 37.704834952], [127.022192856, 37.70482661], [127.022195263, 37.704818186], [127.022201005, 37.704801185], [127.022207379, 37.704784083], [127.02223716, 37.704706965], [127.022253312, 37.70466417], [127.022262502, 37.704638449], [127.02226803, 37.704621224], [127.022270456, 37.704612567], [127.022272547, 37.704603863], [127.022274153, 37.704595553], [127.02227546, 37.704587201], [127.022277506, 37.704570419], [127.022280081, 37.704545166], [127.022282073, 37.704528351], [127.02228332, 37.704519969], [127.022286709, 37.704502249], [127.02229076, 37.704484595], [127.022295149, 37.704466973], [127.022322725, 37.704361282], [127.022330064, 37.704335076], [127.022332747, 37.704326458], [127.022335646, 37.704317947], [127.022338853, 37.70430959], [127.022342492, 37.704301445], [127.022346725, 37.704293594], [127.022351766, 37.704286142], [127.022357471, 37.704279479], [127.02236384, 37.704273142], [127.02238428, 37.704254765], [127.022390723, 37.704248441], [127.022396546, 37.7042418], [127.022401589, 37.704234658], [127.022405916, 37.70422715], [127.02240971, 37.704219368], [127.02241311, 37.704211386], [127.022416226, 37.704203258], [127.022419138, 37.704195026], [127.022424585, 37.704178363], [127.02244526, 37.704111014], [127.022462183, 37.70405863], [127.02246765, 37.704041178], [127.022472623, 37.704023695], [127.022474765, 37.704014931], [127.022476544, 37.704006143], [127.022477823, 37.703997319], [127.022478468, 37.70398889], [127.022478652, 37.703980429], [127.022478498, 37.703971944], [127.022477517, 37.703954928], [127.022476013, 37.703937878], [127.022473272, 37.703912285], [127.022470066, 37.703886733], [127.022467473, 37.703869773], [127.022465934, 37.703861335], [127.022464155, 37.70385294], [127.022462063, 37.703844601], [127.02245976, 37.703836839], [127.022457214, 37.703829125], [127.022449168, 37.703806143], [127.022446703, 37.703798497], [127.022444545, 37.703790842], [127.022442843, 37.703783168], [127.022441778, 37.703775464], [127.0224415, 37.703767022], [127.022441982, 37.703758541], [127.022443025, 37.703750033], [127.022444478, 37.703741504], [127.022448192, 37.70372441], [127.022452571, 37.703707309], [127.022457419, 37.703690249], [127.022462819, 37.703673304], [127.022465828, 37.70366491], [127.022469141, 37.703656596], [127.022472918, 37.703648171], [127.022477006, 37.703639828], [127.022485781, 37.703623302], [127.02249968, 37.703598713], [127.022523383, 37.703557899], [127.022537931, 37.703533599], [127.022548128, 37.703517687], [127.022553533, 37.703509905], [127.022559259, 37.703502303], [127.022565426, 37.703494952], [127.022571805, 37.703488236], [127.022578591, 37.703481749], [127.02258568, 37.703475432], [127.022592989, 37.70346924], [127.022600457, 37.703463137], [127.022615693, 37.7034511], [127.022654336, 37.703421314], [127.022669632, 37.703409301], [127.022684546, 37.703397059], [127.022691752, 37.703390789], [127.022698702, 37.703384368], [127.022705308, 37.703377741], [127.02271179, 37.703370522], [127.022717896, 37.70336308], [127.022723728, 37.703355475], [127.022734859, 37.70333995], [127.022750815, 37.703316247], [127.022766128, 37.703292278], [127.022775697, 37.703276109], [127.022780114, 37.70326792], [127.022784146, 37.703259623], [127.022787512, 37.703251651], [127.022790516, 37.703243576], [127.022793245, 37.703235425], [127.022795773, 37.703227217], [127.022800489, 37.703210401], [127.022808498, 37.70317895], [127.022821073, 37.703127859], [127.022831311, 37.703130085], [127.022851478, 37.703134075], [127.022861599, 37.703135906], [127.022871753, 37.703137579], [127.02288195, 37.70313904], [127.022892536, 37.70314028], [127.022903163, 37.703141277], [127.022913816, 37.703142067], [127.022924482, 37.70314266], [127.022935149, 37.703143051], [127.022945805, 37.703143206], [127.022956433, 37.703143073], [127.02296702, 37.703142565], [127.022977023, 37.703141669], [127.022986964, 37.703140407], [127.022996833, 37.703138829], [127.023006617, 37.703136953], [127.02301629, 37.703134774], [127.02302582, 37.703132258], [127.023034181, 37.703129696], [127.023042393, 37.703126852], [127.023050446, 37.703123739], [127.023058323, 37.703120357], [127.023065996, 37.703116684], [127.02307415, 37.703112311], [127.023082095, 37.70310766], [127.023089902, 37.703102819], [127.023113081, 37.703087899], [127.023129578, 37.703077811], [127.023138379, 37.703072751], [127.023156255, 37.703062916], [127.023174363, 37.703053331], [127.023192616, 37.70304392], [127.023220237, 37.703030148], [127.023238903, 37.703021362], [127.023248367, 37.70301718], [127.02325796, 37.703013206], [127.023267864, 37.703009432], [127.023277909, 37.703005891], [127.023288066, 37.703002547], [127.023298321, 37.702999377], [127.023318874, 37.702993606], [127.023370375, 37.70298064], [127.023390474, 37.70297524], [127.023419771, 37.702966626], [127.023448849, 37.702957532], [127.023477674, 37.702947962], [127.023487621, 37.702944456], [127.023507338, 37.702937158], [127.023526757, 37.702929432], [127.023536305, 37.702925348], [127.023545695, 37.702921056], [127.023554949, 37.702916484], [127.023564035, 37.702911694], [127.023572986, 37.702906733], [127.02358182, 37.702901629], [127.023599162, 37.702891047], [127.023614956, 37.702880755], [127.023648614, 37.702858028], [127.023669328, 37.70284436], [127.023698629, 37.702825545], [127.023717642, 37.702813664], [127.023766802, 37.702798263], [127.023793451, 37.702790191], [127.023806259, 37.702786486], [127.023817999, 37.702783272], [127.023828346, 37.702780687], [127.023838445, 37.702778444], [127.023848562, 37.702776553], [127.023858702, 37.702775124], [127.023868872, 37.702774297], [127.023878217, 37.70277414], [127.023897086, 37.702774537], [127.023907632, 37.702774572], [127.023918258, 37.702774373], [127.023928929, 37.702773977], [127.023950263, 37.70277266], [127.023960855, 37.702771734], [127.023971338, 37.702770602], [127.023981657, 37.702769214], [127.023991738, 37.702767505], [127.024001491, 37.70276538], [127.024010798, 37.702762713], [127.024019506, 37.702759343], [127.024027368, 37.702755267], [127.024042049, 37.702746105], [127.024049427, 37.702741785], [127.024057196, 37.702738174], [127.024065688, 37.702735591], [127.024074674, 37.702734077], [127.024083974, 37.702733579], [127.024093422, 37.702734127], [127.024103016, 37.702735776], [127.024112595, 37.702738312], [127.024121807, 37.70274138], [127.024130989, 37.702744904], [127.024140136, 37.702748764], [127.02414924, 37.702752873], [127.024167271, 37.702761615], [127.024184943, 37.702770838], [127.024210087, 37.702784911], [127.024218275, 37.702789292], [127.024226523, 37.702793246], [127.024234912, 37.702796549], [127.024243532, 37.702798932], [127.024250952, 37.702800036], [127.02425853, 37.702800381], [127.024268299, 37.702799882], [127.024278176, 37.702798602], [127.024285721, 37.702797249], [127.024293257, 37.702795574], [127.024300733, 37.702793539], [127.024310721, 37.702790165], [127.02432055, 37.702786241], [127.024330257, 37.702781933], [127.024339872, 37.702777369], [127.024366618, 37.702764062], [127.024375291, 37.702759936], [127.024384092, 37.702756064], [127.024393086, 37.702752574], [127.0244014, 37.702749851], [127.024409896, 37.702747508], [127.024418546, 37.702745513], [127.02442893, 37.702743565], [127.024439446, 37.702741954], [127.024450052, 37.702740574], [127.02449274, 37.702735828], [127.024503347, 37.70273452], [127.024513877, 37.702733036], [127.024524294, 37.702731305], [127.024551852, 37.702725712], [127.024561007, 37.702724025], [127.024570219, 37.702722695], [127.024579887, 37.702721821], [127.024589634, 37.70272136], [127.024628874, 37.702720864], [127.024638626, 37.702720436], [127.024648301, 37.702719617], [127.024656537, 37.70271852], [127.024681192, 37.702714202], [127.024691768, 37.702712497], [127.024702454, 37.702710967], [127.024724052, 37.702708277], [127.024756763, 37.702704762], [127.024789625, 37.702701514], [127.024833466, 37.702697443], [127.024855387, 37.702695669], [127.02487725, 37.702694348], [127.024888109, 37.702693987], [127.024898891, 37.702693935], [127.024909571, 37.702694304], [127.024920111, 37.702695247], [127.02493014, 37.702696799], [127.024960052, 37.702702914], [127.024968434, 37.702704352], [127.024985439, 37.702706782], [127.025019808, 37.702711315], [127.025050276, 37.702715574], [127.025060447, 37.702716804], [127.025071284, 37.702717883], [127.025104485, 37.702720784], [127.025117364, 37.702722312], [127.025130883, 37.702724346], [127.025154043, 37.70272864], [127.025165021, 37.70273053], [127.025176059, 37.702732028], [127.025185636, 37.702732984], [127.025193195, 37.70273349], [127.025198189, 37.702733624], [127.025200086, 37.70273343], [127.025309777, 37.702730867], [127.025364345, 37.702729975], [127.025406459, 37.702729781], [127.025448568, 37.702729939], [127.025469605, 37.702730307], [127.025491233, 37.702731121], [127.025513426, 37.702732533], [127.025524491, 37.702733475], [127.025535525, 37.702734608], [127.025556497, 37.702737324], [127.025598319, 37.70274357], [127.025638813, 37.702749058], [127.025658684, 37.702751992], [127.025668509, 37.702753741], [127.025678213, 37.7027558], [127.025688308, 37.702758395], [127.025698256, 37.702761361], [127.02570808, 37.702764625], [127.025717788, 37.702768136], [127.025727378, 37.70277187], [127.025736837, 37.702775825], [127.025746134, 37.70278002], [127.025754995, 37.702784355], [127.025763677, 37.702788921], [127.025772184, 37.702793694], [127.025780501, 37.702798676], [127.025788156, 37.70280357], [127.025803014, 37.702813779], [127.025818027, 37.702824845], [127.025825614, 37.702830755], [127.025832947, 37.702836781], [127.025839928, 37.702842964], [127.025846473, 37.702849453], [127.025853, 37.702857166], [127.025858914, 37.702865486], [127.025870423, 37.702883561], [127.025876259, 37.702892409], [127.025881952, 37.70290031], [127.025887417, 37.702907315], [127.025892311, 37.702913174], [127.025896304, 37.702917634], [127.025899084, 37.702920433], [127.025900386, 37.702921291], [127.025900653, 37.702922498], [127.025902288, 37.702924999], [127.025905246, 37.702928471], [127.025911121, 37.702933914], [127.025919198, 37.702939611], [127.025928348, 37.702944391], [127.025938857, 37.702948535], [127.025950255, 37.702951953], [127.025962034, 37.702954603], [127.025973673, 37.702956453], [127.025984649, 37.702957481], [127.025994692, 37.702957759], [127.026025019, 37.702957595], [127.026035077, 37.702957826], [127.026043863, 37.702958333], [127.026070217, 37.702960308], [127.026079262, 37.702960683], [127.02610655, 37.702961275], [127.026116047, 37.702961655], [127.026125517, 37.702962276], [127.026134939, 37.702963224], [127.026145569, 37.70296477], [127.026156136, 37.702966697], [127.026198255, 37.70297561], [127.026208859, 37.702977561], [127.026219544, 37.702979157], [127.026229261, 37.702980207], [127.026239049, 37.702980968], [127.026279222, 37.702983228], [127.026300345, 37.702984827], [127.026321421, 37.702986734], [127.026342325, 37.702988969], [127.026352646, 37.702990259], [127.026362821, 37.702991719], [127.02637279, 37.702993414], [127.026382469, 37.702995432], [127.026391748, 37.702997892], [127.026400483, 37.703000951], [127.026408485, 37.703004816], [127.026415544, 37.703009597], [127.026421912, 37.703015152], [127.026427806, 37.703021256], [127.026433407, 37.703027727], [127.026450001, 37.703047896], [127.02645596, 37.703054445], [127.026461762, 37.70306016], [127.0264679, 37.703065643], [127.026474319, 37.703070899], [127.02648015, 37.70307529], [127.026487338, 37.703080145], [127.026494791, 37.703084763], [127.026509903, 37.703093785], [127.026517263, 37.703098444], [127.026524267, 37.703103391], [127.026531253, 37.703109185], [127.026537692, 37.703115399], [127.026543656, 37.703121952], [127.02654917, 37.703128784], [127.026554384, 37.703136396], [127.026559296, 37.703145219], [127.026563709, 37.703155017], [127.026567419, 37.703165157], [127.026570365, 37.703175136], [127.026572271, 37.703183223], [127.026573658, 37.703190503], [127.026574607, 37.703196677], [127.026575737, 37.703206061], [127.026575966, 37.703206863], [127.026575943, 37.703228565], [127.02657626, 37.703249874], [127.026576748, 37.703261404], [127.026577551, 37.703272858], [127.026578741, 37.703283805], [127.026580282, 37.703293667], [127.026582137, 37.703302296], [127.026584387, 37.703310714], [127.026587121, 37.703319003], [127.026590466, 37.703327123], [127.026594583, 37.703335141], [127.026599296, 37.703342982], [127.02660446, 37.703350679], [127.026609973, 37.70335825], [127.026615779, 37.703365699], [127.026621853, 37.703373017], [127.026628199, 37.703380184], [127.026634844, 37.703387166], [127.026641787, 37.703393926], [127.026663054, 37.703413722], [127.026669753, 37.703420433], [127.026675955, 37.703427348], [127.02668143, 37.70343457], [127.026685994, 37.703442172], [127.026689825, 37.703450093], [127.026693143, 37.703458244], [127.026696125, 37.703466547], [127.026704497, 37.703491821], [127.026707539, 37.703500199], [127.026710948, 37.703508467], [127.026714609, 37.703516096], [127.026718683, 37.703523578], [127.026723131, 37.703530908], [127.02672794, 37.703538068], [127.026733131, 37.703545026], [127.026738752, 37.703551733], [127.026744889, 37.703558121], [127.026751166, 37.703563772], [127.02675784, 37.703569176], [127.026771856, 37.703579627], [127.026842638, 37.703631277], [127.026858725, 37.703642428], [127.026866949, 37.703647803], [127.026875366, 37.703652966], [127.026884446, 37.703658091], [127.026893752, 37.703662964], [127.026903236, 37.703667628], [127.026912866, 37.70367211], [127.026922627, 37.703676415], [127.02693252, 37.703680526], [127.026942765, 37.703684453], [127.026953953, 37.703688212], [127.0269664, 37.703691957], [127.026979568, 37.703695566], [127.026992918, 37.703698919], [127.027005914, 37.703701899], [127.027018597, 37.703704533], [127.027029619, 37.703706622], [127.027046005, 37.703709433], [127.027057676, 37.703718236], [127.027065685, 37.703724053], [127.02707513, 37.703730586], [127.02708564, 37.703737401], [127.027096844, 37.703744053], [127.02710838, 37.70375009], [127.027119887, 37.703755053], [127.027130294, 37.703758399], [127.027139956, 37.703760544], [127.02714961, 37.703762201], [127.027159406, 37.703763636], [127.027231683, 37.703773294], [127.027262757, 37.703776654], [127.027272847, 37.703777973], [127.027282678, 37.703779732], [127.027292152, 37.703782176], [127.027300752, 37.703785306], [127.027309042, 37.703789069], [127.027317126, 37.703793257], [127.027340988, 37.703806677], [127.027349071, 37.703810916], [127.027357359, 37.703814766], [127.027365945, 37.703818038], [127.027374806, 37.703820567], [127.027383958, 37.703822536], [127.027393306, 37.703824138], [127.027421715, 37.703828381], [127.027431061, 37.703830127], [127.027440219, 37.703832315], [127.027448728, 37.703834918], [127.027457108, 37.703837881], [127.027482506, 37.703847258], [127.027491213, 37.703850069], [127.027500017, 37.703852494], [127.027508997, 37.703854618], [127.027518113, 37.703856512], [127.02753662, 37.703859857], [127.027597054, 37.703869668], [127.027617529, 37.703873287], [127.027637886, 37.703877406], [127.027647896, 37.703879743], [127.027657737, 37.70388235], [127.027667351, 37.703885316], [127.02767666, 37.70388876], [127.027686094, 37.703893016], [127.027695198, 37.703897783], [127.02770407, 37.703902912], [127.027712781, 37.703908281], [127.027738508, 37.703924895], [127.027755093, 37.70393519], [127.027778885, 37.703948887], [127.027785919, 37.703952704], [127.027793143, 37.703956106], [127.027801152, 37.703958986], [127.02780961, 37.70396128], [127.027818414, 37.703963136], [127.02782748, 37.703964673], [127.027836741, 37.703965989], [127.027855644, 37.703968268], [127.027891228, 37.703972204], [127.027909786, 37.703974072], [127.027919079, 37.703974814], [127.027928388, 37.703975325], [127.027938796, 37.703975546], [127.027949219, 37.703975437], [127.027959646, 37.703975044], [127.027970069, 37.703974395], [127.027981155, 37.703973441], [127.028003277, 37.703970959], [127.02801431, 37.703969523], [127.02803629, 37.703966377], [127.028058058, 37.703962863], [127.028068803, 37.703960921], [127.0280794, 37.703958803], [127.02808888, 37.703956674], [127.028098143, 37.703954321], [127.028107123, 37.7039517], [127.028116252, 37.703948594], [127.028124919, 37.703945207], [127.028133048, 37.703941609], [127.02814026, 37.70393814], [127.028147538, 37.703934985], [127.028155575, 37.703932444], [127.028164179, 37.703930483], [127.028173197, 37.703928896], [127.028201539, 37.70392459], [127.028229964, 37.703919221], [127.028239381, 37.703917757], [127.028267908, 37.703913911], [127.028277335, 37.703912399], [127.028286628, 37.703910547], [127.028295276, 37.703908391], [127.028321428, 37.703900955], [127.028348622, 37.703893445], [127.028357566, 37.703890754], [127.028366352, 37.703887841], [127.028393878, 37.703877428], [127.028403186, 37.703874414], [127.028413047, 37.703871984], [127.028424177, 37.703869898], [127.028463824, 37.703863736], [127.028476964, 37.703861422], [127.028489001, 37.703858867], [127.028499328, 37.703856075], [127.028506195, 37.703853686], [127.028511298, 37.703851492], [127.028514422, 37.703849766], [127.028515326, 37.703848726], [127.028598662, 37.703742581], [127.028616391, 37.703719772], [127.028633544, 37.703697337], [127.028644012, 37.703682789], [127.028648828, 37.703675415], [127.028661893, 37.70365309], [127.02866647, 37.703645976], [127.028671562, 37.703639257], [127.02867746, 37.703633112], [127.028684507, 37.703627609], [127.028692452, 37.703622749], [127.028701072, 37.703618401], [127.028710198, 37.70361448], [127.028719702, 37.703610936], [127.028729492, 37.70360775], [127.028739493, 37.703604934], [127.028767965, 37.703598281], [127.028777107, 37.703595885], [127.028785808, 37.703593063], [127.028793869, 37.703589577], [127.028801821, 37.703584725], [127.028808763, 37.703578957], [127.028814686, 37.703572441], [127.028819489, 37.703565278], [127.028822736, 37.70355841], [127.028825169, 37.703551187], [127.028826964, 37.703543707], [127.028828244, 37.703536044], [127.028829092, 37.703528257], [127.028829547, 37.70352039], [127.028829613, 37.703512479], [127.028829259, 37.703504555], [127.028828421, 37.703496641], [127.028827015, 37.703488618], [127.028825169, 37.703480622], [127.028823022, 37.703472648], [127.028813392, 37.703440823], [127.028811125, 37.703432842], [127.028806718, 37.703415155], [127.028800673, 37.703388586], [127.028796159, 37.703371004], [127.028793484, 37.703362302], [127.028790637, 37.703354265], [127.028787526, 37.703346281], [127.02877758, 37.703322427], [127.028771355, 37.703306398], [127.028768659, 37.703298369], [127.028766203, 37.703290278], [127.028761808, 37.703273954], [127.028757907, 37.703257498], [127.028754461, 37.703240954], [127.028751676, 37.703224362], [127.028750682, 37.703216066], [127.028750108, 37.703208608], [127.028749869, 37.703201183], [127.028750008, 37.703193818], [127.028750591, 37.703186543], [127.028751917, 37.703178362], [127.02875403, 37.703170436], [127.028757066, 37.703162871], [127.028761241, 37.703155807], [127.028766525, 37.703149581], [127.028772827, 37.703143879], [127.028779894, 37.703138632], [127.028787535, 37.703133809], [127.028795611, 37.703129424], [127.028804021, 37.703125533], [127.028812705, 37.703122242], [127.028821626, 37.703119709], [127.028830776, 37.703118159], [127.028840229, 37.70311778], [127.028849839, 37.703118411], [127.028859526, 37.703119843], [127.028869226, 37.703121925], [127.028878877, 37.703124566], [127.02888884, 37.703127848], [127.028898699, 37.703131539], [127.028908462, 37.703135534], [127.028918134, 37.703139751], [127.028927716, 37.70314414], [127.028937202, 37.70314867], [127.028962714, 37.703161267], [127.028971287, 37.703165295], [127.028979988, 37.703169094], [127.028989294, 37.703172752], [127.028998756, 37.703176139], [127.029017952, 37.703182402], [127.02904606, 37.703190973], [127.029055303, 37.703193567], [127.029064579, 37.703195918], [127.029073912, 37.703197907], [127.02908333, 37.703199381], [127.029094, 37.703200258], [127.029106079, 37.703200317], [127.029119638, 37.703199669], [127.029134025, 37.703198495], [127.02914859, 37.703196971], [127.029175666, 37.703193544], [127.029201429, 37.703189842], [127.029203458, 37.703189672], [127.029214129, 37.703180512], [127.029221512, 37.703174465], [127.029230285, 37.703167732], [127.029239911, 37.703160953], [127.029250316, 37.703154468], [127.029261263, 37.703148779], [127.029271442, 37.703144668], [127.029281456, 37.703141642], [127.029290874, 37.703139686], [127.02929985, 37.703138468], [127.029309181, 37.703137538], [127.029318592, 37.703136927], [127.02932805, 37.703136659], [127.029337535, 37.703136787], [127.029348207, 37.703137447], [127.029358884, 37.703138524], [127.029369562, 37.703139881], [127.029412304, 37.703146171], [127.029423011, 37.703147576], [127.029433738, 37.703148758], [127.029444491, 37.703149622], [127.02945468, 37.70315008], [127.02946489, 37.703150257], [127.029475112, 37.703150243], [127.029514708, 37.703149695], [127.029524241, 37.70314973], [127.02953373, 37.703149951], [127.029544258, 37.703150453], [127.029566826, 37.703151822], [127.029577638, 37.703152795], [127.029588471, 37.703154027], [127.029621112, 37.703158156], [127.029632044, 37.703159327], [127.029643008, 37.703160208], [127.029653614, 37.703160709], [127.029685396, 37.703161391], [127.029694962, 37.703161772], [127.029704431, 37.703162372], [127.02971376, 37.703163252], [127.029722892, 37.703164491], [127.029731759, 37.703166188], [127.029740276, 37.703168469], [127.029748823, 37.703171607], [127.02975695, 37.703175302], [127.029772469, 37.703183314], [127.029780183, 37.703186931], [127.029788123, 37.703189791], [127.029796532, 37.703191558], [127.029805213, 37.703192074], [127.029813373, 37.703191415], [127.029821619, 37.703189896], [127.029829941, 37.703187781], [127.029855345, 37.70318002], [127.029863978, 37.703177621], [127.029873889, 37.703175396], [127.029883848, 37.70317387], [127.029893769, 37.703173236], [127.029902074, 37.703173547], [127.029910208, 37.70317462], [127.029918078, 37.703176431], [127.029925979, 37.70317906], [127.029941427, 37.703185348], [127.029949388, 37.703188337], [127.029957276, 37.703190733], [127.029965472, 37.703192776], [127.029991116, 37.70319808], [127.030008884, 37.703202067], [127.030041566, 37.703210221], [127.030049008, 37.703211962], [127.030065185, 37.703215361], [127.030072982, 37.703217234], [127.030080742, 37.703219699], [127.030090699, 37.703224075], [127.030101169, 37.703229587], [127.030122851, 37.703241616], [127.030133608, 37.703246991], [127.030143399, 37.703251189], [127.030152146, 37.703254409], [127.030159235, 37.703256638], [127.030164061, 37.703257845], [127.030166073, 37.703257944], [127.030310305, 37.703360027], [127.030339408, 37.703380282], [127.030375076, 37.703404452], [127.030389552, 37.703414566], [127.030403565, 37.703424949], [127.030410301, 37.703430267], [127.030416759, 37.703435704], [127.030422823, 37.703441306], [127.030428327, 37.703447135], [127.030433043, 37.703453284], [127.030436802, 37.703459889], [127.030439721, 37.703466833], [127.030442015, 37.703474037], [127.030443945, 37.703482245], [127.030445637, 37.703491627], [127.030447118, 37.703501695], [127.03044951, 37.70352196], [127.030452177, 37.703549581], [127.030452489, 37.703550981], [127.030452439, 37.703552455], [127.030451786, 37.703556692], [127.030446102, 37.703592018], [127.030443097, 37.70361433], [127.030441981, 37.70362505], [127.030441301, 37.70363487], [127.030441185, 37.703643416], [127.030441634, 37.703651528], [127.030442775, 37.703659504], [127.030444826, 37.7036673], [127.030448082, 37.703675145], [127.030452257, 37.703682808], [127.030457083, 37.703690344], [127.030462365, 37.703697791], [127.03046796, 37.703705177], [127.030479714, 37.703719841], [127.030534734, 37.703785567], [127.030589391, 37.703851881], [127.030601745, 37.703866448], [127.030608062, 37.703873583], [127.030614532, 37.703880544], [127.030621221, 37.703887249], [127.030628215, 37.703893585], [127.030635629, 37.703899401], [127.030643613, 37.703904495], [127.030651752, 37.703908465], [127.03066038, 37.703911706], [127.030669339, 37.703914306], [127.030678499, 37.703916298], [127.030687742, 37.703917665], [127.030696957, 37.703918336], [127.030705559, 37.703918228], [127.030713918, 37.703917315], [127.030721897, 37.70391548], [127.030730346, 37.703912221], [127.030738351, 37.703908097], [127.030752683, 37.703899783], [127.030759433, 37.703896345], [127.030766319, 37.703893626], [127.030773488, 37.703891616], [127.030780841, 37.703890403], [127.030788289, 37.703890116], [127.030796217, 37.703890933], [127.030804132, 37.703892724], [127.030812014, 37.703895277], [127.030819839, 37.703898428], [127.030827585, 37.703902054], [127.030835222, 37.703906063], [127.030858942, 37.70391997], [127.030867095, 37.703924462], [127.030875612, 37.703928669], [127.030884379, 37.703932595], [127.030893318, 37.703936318], [127.030929477, 37.703950466], [127.03093831, 37.703954111], [127.030946926, 37.703957923], [127.030955239, 37.703961975], [127.030972021, 37.703971087], [127.03098017, 37.703975141], [127.030988602, 37.703978862], [127.030997302, 37.703982193], [127.031004785, 37.703984654], [127.031012392, 37.703986874], [127.031031355, 37.7039919], [127.031040681, 37.703994514], [127.031049735, 37.703997457], [127.031058367, 37.704000946], [127.031064329, 37.704003928], [127.031070104, 37.704007202], [127.031090386, 37.704019473], [127.031097895, 37.704023798], [127.031105612, 37.704027941], [127.031114499, 37.70403225], [127.031123642, 37.704036246], [127.031132979, 37.704039948], [127.031142471, 37.704043355], [127.03116491, 37.704050617], [127.031188834, 37.704058764], [127.031196898, 37.704061149], [127.031206264, 37.704063385], [127.031215771, 37.704065096], [127.031225354, 37.704066274], [127.031234956, 37.704066887], [127.031244383, 37.704066937], [127.031263055, 37.704066427], [127.031272257, 37.704066467], [127.031281333, 37.704067115], [127.031291213, 37.704068806], [127.031300994, 37.704071266], [127.031320631, 37.70407714], [127.031330679, 37.704079924], [127.031339137, 37.70408187], [127.031347747, 37.70408349], [127.031356465, 37.704084801], [127.031365252, 37.704085805], [127.031374074, 37.704086489], [127.031383113, 37.704086874], [127.031401094, 37.704087363], [127.031409982, 37.704087863], [127.031418759, 37.704088812], [127.031428788, 37.704090674], [127.031438678, 37.704093178], [127.031448482, 37.704096086], [127.031468017, 37.704102306], [127.031477828, 37.704105246], [127.031487722, 37.704107821], [127.031514249, 37.704113227], [127.031522915, 37.704115404], [127.031531822, 37.704118331], [127.031540523, 37.704121823], [127.031549066, 37.704125735], [127.031557481, 37.704129953], [127.031565787, 37.704134387], [127.031574646, 37.704139356], [127.031583308, 37.704144504], [127.031591675, 37.704149867], [127.031599621, 37.704155493], [127.03160699, 37.704161454], [127.031613524, 37.704167599], [127.031625909, 37.704179981], [127.03163249, 37.704185644], [127.0316394, 37.70419036], [127.031646941, 37.704194272], [127.031655082, 37.704197229], [127.031664166, 37.704199167], [127.031673719, 37.704200123], [127.031683584, 37.704200311], [127.031693629, 37.704199885], [127.031703739, 37.704198952], [127.031712365, 37.704197829], [127.031729409, 37.704195321], [127.031737763, 37.704194279], [127.031746131, 37.704193587], [127.03175422, 37.704193389], [127.031761912, 37.704193803], [127.031769064, 37.704194987], [127.031775504, 37.70419714], [127.031781305, 37.704200539], [127.031786475, 37.704204872], [127.03179133, 37.704209821], [127.03180131, 37.704220469], [127.031807894, 37.704226478], [127.031815142, 37.704232166], [127.031822962, 37.704237424], [127.031831304, 37.704242114], [127.031840154, 37.704246062], [127.031848914, 37.704248989], [127.031857927, 37.704251402], [127.031875889, 37.70425591], [127.031884426, 37.70425861], [127.031892359, 37.704262041], [127.031899332, 37.704266324], [127.031905713, 37.70427136], [127.031911705, 37.7042769], [127.031927381, 37.704292719], [127.031932578, 37.704297471], [127.031938111, 37.704301872], [127.031945561, 37.704306678], [127.031953487, 37.704310807], [127.031961659, 37.704314328], [127.031969867, 37.70431726], [127.031977909, 37.704319584], [127.031988981, 37.70432228], [127.031996125, 37.704324527], [127.032019988, 37.704333339], [127.032029056, 37.704336517], [127.03207746, 37.704352839], [127.032096473, 37.704359498], [127.032112787, 37.704365491], [127.03211997, 37.70436778], [127.03212723, 37.704369263], [127.032134509, 37.704369635], [127.032141995, 37.704369057], [127.032149614, 37.704367693], [127.032157296, 37.704365664], [127.032165159, 37.704363012], [127.032173055, 37.704359945], [127.032210554, 37.704344199], [127.032220685, 37.704340215], [127.032230984, 37.704336468], [127.032241098, 37.704333147], [127.032251341, 37.704330065], [127.032261669, 37.704327151], [127.032292768, 37.704318931], [127.032314063, 37.704313572], [127.032324623, 37.704311241], [127.032335121, 37.704309361], [127.032345556, 37.704308154], [127.03235591, 37.704307899], [127.032365812, 37.704308763], [127.032375659, 37.704310481], [127.032385486, 37.704312748], [127.032424985, 37.704323153], [127.032434667, 37.704325939], [127.032444019, 37.704329087], [127.032452872, 37.704332808], [127.032460412, 37.704336839], [127.03246759, 37.704341297], [127.032481656, 37.704350553], [127.032488921, 37.704354908], [127.032496988, 37.704359092], [127.03251356, 37.704367172], [127.032520556, 37.704371038], [127.032527328, 37.704375228], [127.032533823, 37.704379734], [127.032539976, 37.70438456], [127.032546355, 37.704390274], [127.032564197, 37.704408236], [127.032570278, 37.704413948], [127.032576721, 37.704419222], [127.032583733, 37.70442384], [127.032590755, 37.704427316], [127.032598307, 37.704430158], [127.032606278, 37.704432459], [127.032614577, 37.704434284], [127.032624964, 37.704435928], [127.032635611, 37.70443708], [127.032646423, 37.704437855], [127.032657326, 37.704438331], [127.032678714, 37.704438838], [127.032689348, 37.704439296], [127.032699893, 37.704440193], [127.032709334, 37.704441533], [127.032718698, 37.704443274], [127.032746592, 37.704449433], [127.032755907, 37.704451338], [127.032765267, 37.70445293], [127.032774605, 37.704454065], [127.03278397, 37.704454745], [127.032793317, 37.704454964], [127.032802596, 37.704454689], [127.032811861, 37.704453902], [127.032838858, 37.704450442], [127.03284752, 37.704449648], [127.03285595, 37.704449423], [127.032864092, 37.704450043], [127.032872334, 37.704451819], [127.032880349, 37.704454437], [127.032896345, 37.704460621], [127.032904649, 37.704463454], [127.032912316, 37.704465511], [127.032928325, 37.70446917], [127.032937532, 37.704471522], [127.032956227, 37.704476969], [127.032994435, 37.704488902], [127.033046938, 37.704504253], [127.033057285, 37.704507511], [127.033067471, 37.704510983], [127.033077424, 37.704514764], [127.033087053, 37.704518974], [127.033095765, 37.704523422], [127.03310419, 37.704528248], [127.033112409, 37.704533338], [127.03312049, 37.704538594], [127.033144437, 37.70455451], [127.033152484, 37.704559579], [127.033160648, 37.704564363], [127.03316794, 37.704568217], [127.033175396, 37.704571666], [127.033183049, 37.704574602], [127.033190945, 37.704576887], [127.033200013, 37.704578554], [127.033209348, 37.704579519], [127.033218867, 37.704580047], [127.033238173, 37.704580716], [127.03324784, 37.704581298], [127.033257437, 37.704582349], [127.033267872, 37.704584258], [127.033278191, 37.704586825], [127.033288428, 37.704589871], [127.033298613, 37.704593258], [127.033308201, 37.704596673], [127.033327316, 37.704603912], [127.033346349, 37.704611485], [127.033365253, 37.704619289], [127.0333839, 37.704627361], [127.033393055, 37.704631551], [127.033402037, 37.704635895], [127.033410781, 37.704640449], [127.033419203, 37.704645288], [127.033427194, 37.70465051], [127.03343474, 37.704656238], [127.033441899, 37.70466232], [127.033462605, 37.704681388], [127.033469724, 37.704687638], [127.033477506, 37.704693959], [127.033485564, 37.704700088], [127.033493809, 37.704706087], [127.033518883, 37.70472381], [127.033527113, 37.704729778], [127.033535145, 37.704735853], [127.033542885, 37.704742086], [127.033549995, 37.704748258], [127.033563664, 37.704760652], [127.033570493, 37.704766585], [127.033577499, 37.704772122], [127.033584835, 37.704777063], [127.033592672, 37.704781165], [127.033599794, 37.70478385], [127.033607269, 37.70478602], [127.03362275, 37.704789901], [127.033630511, 37.704792136], [127.033639454, 37.704795383], [127.03364822, 37.704799232], [127.033656821, 37.704803558], [127.033665258, 37.704808266], [127.033673516, 37.704813293], [127.033681565, 37.704818602], [127.033689357, 37.704824181], [127.033695709, 37.704829122], [127.0337018, 37.704834256], [127.033707593, 37.704839586], [127.03371303, 37.704845126], [127.033718669, 37.704851591], [127.033723965, 37.70485823], [127.033734232, 37.704871609], [127.033739522, 37.704878143], [127.033745133, 37.704884435], [127.033751609, 37.704890845], [127.033764931, 37.704903334], [127.033771107, 37.70490986], [127.033776523, 37.704916746], [127.033781352, 37.704924006], [127.033785756, 37.70493154], [127.033789868, 37.704939267], [127.033793793, 37.704947127], [127.033810554, 37.704982172], [127.033821003, 37.705002729], [127.033824256, 37.705009556], [127.033827133, 37.705016469], [127.033829889, 37.705024843], [127.033832021, 37.705033363], [127.033833665, 37.705041991], [127.033834906, 37.705050696], [127.033835791, 37.705059455], [127.033836329, 37.70506825], [127.033836513, 37.705076608], [127.03383643, 37.705084971], [127.033835593, 37.705101657], [127.033834849, 37.70510995], [127.033833852, 37.705118184], [127.033832543, 37.705126336], [127.033830901, 37.705134062], [127.033828759, 37.705141647], [127.033825949, 37.705149044], [127.033822256, 37.705156386], [127.033817929, 37.705163554], [127.033813203, 37.705170619], [127.033803396, 37.705184697], [127.033798704, 37.705191834], [127.03379442, 37.705199125], [127.033790673, 37.705206687], [127.033787426, 37.705214427], [127.033784562, 37.705222301], [127.033781993, 37.70523027], [127.033771182, 37.705268864], [127.033768695, 37.705276366], [127.033765829, 37.70528374], [127.033762435, 37.705290933], [127.033757778, 37.705298851], [127.033752381, 37.705306495], [127.033746375, 37.70531388], [127.033739839, 37.705321003], [127.033732935, 37.705327782], [127.033711523, 37.705347323], [127.033704872, 37.705353826], [127.033698887, 37.705360449], [127.033693901, 37.705367279], [127.033690333, 37.705374418], [127.033688571, 37.705381567], [127.033688129, 37.705389013], [127.033688664, 37.70539668], [127.033689908, 37.705404507], [127.033691652, 37.705412452], [127.033693734, 37.705420475], [127.033700262, 37.705443473], [127.033702245, 37.705451212], [127.033704025, 37.705459198], [127.033708887, 37.705483117], [127.033710809, 37.70549098], [127.03371314, 37.705498732], [127.033715692, 37.705505647], [127.033721288, 37.705519404], [127.03372411, 37.705526943], [127.033726695, 37.705534574], [127.033729054, 37.705542279], [127.033731193, 37.70555004], [127.033733243, 37.70555838], [127.03374013, 37.705591083], [127.033741938, 37.705598646], [127.033744179, 37.705606049], [127.033747107, 37.705613226], [127.033751234, 37.705620623], [127.033756223, 37.705627751], [127.033761862, 37.70563467], [127.033767998, 37.705641423], [127.033774516, 37.705648036], [127.033781344, 37.70565452], [127.033788439, 37.705660872], [127.033795789, 37.705667079], [127.033808271, 37.705676818], [127.033821315, 37.705686135], [127.03382962, 37.705691669], [127.033846631, 37.70570239], [127.033863933, 37.705712851], [127.033898831, 37.705733495], [127.033925111, 37.705748843], [127.033942737, 37.705758905], [127.033960573, 37.705768622], [127.033969626, 37.705773246], [127.033978818, 37.705777628], [127.033988196, 37.70578168], [127.033997254, 37.705785119], [127.03400649, 37.705788177], [127.034015873, 37.705790846], [127.034025379, 37.705793092], [127.034034993, 37.705794855], [127.034044396, 37.705796076], [127.034072384, 37.705798845], [127.034081352, 37.705800228], [127.034089955, 37.705802256], [127.034098401, 37.705805263], [127.034106348, 37.705809072], [127.034113811, 37.705813516], [127.034120758, 37.705818477], [127.034127113, 37.705823876], [127.034132748, 37.705829671], [127.034137471, 37.705835856], [127.034141028, 37.705842458], [127.034143241, 37.705849636], [127.034144279, 37.70585718], [127.034144454, 37.705864992], [127.034144007, 37.705872997], [127.034143126, 37.705881141], [127.034136715, 37.705922853], [127.034135748, 37.705931275], [127.03413509, 37.705939976], [127.034134756, 37.70594866], [127.034134719, 37.705957304], [127.034134979, 37.705965879], [127.034135571, 37.705974347], [127.034136562, 37.705982653], [127.034138066, 37.705990729], [127.034140247, 37.705998481], [127.034143333, 37.706005784], [127.034147628, 37.706012476], [127.034153577, 37.706018591], [127.034160793, 37.706024045], [127.034168939, 37.706028994], [127.034177769, 37.706033545], [127.034187098, 37.706037765], [127.034196798, 37.706041685], [127.034206789, 37.706045303], [127.034217023, 37.70604858], [127.034227485, 37.706051451], [127.034237369, 37.706053692], [127.034247386, 37.706055627], [127.034287725, 37.70606232], [127.034297647, 37.706064166], [127.034307407, 37.706066258], [127.034316941, 37.706068702], [127.034325413, 37.706071294], [127.034350202, 37.706079686], [127.034358519, 37.70608212], [127.034367917, 37.706084294], [127.034377438, 37.706085873], [127.034386192, 37.706086815], [127.034403913, 37.706087998], [127.034412758, 37.706088771], [127.034421407, 37.706090128], [127.034429709, 37.706092317], [127.034437832, 37.706095227], [127.03444584, 37.706098667], [127.034453789, 37.706102477], [127.03446173, 37.706106518], [127.0344666, 37.706109123], [127.034479509, 37.706116027], [127.034488264, 37.706121057], [127.034496803, 37.706126335], [127.03450493, 37.706131791], [127.034520826, 37.706142907], [127.034528877, 37.706148205], [127.034536955, 37.706152952], [127.034545351, 37.706157122], [127.03455415, 37.706160508], [127.034563587, 37.706162987], [127.034573424, 37.706164654], [127.034583555, 37.706165713], [127.034593894, 37.706166315], [127.034604373, 37.70616657], [127.034614934, 37.706166548], [127.03462553, 37.706166288], [127.034636115, 37.706165802], [127.034646641, 37.706165069], [127.034657059, 37.70616404], [127.034667306, 37.706162633], [127.034677309, 37.706160729], [127.034686974, 37.706158166], [127.034694947, 37.706155322], [127.034702623, 37.706151954], [127.034710024, 37.706148159], [127.03473436, 37.70613377], [127.034749358, 37.7061255], [127.034764408, 37.706117835], [127.034804316, 37.706098696], [127.034812749, 37.706094234], [127.034820766, 37.706089469], [127.034828199, 37.706084261], [127.034834012, 37.706079345], [127.034839363, 37.706074093], [127.034852416, 37.706059553], [127.03485812, 37.70605357], [127.034864069, 37.70604776], [127.034870187, 37.706042146], [127.034876408, 37.706036766], [127.034882192, 37.706032091], [127.034888128, 37.706027819], [127.03488919, 37.706027187], [127.034894335, 37.706024129], [127.034900947, 37.706021233], [127.034908704, 37.706019163], [127.034916971, 37.706017973], [127.034925625, 37.70601736], [127.034962796, 37.706016241], [127.034972439, 37.706016059], [127.034982106, 37.70601616], [127.034991761, 37.706016726], [127.035000603, 37.706017785], [127.035009418, 37.706019278], [127.035018213, 37.706021094], [127.035027765, 37.706023412], [127.035042179, 37.706018129], [127.035063837, 37.706009622], [127.035076329, 37.706004427], [127.035089113, 37.705998819], [127.035101572, 37.705992958], [127.035112878, 37.705987163], [127.03512287, 37.705981622], [127.035148893, 37.705966266], [127.035157656, 37.705961291], [127.035166576, 37.705956502], [127.035175599, 37.705952], [127.035184785, 37.705947695], [127.035203481, 37.705939489], [127.035231999, 37.705927863], [127.035251083, 37.705920634], [127.035260629, 37.705917264], [127.035270257, 37.705914112], [127.03527999, 37.705911259], [127.035289867, 37.705908805], [127.035300291, 37.70590677], [127.035310866, 37.705905159], [127.035321553, 37.705903854], [127.035343141, 37.705901835], [127.035364893, 37.705900248], [127.035408557, 37.705897542], [127.035441264, 37.705895796], [127.035462946, 37.705894998], [127.035473714, 37.705894831], [127.035484406, 37.70589491], [127.035494994, 37.705895333], [127.035505441, 37.70589623], [127.035515698, 37.705897771], [127.035526024, 37.705900163], [127.035536165, 37.705903201], [127.035546189, 37.705906669], [127.035576129, 37.705917954], [127.035586249, 37.705921504], [127.035596544, 37.705924685], [127.035606575, 37.705927256], [127.035616781, 37.70592944], [127.035627118, 37.705931331], [127.035648052, 37.705934501], [127.035658604, 37.70593587], [127.035679798, 37.705938284], [127.035701053, 37.705940262], [127.035711687, 37.705941037], [127.035722318, 37.705941612], [127.03573294, 37.705941919], [127.035743551, 37.705941869], [127.03575417, 37.70594139], [127.035764773, 37.705940553], [127.03577536, 37.70593945], [127.035785936, 37.70593815], [127.035807036, 37.705935153], [127.035859763, 37.705926614], [127.035870388, 37.705925174], [127.035881046, 37.705924143], [127.035891107, 37.705923659], [127.035901202, 37.70592355], [127.035941583, 37.70592434], [127.035951578, 37.705924251], [127.035961483, 37.705923779], [127.03597126, 37.705922753], [127.035981796, 37.70592084], [127.035992181, 37.705918249], [127.036002455, 37.705915163], [127.036012651, 37.705911719], [127.036022789, 37.705908021], [127.036042963, 37.705900152], [127.036063064, 37.705891951], [127.036173448, 37.705845884], [127.03621374, 37.705829311], [127.036234063, 37.705821341], [127.03624432, 37.705817542], [127.036254673, 37.705813942], [127.036265157, 37.705810624], [127.036275075, 37.705807845], [127.036285106, 37.705805327], [127.036295221, 37.705803017], [127.036315598, 37.70579891], [127.036325819, 37.705797104], [127.036336035, 37.705795493], [127.036346228, 37.705794126], [127.036356373, 37.705793081], [127.036366444, 37.705792465], [127.036376409, 37.705792428], [127.036386224, 37.705793167], [127.036396267, 37.705794931], [127.03640614, 37.705797534], [127.036415876, 37.705800764], [127.036425501, 37.705804463], [127.036435023, 37.705808522], [127.036444444, 37.70581287], [127.03645375, 37.705817469], [127.036471472, 37.705826991], [127.036488875, 37.705837005], [127.036506012, 37.705847331], [127.036522777, 37.705857986], [127.036530935, 37.705863492], [127.036538866, 37.705869175], [127.036546485, 37.705875094], [127.036553553, 37.705881153], [127.036560306, 37.705887442], [127.036566806, 37.705893906], [127.036573089, 37.705900501], [127.036579169, 37.705907199], [127.036585032, 37.705913981], [127.036590642, 37.705920838], [127.036595928, 37.705927772], [127.036600787, 37.705934787], [127.036605074, 37.705941903], [127.036608591, 37.705949144], [127.036611077, 37.705956548], [127.036657313, 37.705959677], [127.036684672, 37.705963114], [127.036712011, 37.705967023], [127.036724226, 37.705969069], [127.036734863, 37.705971157], [127.036745047, 37.705973498], [127.036755649, 37.705976349], [127.036766134, 37.705979508], [127.036776538, 37.705982879], [127.036786885, 37.705986399], [127.036807474, 37.705993709], [127.036848431, 37.706008863], [127.036878916, 37.706020626], [127.036898974, 37.706028868], [127.036908857, 37.706033207], [127.036927754, 37.706042181], [127.036946348, 37.706051609], [127.036992405, 37.706075702], [127.037010911, 37.70608495], [127.037020243, 37.706089298], [127.037029659, 37.706093346], [127.037039193, 37.706096968], [127.03704889, 37.706099998], [127.037058811, 37.706102218], [127.03706836, 37.706103401], [127.037078107, 37.706103859], [127.037088006, 37.706103769], [127.037098018, 37.706103274], [127.037108114, 37.706102477], [127.037128465, 37.706100257], [127.037148917, 37.706097456], [127.037169346, 37.706094135], [127.037190582, 37.706090026], [127.037211587, 37.706085442], [127.037221945, 37.706082995], [127.037232147, 37.706080423], [127.037242126, 37.706077689], [127.037251781, 37.706074735], [127.037260978, 37.706071475], [127.037269532, 37.706067791], [127.037277203, 37.706063527], [127.037283674, 37.706058475], [127.037288823, 37.706052272], [127.037292709, 37.706045241], [127.037295674, 37.706037608], [127.037297977, 37.706029543], [127.037299806, 37.706021176], [127.037301298, 37.706012603], [127.037303593, 37.705995116], [127.037305169, 37.705977483], [127.037305644, 37.705968701], [127.037305824, 37.705959988], [127.037305599, 37.705951379], [127.037304809, 37.70594292], [127.037303243, 37.705934668], [127.037300617, 37.705926694], [127.0372968, 37.705919206], [127.037291994, 37.705911977], [127.037286504, 37.705904929], [127.037280585, 37.705897996], [127.037268314, 37.705884247], [127.037262357, 37.705877324], [127.037256797, 37.705870293], [127.037251871, 37.705863089], [127.037247867, 37.705855631], [127.037244979, 37.705847752], [127.037243064, 37.705839602]]}, "properties": {"vcursId": "121500V006", "name": "망월사,포대,회룡코스", "distanceKm": "5.5", "durationH": "02", "durationM": "20", "difficulty": "하", "section": "원도봉탐방지원센터-덕제샘-망월사-포대능선-회룡사거리-회룡사"}}, {"type": "Feature", "geometry": {"type": "LineString", "coordinates": [[127.01519, 37.69874], [127.01518, 37.69875], [127.01528, 37.69869], [127.01528, 37.69869], [127.01528, 37.69873], [127.0153, 37.69876], [127.01532, 37.69876], [127.01539, 37.69864], [127.01536, 37.6987], [127.01542, 37.6985], [127.0155, 37.69842], [127.01561, 37.69827], [127.01571, 37.69811], [127.01571, 37.69813], [127.01569, 37.69814], [127.01579, 37.69802], [127.01587, 37.69786], [127.01595, 37.69779], [127.01603, 37.69776], [127.01612, 37.69759], [127.01604, 37.69745], [127.01612, 37.69735], [127.0162, 37.69718], [127.01627, 37.69713], [127.01636, 37.69698], [127.01636, 37.69705], [127.01632, 37.69683], [127.01632, 37.69679], [127.01632, 37.69686], [127.01633, 37.69666], [127.01632, 37.69671], [127.01639, 37.69655], [127.0164, 37.6966], [127.01646, 37.69641], [127.01648, 37.69621], [127.01656, 37.69608], [127.01665, 37.69601], [127.01669, 37.69601], [127.01671, 37.69601], [127.01674, 37.69601], [127.01675, 37.69603], [127.01686, 37.69607], [127.01693, 37.69609], [127.01695, 37.6961], [127.01703, 37.69608], [127.01706, 37.69609], [127.01709, 37.6961], [127.01717, 37.69605], [127.01728, 37.69604], [127.0173, 37.69604], [127.01735, 37.69604], [127.01739, 37.69605], [127.01747, 37.69603], [127.01755, 37.69603], [127.01759, 37.69604], [127.01766, 37.69604], [127.01773, 37.69606], [127.01779, 37.69607], [127.01785, 37.69607], [127.01789, 37.69608], [127.01794, 37.69608], [127.01797, 37.69609], [127.01808, 37.6961], [127.01814, 37.69612], [127.01821, 37.69613], [127.01822, 37.69615], [127.01827, 37.69616], [127.01831, 37.69617], [127.01832, 37.69618], [127.01838, 37.69619], [127.01842, 37.69622], [127.01845, 37.69622], [127.01848, 37.69622], [127.01856, 37.69622], [127.01858, 37.69624], [127.01863, 37.69625], [127.01867, 37.69625], [127.01873, 37.69628], [127.01875, 37.6963], [127.01877, 37.69632], [127.0188, 37.69633], [127.01884, 37.69633], [127.01884, 37.69634], [127.01887, 37.69635], [127.01889, 37.69636], [127.01891, 37.69636], [127.01895, 37.69638], [127.01896, 37.6964], [127.01896, 37.69642], [127.01898, 37.69644], [127.01901, 37.69645], [127.01903, 37.69646], [127.01904, 37.69647], [127.01906, 37.6965], [127.01908, 37.69646], [127.01913, 37.69649], [127.01914, 37.6965], [127.01918, 37.69652], [127.01919, 37.69653], [127.01923, 37.69654], [127.01925, 37.69654], [127.01927, 37.69654], [127.01929, 37.69654], [127.01932, 37.69657], [127.01938, 37.69658], [127.01943, 37.6966], [127.01944, 37.6966], [127.01947, 37.6966], [127.0195, 37.69662], [127.01952, 37.69665], [127.01954, 37.6967], [127.01962, 37.69664], [127.01964, 37.69667], [127.01971, 37.69672], [127.01974, 37.69673], [127.01981, 37.69673], [127.01984, 37.69674], [127.01985, 37.69674], [127.01988, 37.69676], [127.01989, 37.69679], [127.01991, 37.69681], [127.01996, 37.69683], [127.02004, 37.69682], [127.0201, 37.69686], [127.02017, 37.69688], [127.02013, 37.69689], [127.02023, 37.69688], [127.02028, 37.69691], [127.0203, 37.69692], [127.02033, 37.69694], [127.02037, 37.69696], [127.02038, 37.69697], [127.02047, 37.69686], [127.02054, 37.69677], [127.02062, 37.69669], [127.0207, 37.69655], [127.02078, 37.69637], [127.02086, 37.69623], [127.02095, 37.69612], [127.02102, 37.69607], [127.02112, 37.69605], [127.0212, 37.69603], [127.0213, 37.6959], [127.02135, 37.6959], [127.02142, 37.6959], [127.02149, 37.6959], [127.02156, 37.69585], [127.02159, 37.69567], [127.02167, 37.69554], [127.02175, 37.69548], [127.02182, 37.69534], [127.02189, 37.69517], [127.0219, 37.69498], [127.02194, 37.69479], [127.02201, 37.69463], [127.02209, 37.69456], [127.02217, 37.69452], [127.02226, 37.69438], [127.02236, 37.69433], [127.02245, 37.69427], [127.02253, 37.69424], [127.02261, 37.69422], [127.0227, 37.69413], [127.02272, 37.69413], [127.02278, 37.69394], [127.02285, 37.69378], [127.02282, 37.6936], [127.022858139, 37.693591098], [127.022863903, 37.693587363], [127.022887695, 37.693570172], [127.022894165, 37.693565739], [127.022900821, 37.693561502], [127.022907727, 37.693557555], [127.022913707, 37.693554554], [127.022919879, 37.69355179], [127.022926209, 37.693549235], [127.022932503, 37.693546921], [127.022964533, 37.69353644], [127.022977004, 37.693531922], [127.022984478, 37.693528759], [127.022991752, 37.693525313], [127.022998827, 37.693521609], [127.023005688, 37.693517651], [127.023011227, 37.693514156], [127.023016665, 37.693510468], [127.023022452, 37.693506174], [127.023028571, 37.693501284], [127.02303634, 37.693494658], [127.023042913, 37.693488726], [127.023049206, 37.693482704], [127.023054994, 37.693476759], [127.023060674, 37.693470395], [127.02306532, 37.693464717], [127.023068802, 37.69346009], [127.023071827, 37.693455449], [127.023073385, 37.693455397], [127.023076658, 37.693454087], [127.023082476, 37.693450738], [127.023088073, 37.693446801], [127.023094205, 37.693441862], [127.023100578, 37.693436055], [127.023106905, 37.693429527], [127.023112935, 37.693422404], [127.023118456, 37.693414916], [127.023123314, 37.693407285], [127.023127369, 37.693399737], [127.023131126, 37.693390951], [127.023136806, 37.693375084], [127.023139781, 37.693368318], [127.023143172, 37.693361651], [127.023146944, 37.693355092], [127.023151085, 37.693348656], [127.023155751, 37.693342116], [127.023160671, 37.693335668], [127.023189231, 37.693299012], [127.023193994, 37.693293366], [127.023198968, 37.693287865], [127.023204202, 37.693282553], [127.023209762, 37.693277481], [127.023216724, 37.693271932], [127.023224159, 37.693266764], [127.023232016, 37.693261966], [127.023240295, 37.693257514], [127.023248869, 37.693253343], [127.023257647, 37.693249366], [127.023294694, 37.693233593], [127.023303978, 37.693229507], [127.02331312, 37.693225272], [127.023322048, 37.693220817], [127.023330679, 37.693216056], [127.023338128, 37.693211455], [127.023345332, 37.693206606], [127.02335927, 37.693196453], [127.023367172, 37.693190404], [127.023374877, 37.693184225], [127.023382267, 37.69317785], [127.023389189, 37.693171194], [127.023395498, 37.693164223], [127.023401347, 37.693156985], [127.023406054, 37.693150686], [127.023410505, 37.693144269], [127.023414643, 37.693137726], [127.023418392, 37.693131044], [127.023422199, 37.693123011], [127.023425401, 37.693114802], [127.023428019, 37.693106452], [127.023429982, 37.693098336], [127.023431454, 37.693090144], [127.023432474, 37.693081902], [127.023433582, 37.693066069], [127.023434802, 37.693052302], [127.023436391, 37.693039407], [127.023438401, 37.693027444], [127.023440075, 37.693019954], [127.023442077, 37.693012528], [127.023444401, 37.693005179], [127.023447063, 37.692997923], [127.023450104, 37.692990786], [127.023453587, 37.692983797], [127.023458016, 37.692976256], [127.0234629, 37.692968884], [127.023473412, 37.69295445], [127.023483489, 37.692941398], [127.023488787, 37.692935069], [127.023494392, 37.692928962], [127.023500703, 37.692922803], [127.023513728, 37.692910799], [127.023519941, 37.692904617], [127.023526065, 37.692897695], [127.023548413, 37.692869835], [127.023577528, 37.692835507], [127.023588871, 37.692821629], [127.023594168, 37.692814715], [127.023599206, 37.692807694], [127.023603727, 37.692800857], [127.023608015, 37.692793927], [127.023616094, 37.692779968], [127.023619869, 37.692772945], [127.023623373, 37.692765842], [127.023626949, 37.692757605], [127.023630108, 37.692749255], [127.023632894, 37.692740815], [127.023634884, 37.692733927], [127.023636637, 37.692726998], [127.023638141, 37.692720031], [127.023639373, 37.692713029], [127.023640448, 37.692704868], [127.023642728, 37.69268107], [127.023644358, 37.692666299], [127.023646529, 37.692651546], [127.02364802, 37.692644255], [127.023649936, 37.692637051], [127.023652427, 37.692629812], [127.02365538, 37.692622666], [127.023658691, 37.692615594], [127.023662281, 37.692608579], [127.023666572, 37.69260075], [127.023675729, 37.69258524], [127.023685566, 37.692569755], [127.02369079, 37.692562041], [127.023696261, 37.692554455], [127.023702072, 37.69254705], [127.023707495, 37.692540763], [127.023713221, 37.692534649], [127.023719216, 37.692528704], [127.023740282, 37.692509259], [127.023746505, 37.692502998], [127.023752405, 37.692496547], [127.023757946, 37.692489907], [127.023762216, 37.69248428], [127.023766213, 37.692478534], [127.023769934, 37.692472679], [127.023773774, 37.692465982], [127.023777231, 37.692459168], [127.02378026, 37.692452242], [127.02378305, 37.692444476], [127.023785247, 37.692436598], [127.023786817, 37.692428629], [127.023787593, 37.692422196], [127.023787994, 37.692415728], [127.023788077, 37.692409236], [127.023786824, 37.692380042], [127.023786677, 37.692372103], [127.02378697, 37.692342304], [127.023785684, 37.692315058], [127.023785624, 37.692301054], [127.023786011, 37.69228656], [127.023786596, 37.692279339], [127.023787751, 37.692271191], [127.023789379, 37.692263085], [127.023791414, 37.692255027], [127.023793821, 37.692247028], [127.023796597, 37.692239105], [127.023799772, 37.692231279], [127.023803407, 37.692223582], [127.023807779, 37.692215645], [127.023812592, 37.692207841], [127.023817708, 37.692200132], [127.023840283, 37.69216764], [127.023847914, 37.692155406], [127.023851356, 37.692149172], [127.023854518, 37.692142746], [127.023857382, 37.69213623], [127.023859995, 37.69212964], [127.023871137, 37.692098018], [127.023877483, 37.692081986], [127.023884292, 37.692066426], [127.023905679, 37.692021097], [127.023912307, 37.692005857], [127.02391519, 37.691998558], [127.023920527, 37.691983848], [127.023927878, 37.691961619], [127.023936699, 37.691933051], [127.023948531, 37.691893254], [127.023952554, 37.691879065], [127.023955892, 37.691865801], [127.023957318, 37.691859161], [127.023958526, 37.691852512], [127.023961928, 37.691828231], [127.023963573, 37.691819921], [127.023965599, 37.691811638], [127.023967926, 37.69180338], [127.023970502, 37.691795147], [127.023976268, 37.691778775], [127.023979441, 37.691770651], [127.023982827, 37.691762584], [127.023986462, 37.691754591], [127.023990402, 37.691746697], [127.023994089, 37.691739943], [127.024005635, 37.691719872], [127.024012889, 37.691706391], [127.024016251, 37.691699566], [127.024019782, 37.691691745], [127.024023036, 37.691683845], [127.024026038, 37.691675882], [127.024028794, 37.691667863], [127.024031179, 37.691660243], [127.02403975, 37.691629354], [127.024042084, 37.691621482], [127.024044777, 37.691613703], [127.024047837, 37.691606354], [127.024051302, 37.691599102], [127.024055079, 37.691591925], [127.024059095, 37.691584804], [127.024067609, 37.691570684], [127.02408682, 37.691540207], [127.024091494, 37.691532301], [127.02409564, 37.691524775], [127.024099516, 37.691517166], [127.0241031, 37.691509474], [127.024106348, 37.691501691], [127.024109348, 37.69149346], [127.024112034, 37.691485148], [127.024114506, 37.69147678], [127.024123845, 37.691443141], [127.024128049, 37.69142964], [127.024132741, 37.691416273], [127.024135384, 37.691409487], [127.024138222, 37.691402763], [127.024141293, 37.69139612], [127.024144647, 37.691389573], [127.024148318, 37.691383156], [127.024152271, 37.691376843], [127.024160845, 37.691364485], [127.024176617, 37.691343557], [127.024181593, 37.691336464], [127.02418578, 37.691329907], [127.024189707, 37.691323233], [127.024196991, 37.691309774], [127.024228053, 37.691250216], [127.024235091, 37.691236314], [127.024242036, 37.691221427], [127.024245304, 37.691213466], [127.024248132, 37.691205434], [127.024250224, 37.691198037], [127.024251834, 37.691190579], [127.024252945, 37.691183073], [127.024253576, 37.691175208], [127.024253845, 37.691167311], [127.02425428, 37.691138901], [127.024254318, 37.691130255], [127.024254009, 37.691121628], [127.024253252, 37.691114032], [127.024252092, 37.691106447], [127.024250625, 37.691098875], [127.024247075, 37.69108377], [127.024241983, 37.691064004], [127.024240668, 37.691057972], [127.024239649, 37.691051747], [127.024239148, 37.691044861], [127.024239282, 37.691036665], [127.024240102, 37.691028072], [127.024241545, 37.691019327], [127.024243285, 37.691011671], [127.024245416, 37.691004253], [127.024247884, 37.690997238], [127.024251091, 37.690989728], [127.024254375, 37.690983214], [127.024257452, 37.690977914], [127.024259836, 37.690974307], [127.02426155, 37.69097206], [127.024262361, 37.690971336], [127.024361406, 37.69087017], [127.024363084, 37.690869304], [127.024367412, 37.690866548], [127.024373782, 37.690862107], [127.024381571, 37.69085617], [127.024390021, 37.690849092], [127.024398863, 37.690841086], [127.024407771, 37.690832516], [127.024416438, 37.690823766], [127.02442461, 37.690815161], [127.024431863, 37.690807124], [127.024437968, 37.690799875], [127.024443683, 37.690792687], [127.024449298, 37.690785152], [127.024454661, 37.690777503], [127.024459789, 37.690769755], [127.024464678, 37.690761913], [127.024471827, 37.690749415], [127.024478271, 37.69073669], [127.024481755, 37.690728911], [127.024484964, 37.690721059], [127.024487924, 37.690713146], [127.024490644, 37.690705184], [127.024499315, 37.69067726], [127.024501782, 37.690670358], [127.024504643, 37.690663319], [127.024507791, 37.690656348], [127.024511168, 37.690649433], [127.024514729, 37.690642563], [127.024522448, 37.690628635], [127.024530729, 37.690614516], [127.024548664, 37.690584611], [127.024557703, 37.69056865], [127.024582339, 37.690520233], [127.024585584, 37.690513039], [127.02458857, 37.690505511], [127.02459907, 37.69047505], [127.024601978, 37.690467524], [127.024605151, 37.690460291], [127.024608657, 37.69045317], [127.024612478, 37.690446174], [127.024624334, 37.690426187], [127.024627963, 37.690419164], [127.024631287, 37.690412023], [127.024634241, 37.690405142], [127.024636962, 37.690398194], [127.024639078, 37.690392149], [127.024640938, 37.690386056], [127.024642495, 37.690379915], [127.024643679, 37.690373908], [127.024644589, 37.690367867], [127.024645284, 37.690361805], [127.024646318, 37.690347781], [127.024646637, 37.690336376], [127.024646365, 37.690328743], [127.024644507, 37.690305826], [127.024644438, 37.690298606], [127.024644836, 37.690291402], [127.024645734, 37.690284243], [127.024647192, 37.690277154], [127.024649225, 37.690270187], [127.024659299, 37.690241668], [127.024663877, 37.690226779], [127.024666227, 37.690218144], [127.02467258, 37.69019301], [127.024674723, 37.690185257], [127.024677165, 37.690177595], [127.024680283, 37.690169514], [127.024684026, 37.690161634], [127.024688017, 37.690154693], [127.02469242, 37.690147878], [127.024706325, 37.690127541], [127.024715369, 37.690113789], [127.02471964, 37.69010688], [127.024723792, 37.690099609], [127.024727967, 37.690091252], [127.024731376, 37.690083517], [127.024734635, 37.690075392], [127.024737736, 37.690067094], [127.02474298, 37.690051762], [127.024745169, 37.69004456], [127.024747648, 37.690035302], [127.024749413, 37.69002763], [127.024750348, 37.690022924], [127.024750938, 37.690018805], [127.02475405, 37.690009383], [127.02475622, 37.690003649], [127.02475766, 37.690000652], [127.024760213, 37.689996533], [127.024763498, 37.689992084], [127.024767077, 37.689987237], [127.024785969, 37.68996442], [127.024801121, 37.689944702], [127.024808068, 37.689937914], [127.024819717, 37.6899256], [127.024835999, 37.689907788], [127.024851779, 37.689890114], [127.024858914, 37.689881668], [127.024864704, 37.689874345], [127.024874587, 37.689861206], [127.024879621, 37.689854779], [127.024885015, 37.689848375], [127.024890725, 37.689842192], [127.02489682, 37.689836294], [127.024903392, 37.689830759], [127.024911132, 37.689825232], [127.024919376, 37.689820096], [127.024927969, 37.689815228], [127.02494385, 37.689806939], [127.02497746, 37.689790499], [127.024985884, 37.689785998], [127.024992856, 37.689781864], [127.024999583, 37.689777485], [127.02500606, 37.689772878], [127.025012272, 37.689768047], [127.025019352, 37.689761955], [127.025026029, 37.689755576], [127.025032291, 37.689748928], [127.025037335, 37.689742997], [127.025042088, 37.689736905], [127.025046586, 37.689730683], [127.025050841, 37.689724353], [127.025054729, 37.689718129], [127.025058366, 37.689711818], [127.025061711, 37.689705414], [127.02506471, 37.689698909], [127.025067844, 37.689690844], [127.025070533, 37.689682667], [127.02507292, 37.689674426], [127.025078919, 37.689652212], [127.025081139, 37.689645359], [127.025083804, 37.689638649], [127.025087148, 37.68963196], [127.025091065, 37.689625457], [127.025095479, 37.689619137], [127.025100346, 37.689613002], [127.025105644, 37.689607065], [127.025112526, 37.689600225], [127.025119837, 37.689593605], [127.025147587, 37.689570217], [127.025153651, 37.689564879], [127.0251595, 37.689559423], [127.025165047, 37.689553802], [127.025170787, 37.689547301], [127.025176084, 37.689540585], [127.025180972, 37.689533702], [127.02518546, 37.689526685], [127.025194192, 37.689511471], [127.025198727, 37.689504056], [127.02520386, 37.689496986], [127.025209801, 37.689490484], [127.02521651, 37.689484422], [127.025223828, 37.689478754], [127.025231642, 37.689473461], [127.025239881, 37.689468559], [127.025246356, 37.689465113], [127.025259853, 37.689458345], [127.025266845, 37.689454984], [127.025273997, 37.689451792], [127.025282816, 37.689448295], [127.025291876, 37.689445068], [127.025310091, 37.689439138], [127.025328248, 37.689433566], [127.025347333, 37.689427982], [127.025367369, 37.689422626], [127.025377493, 37.689420272], [127.025385871, 37.68941857], [127.025394309, 37.68941707], [127.025402796, 37.689415764], [127.025411326, 37.68941465], [127.025431264, 37.689412705], [127.025458455, 37.689410475], [127.025467009, 37.689409571], [127.025476732, 37.689408277], [127.025496037, 37.689405048], [127.025512763, 37.689401741], [127.025521051, 37.689399878], [127.02552926, 37.68939782], [127.025539721, 37.689394842], [127.025591133, 37.689378391], [127.025611781, 37.689372163], [127.025622178, 37.689369254], [127.025632643, 37.689366551], [127.025654611, 37.689361362], [127.025667299, 37.689358161], [127.025680433, 37.6893545], [127.025692175, 37.689350839], [127.025703455, 37.689347006], [127.025713927, 37.689343198], [127.02573099, 37.689336484], [127.025736926, 37.689333974], [127.02574203, 37.689331619], [127.025780678, 37.689326376], [127.025790745, 37.689325583], [127.025791697, 37.689325366], [127.025794211, 37.689324396], [127.025799272, 37.689322232], [127.025836065, 37.689305296], [127.025858487, 37.689295266], [127.025879366, 37.689286543], [127.025888637, 37.689282933], [127.025906494, 37.68927649], [127.025933013, 37.689267567], [127.025950056, 37.689262094], [127.025988398, 37.689250189], [127.026013761, 37.689241744], [127.026030376, 37.689235664], [127.026037612, 37.689232721], [127.026065727, 37.689220217], [127.026072904, 37.689217423], [127.026081553, 37.689214715], [127.026090509, 37.689212514], [127.026099703, 37.689210715], [127.026107981, 37.689209389], [127.026177834, 37.68920011], [127.026231801, 37.689193765], [127.026241823, 37.689192328], [127.026251762, 37.689190628], [127.026262146, 37.689188482], [127.026272451, 37.689186057], [127.026323935, 37.689172967], [127.026354742, 37.689165669], [127.026406621, 37.689153956], [127.026427806, 37.689149356], [127.026438434, 37.689147176], [127.026476619, 37.689139807], [127.0264861, 37.689137827], [127.026495492, 37.689135693], [127.026504804, 37.68913338], [127.026514021, 37.689130877], [127.026523121, 37.689128151], [127.026532074, 37.689125156], [127.026540279, 37.689122085], [127.026548356, 37.689118791], [127.026564229, 37.689111735], [127.026582856, 37.68910272], [127.026591964, 37.689097971], [127.026600873, 37.689093014], [127.026608856, 37.689088226], [127.026616618, 37.689083234], [127.02662415, 37.689078046], [127.026631425, 37.689072659], [127.026657266, 37.68905177], [127.026664687, 37.689046253], [127.026679765, 37.689035444], [127.02668713, 37.689029895], [127.02669467, 37.68902375], [127.026709436, 37.689011176], [127.026717046, 37.68900507], [127.026725023, 37.688999291], [127.02673337, 37.688993855], [127.026742059, 37.688988783], [127.026751086, 37.688984127], [127.026758564, 37.688980747], [127.026766258, 37.688977691], [127.026774155, 37.688974981], [127.026783652, 37.688972249], [127.026793338, 37.688969851], [127.026822062, 37.688963478], [127.026843764, 37.688959137], [127.026852899, 37.688957624], [127.026889483, 37.688952026], [127.026908131, 37.68894881], [127.026926887, 37.688945219], [127.026936296, 37.688943234], [127.026945603, 37.688941084], [127.026954319, 37.688938833], [127.026962863, 37.688936309], [127.026971183, 37.688933422], [127.026979892, 37.688929803], [127.026988313, 37.688925741], [127.026996483, 37.688921317], [127.027004419, 37.688916586], [127.027012121, 37.688911579], [127.027019571, 37.688906306], [127.027026594, 37.688900901], [127.02703341, 37.688895301], [127.027040071, 37.688889562], [127.027053053, 37.68887786], [127.027065701, 37.688866006], [127.027083377, 37.688849015], [127.027089266, 37.688843666], [127.027095413, 37.688838533], [127.027102555, 37.688833218], [127.027110048, 37.688828185], [127.027117802, 37.688823359], [127.027132827, 37.688814651], [127.027147205, 37.688806768], [127.027170155, 37.688794653], [127.027185668, 37.68878622], [127.027199802, 37.688777929], [127.027221571, 37.688764805], [127.02726759, 37.688737648], [127.027279102, 37.688730674], [127.027292786, 37.688721943], [127.027328243, 37.688697752], [127.027335935, 37.688692796], [127.027343831, 37.688688058], [127.027350854, 37.688684197], [127.027365366, 37.688676972], [127.027377618, 37.688671343], [127.027408114, 37.68865772], [127.027425509, 37.688649511], [127.027434028, 37.688645228], [127.027442375, 37.688640783], [127.02745852, 37.688631409], [127.027474891, 37.688621457], [127.027483142, 37.688616166], [127.027490984, 37.688610574], [127.027497874, 37.688604923], [127.02751773, 37.688587114], [127.027524671, 37.688581537], [127.027531938, 37.688576161], [127.027539466, 37.688570956], [127.027547204, 37.688565902], [127.027554666, 37.688561271], [127.027562286, 37.688556792], [127.027570079, 37.6885525], [127.027578071, 37.688548444], [127.027585771, 37.688544893], [127.02759364, 37.688541577], [127.02760165, 37.68853848], [127.02760978, 37.688535598], [127.027618457, 37.688532804], [127.027627236, 37.68853028], [127.027636108, 37.688528064], [127.027644827, 37.688526213], [127.027662206, 37.688522844], [127.027670447, 37.688521055], [127.027678452, 37.688519013], [127.027686119, 37.68851661], [127.027695145, 37.688512911], [127.027703216, 37.688508421], [127.027710032, 37.688503054], [127.027715118, 37.688497008], [127.027718886, 37.688490242], [127.027721455, 37.68848294], [127.027722715, 37.688476766], [127.027723458, 37.688470391], [127.02772468, 37.688448923], [127.027725297, 37.688441349], [127.027727237, 37.688427354], [127.027731243, 37.688403431], [127.027732639, 37.688392347], [127.027733649, 37.688381603], [127.027734292, 37.688370703], [127.02773467, 37.688344774], [127.02773473, 37.688340688], [127.027734967, 37.688334065], [127.02773565, 37.688325711], [127.027736011, 37.6883246], [127.027732567, 37.688315232], [127.027730929, 37.688310051], [127.027729775, 37.688305153], [127.027729471, 37.68830097], [127.027729745, 37.688296783], [127.027730974, 37.688288371], [127.027735778, 37.688260948], [127.027737687, 37.688252704], [127.027739182, 37.688248819], [127.027740217, 37.688247002], [127.027741548, 37.688245265], [127.027744844, 37.688242067], [127.027751435, 37.688237165], [127.02776771, 37.688226551], [127.027795417, 37.688204915], [127.027801382, 37.688200968], [127.02781675, 37.688191508], [127.027840164, 37.688175548], [127.027850158, 37.688169134], [127.027862619, 37.688161882], [127.027921222, 37.688128495], [127.02792949, 37.688099056], [127.027934064, 37.688084778], [127.027937762, 37.688074116], [127.027939829, 37.688069154], [127.027942562, 37.688064069], [127.027944256, 37.688061465], [127.027948024, 37.688056412], [127.027952222, 37.688051562], [127.027954491, 37.688049232], [127.027959742, 37.688044474], [127.027965326, 37.688039921], [127.027973979, 37.688033265], [127.028026505, 37.687993785], [127.02805017, 37.687972205], [127.028069831, 37.687954275], [127.028099782, 37.687925855], [127.028099971, 37.687925675], [127.02810609, 37.687920067], [127.028109296, 37.687917433], [127.02811269, 37.687914984], [127.028117029, 37.687912376], [127.02812165, 37.687910031], [127.028126479, 37.687907878], [127.028136544, 37.687903944], [127.028146914, 37.687900273], [127.028168284, 37.687893065], [127.028179105, 37.687889612], [127.028189943, 37.687886512], [127.028195362, 37.687885155], [127.028200803, 37.687883947], [127.02820626, 37.687882928], [127.028211734, 37.687882165], [127.028217537, 37.687881803], [127.028223988, 37.687882025], [127.028230952, 37.687882736], [127.028238145, 37.687883806], [127.0282521, 37.687886522], [127.028271375, 37.68789108], [127.028272597, 37.687890931], [127.028281211, 37.687888851], [127.028307824, 37.687881906], [127.02831888, 37.687879165], [127.028330912, 37.687876376], [127.028343146, 37.687873744], [127.028355185, 37.687871349], [127.02836663, 37.687869265], [127.028377879, 37.687867451], [127.028388045, 37.687866079], [127.028398199, 37.68786495], [127.02840839, 37.687864121], [127.028419266, 37.68786362], [127.028430178, 37.687863432], [127.02845207, 37.68786366], [127.028492361, 37.687864851], [127.028512858, 37.687865152], [127.028533685, 37.687865027], [127.02855512, 37.687864511], [127.028588134, 37.687863123], [127.028608653, 37.687861894], [127.028618865, 37.687861056], [127.028629028, 37.687859974], [127.028638003, 37.687858759], [127.028646939, 37.687857341], [127.028655847, 37.687855772], [127.028673614, 37.687852346], [127.028735148, 37.687839757], [127.028753009, 37.687835926], [127.028761874, 37.687833845], [127.028771686, 37.687831333], [127.028791109, 37.687825807], [127.028812277, 37.687819139], [127.028880796, 37.687795996], [127.028899386, 37.687789997], [127.028922572, 37.687786704], [127.028936061, 37.687784542], [127.028946948, 37.687782261], [127.028957785, 37.687779414], [127.029029455, 37.687758733], [127.029047445, 37.687753336], [127.029060262, 37.687748717], [127.02906817, 37.687745489], [127.029078882, 37.687740822], [127.029092521, 37.687736245], [127.029121695, 37.687727405], [127.029155324, 37.687717858], [127.02921565, 37.687701386], [127.029235532, 37.68769583], [127.029261815, 37.687688105], [127.029269427, 37.687685697], [127.029279822, 37.68768213], [127.029286552, 37.687679482], [127.029290293, 37.687677451], [127.029291955, 37.687676773], [127.02931573, 37.687668704], [127.029330088, 37.687663493], [127.029337663, 37.687660563], [127.029348667, 37.687656], [127.029353153, 37.68765414], [127.02936123, 37.687650518], [127.029369277, 37.687646708], [127.029377261, 37.687642719], [127.029385144, 37.687638546], [127.029392651, 37.68763434], [127.029422653, 37.687616839], [127.02943841, 37.687608286], [127.029446421, 37.687604264], [127.029454377, 37.687600555], [127.029462463, 37.687597133], [127.029470705, 37.687594076], [127.02947914, 37.687591483], [127.029488062, 37.687589379], [127.029497181, 37.68758777], [127.029506446, 37.68758655], [127.029515822, 37.687585646], [127.029525662, 37.687584986], [127.029535561, 37.687584587], [127.029545496, 37.687584449], [127.029555449, 37.687584595], [127.029566257, 37.687585099], [127.029577062, 37.687585901], [127.029587854, 37.687586935], [127.02959863, 37.687588162], [127.029620094, 37.687591136], [127.029630761, 37.687592906], [127.029649297, 37.6875965], [127.029676454, 37.687602603], [127.029728087, 37.687615258], [127.029789096, 37.687630912], [127.029811184, 37.687636425], [127.029828022, 37.687640424], [127.029838694, 37.687642682], [127.029891122, 37.687653566], [127.029900822, 37.687655897], [127.02991016, 37.687658689], [127.02992526, 37.687664066], [127.029940136, 37.687669846], [127.029951922, 37.687675076], [127.02996945, 37.687683511], [127.029980528, 37.68768862], [127.029991641, 37.687693282], [127.029998477, 37.687695658], [127.030039538, 37.687712104], [127.030050002, 37.687716673], [127.030076693, 37.687729194], [127.030086244, 37.687733332], [127.030096462, 37.68773741], [127.030106814, 37.687741273], [127.030117297, 37.687744901], [127.030152124, 37.68775562], [127.030161934, 37.687758918], [127.030176167, 37.687764466], [127.030204258, 37.687776215], [127.030215119, 37.687780269], [127.030234859, 37.687787145], [127.030246767, 37.687791466], [127.030254849, 37.687794802], [127.030257665, 37.687796306], [127.030259132, 37.687797003], [127.030261439, 37.687797818], [127.030268403, 37.687799955], [127.030286128, 37.68780475], [127.030432654, 37.687840569], [127.030434517, 37.68784042], [127.030439343, 37.687840947], [127.030446623, 37.687842147], [127.030455826, 37.687844072], [127.030465881, 37.687846598], [127.030476819, 37.687849662], [127.03049995, 37.687856473], [127.030511478, 37.687859688], [127.030520578, 37.687861959], [127.030529184, 37.687863748], [127.030537285, 37.687864982], [127.030545005, 37.687865823], [127.030642553, 37.687874787], [127.030653335, 37.687876019], [127.030664057, 37.687877495], [127.030673137, 37.687878997], [127.030682176, 37.687880678], [127.030727596, 37.687889791], [127.030799535, 37.687903445], [127.030845734, 37.687911833], [127.030882989, 37.687918795], [127.030901693, 37.68792204], [127.030929835, 37.687926653], [127.030949132, 37.687930105], [127.030968888, 37.687934157], [127.030978691, 37.687936397], [127.030988448, 37.6879388], [127.031010409, 37.687944723], [127.031036431, 37.687952133], [127.031062486, 37.687959915], [127.031073776, 37.687963534], [127.031082473, 37.687966501], [127.031089162, 37.687968916], [127.031094928, 37.687971212], [127.031115707, 37.687978866], [127.031132657, 37.68798479], [127.031151394, 37.687990834], [127.031192087, 37.68800356], [127.031205547, 37.688007948], [127.031214359, 37.688011093], [127.031218669, 37.688012796], [127.031222879, 37.688014633], [127.031226868, 37.688016585], [127.031234573, 37.688020854], [127.031242031, 37.688025435], [127.031249294, 37.688030229], [127.031256316, 37.688035238], [127.031259691, 37.688037853], [127.031265978, 37.688043244], [127.031280896, 37.688057033], [127.031288698, 37.688063891], [127.031294645, 37.688068504], [127.031296858, 37.688070057], [127.031298956, 37.688071286], [127.031305842, 37.688074327], [127.031321631, 37.68808083], [127.031340793, 37.688088089], [127.031351446, 37.688091765], [127.031363339, 37.688095521], [127.031375224, 37.688098976], [127.031397244, 37.688104835], [127.031428752, 37.688112849], [127.031482947, 37.688126224], [127.03150962, 37.688132997], [127.031527316, 37.688137719], [127.031573005, 37.688150465], [127.031592373, 37.688155535], [127.031611836, 37.688160363], [127.031639001, 37.688166721], [127.031656475, 37.688170493], [127.031665246, 37.688172243], [127.031700438, 37.688178673], [127.031709187, 37.688180396], [127.031746433, 37.688188639], [127.031755795, 37.688190522], [127.031764881, 37.688192115], [127.031774028, 37.688193498], [127.031783223, 37.688194689], [127.031792459, 37.688195694], [127.03180173, 37.688196505], [127.031812322, 37.688197184], [127.031822943, 37.688197642], [127.031833583, 37.688197912], [127.031854894, 37.688197941], [127.031875359, 37.688197315], [127.031885579, 37.688196765], [127.031895782, 37.688196046], [127.031906207, 37.688195123], [127.031927002, 37.688192892], [127.031958885, 37.688189186], [127.03196964, 37.688188112], [127.031980407, 37.688187263], [127.031991003, 37.688186709], [127.032032105, 37.688185584], [127.032041421, 37.688185102], [127.032050629, 37.688184303], [127.032059695, 37.688183043], [127.032067612, 37.688181427], [127.032075386, 37.688179377], [127.032083012, 37.688176935], [127.032090484, 37.688174133], [127.032099722, 37.688170111], [127.032108771, 37.688165694], [127.032117705, 37.68816102], [127.032143616, 37.688146976], [127.032160123, 37.688138516], [127.032168541, 37.688134518], [127.032176567, 37.688130965], [127.032184713, 37.688127614], [127.032192972, 37.688124473], [127.032201347, 37.68812157], [127.032209847, 37.688118942], [127.032217076, 37.688116981], [127.032224389, 37.688115238], [127.032231777, 37.688113703], [127.032240075, 37.688112228], [127.032248432, 37.688110942], [127.032273738, 37.688107648], [127.032290763, 37.688105855], [127.032299303, 37.688105257], [127.032308021, 37.688104941], [127.032316764, 37.688104861], [127.032343507, 37.688105274], [127.032364573, 37.688105873], [127.032387372, 37.688106875], [127.032430572, 37.6881091], [127.032444866, 37.688109544], [127.032446875, 37.688109454], [127.032518107, 37.688099268], [127.032538634, 37.688096334], [127.032571855, 37.688095247], [127.03259927, 37.688092717], [127.032610864, 37.688091468], [127.032623378, 37.68808991], [127.032636314, 37.688088005], [127.032649166, 37.688085711], [127.032660752, 37.688083175], [127.032671437, 37.688080355], [127.032680842, 37.688077356], [127.032689206, 37.688074179], [127.032697343, 37.688070678], [127.032705609, 37.688066643], [127.032713649, 37.68806229], [127.032721498, 37.688057686], [127.032729175, 37.688052868], [127.032736685, 37.688047859], [127.032751798, 37.688036957], [127.032796158, 37.688002858], [127.032818368, 37.687986215], [127.032825726, 37.687980959], [127.032833218, 37.687975875], [127.032840911, 37.687971038], [127.032848879, 37.687966539], [127.032856997, 37.687962536], [127.032865392, 37.687958867], [127.032873999, 37.687955461], [127.032882772, 37.687952262], [127.032891672, 37.687949229], [127.0329109, 37.687943174], [127.032971383, 37.687924895], [127.032992332, 37.687918726], [127.033002877, 37.687915841], [127.033008362, 37.687914466], [127.0330135, 37.687913179], [127.033022501, 37.687911167], [127.033031568, 37.687909346], [127.033049857, 37.687906199], [127.033068438, 37.687903671], [127.03308726, 37.687901606], [127.033138109, 37.687896442], [127.033168768, 37.687893609], [127.033196753, 37.687891507], [127.033235762, 37.687888896], [127.033255552, 37.687887774], [127.033285539, 37.687886392], [127.0333055, 37.687885289], [127.033357278, 37.68788114], [127.03337628, 37.687879967], [127.033395296, 37.687879196], [127.033404802, 37.687878977], [127.033435325, 37.687878763], [127.03344547, 37.687878592], [127.033455595, 37.687878222], [127.033464589, 37.687877673], [127.033501513, 37.687874815], [127.03352148, 37.687873709], [127.033570617, 37.687871343], [127.033590001, 37.687870142], [127.033609858, 37.687868565], [127.03362965, 37.687866756], [127.033648572, 37.687864853], [127.033657975, 37.687863764], [127.033667319, 37.68786252], [127.033676586, 37.687861064], [127.03371086, 37.687854534], [127.033720845, 37.687853037], [127.033730903, 37.687851893], [127.033741016, 37.687851128], [127.033751166, 37.687850791], [127.03376128, 37.687850916], [127.033771413, 37.687851409], [127.033791715, 37.687853094], [127.033832375, 37.687857148], [127.033842539, 37.687857907], [127.033852698, 37.687858407], [127.033862852, 37.687858546], [127.033871603, 37.687858309], [127.033880351, 37.687857794], [127.033889099, 37.68785707], [127.033906927, 37.687855182], [127.033962353, 37.687848267], [127.034000417, 37.687844161], [127.034019456, 37.687841854], [127.034038381, 37.687839049], [127.034047794, 37.687837469], [127.034075154, 37.687832479], [127.034093314, 37.687829507], [127.034163767, 37.687819341], [127.034184611, 37.687816892], [127.034203692, 37.687815217], [127.034212324, 37.687814637], [127.034229622, 37.687813758], [127.034247214, 37.687813203], [127.034264827, 37.687812842], [127.034286624, 37.687812516], [127.034308423, 37.687812397], [127.034328419, 37.687812606], [127.034348389, 37.687813141], [127.034369866, 37.687814178], [127.034380559, 37.687814938], [127.034391204, 37.687815918], [127.03440189, 37.687817186], [127.034412501, 37.687818732], [127.034423018, 37.687820564], [127.03443342, 37.687822714], [127.034443673, 37.687825239], [127.034452931, 37.687827925], [127.034462077, 37.687830878], [127.034497459, 37.687843113], [127.034506344, 37.687845926], [127.034514813, 37.687848367], [127.034523367, 37.687850631], [127.034540658, 37.687854785], [127.034567324, 37.687860542], [127.034585395, 37.687864018], [127.034603987, 37.687867041], [127.034623092, 37.687869624], [127.034662709, 37.687874464], [127.034742934, 37.687883744], [127.034762816, 37.687886424], [127.034804346, 37.687892874], [127.034826777, 37.687895681], [127.034839776, 37.687896975], [127.034868513, 37.687899341], [127.034882941, 37.687900302], [127.034896675, 37.687901017], [127.034909099, 37.687901421], [127.034918925, 37.687901513], [127.034926575, 37.687901416], [127.034933306, 37.687901047], [127.034963066, 37.687899318], [127.034969856, 37.687898615], [127.034974432, 37.687897857], [127.034985954, 37.6878951], [127.035050026, 37.687877883], [127.035065054, 37.687867142], [127.035076318, 37.687858527], [127.035082, 37.687853875], [127.035087362, 37.687849196], [127.035092137, 37.687844643], [127.035096053, 37.687840365], [127.035099093, 37.687836303], [127.0351016, 37.687832164], [127.035103728, 37.687827873], [127.035105543, 37.687823471], [127.035107085, 37.687818982], [127.035108367, 37.687814429], [127.035109378, 37.687809819], [127.035110161, 37.687804706], [127.035110655, 37.687799555], [127.035110944, 37.687789196], [127.035110757, 37.687784009], [127.035110321, 37.687778828], [127.035109688, 37.687774102], [127.035104303, 37.68774581], [127.035102974, 37.687735252], [127.035102268, 37.687724673], [127.035102162, 37.687719387], [127.035102265, 37.687714112], [127.035102635, 37.687708853], [127.035103268, 37.687703978], [127.035104145, 37.687699122], [127.035106446, 37.687689464], [127.03510944, 37.687679716], [127.035111571, 37.687674166], [127.035114175, 37.68766822], [127.035117225, 37.687661999], [127.035120495, 37.687655857], [127.03512065, 37.687655591], [127.0351269, 37.687644727], [127.035133717, 37.687633577], [127.035150384, 37.687612462], [127.035167881, 37.687589881], [127.035205605, 37.68754032], [127.035229162, 37.687509056], [127.035239082, 37.687495592], [127.035245444, 37.687486534], [127.035251333, 37.687477321], [127.035253968, 37.687472616], [127.035256361, 37.687467722], [127.035258504, 37.687462749], [127.035262241, 37.687452641], [127.035265425, 37.68744228], [127.035266792, 37.687436268], [127.035267901, 37.68742966], [127.035268646, 37.687422756], [127.035268933, 37.687415857], [127.035268923, 37.687415488], [127.035268755, 37.687409568], [127.035268264, 37.687403823], [127.035267616, 37.687398891], [127.035266244, 37.687391652], [127.035264896, 37.687386717], [127.035262368, 37.687373752], [127.035261049, 37.687364728], [127.035259929, 37.687354693], [127.035259121, 37.68734406], [127.035258727, 37.687333245], [127.035258796, 37.687323246], [127.035259203, 37.687313795], [127.035261111, 37.68728892], [127.035262042, 37.687271717], [127.035262985, 37.687245561], [127.03526446, 37.687193761], [127.035265373, 37.687176219], [127.035266068, 37.687167468], [127.035267008, 37.687158738], [127.035268944, 37.68714596], [127.035269174, 37.68714444], [127.035271832, 37.687130191], [127.035276197, 37.687109015], [127.035279629, 37.687095064], [127.035281696, 37.687088167], [127.035284656, 37.68707987], [127.03528807, 37.687071684], [127.035291903, 37.687063611], [127.035296159, 37.687055667], [127.035300218, 37.687048872], [127.035304543, 37.687042167], [127.035314933, 37.68702738], [127.035334261, 37.687001634], [127.035347014, 37.686985456], [127.035352701, 37.686978563], [127.035357458, 37.686973009], [127.035364546, 37.686965153], [127.035379374, 37.686894739], [127.035391891, 37.686835296], [127.035397565, 37.686809359], [127.035401671, 37.686792133], [127.035403916, 37.686783561], [127.035406356, 37.686775029], [127.035409065, 37.686766553], [127.03541213, 37.68675806], [127.035418987, 37.686741227], [127.035426401, 37.686724507], [127.035438003, 37.686699535], [127.035445955, 37.686682968], [127.035454192, 37.686666551], [127.035458504, 37.686658448], [127.035463024, 37.686650461], [127.035467841, 37.686642638], [127.035472293, 37.686636175], [127.035473074, 37.686635043], [127.03547888, 37.686627764], [127.03548534, 37.686620919], [127.035492371, 37.686614388], [127.035499819, 37.686608088], [127.035507569, 37.686601953], [127.035508969, 37.686600894], [127.03551553, 37.686595935], [127.035540126, 37.686578275], [127.035623664, 37.686520218], [127.035708153, 37.686462639], [127.035711056, 37.686459417], [127.035714257, 37.686455865], [127.035718726, 37.686451222], [127.035720633, 37.68644924], [127.035733991, 37.686436349], [127.035748434, 37.686423394], [127.035769466, 37.686405042], [127.035775933, 37.686399534], [127.035782551, 37.686394175], [127.035789427, 37.686389049], [127.035796817, 37.686384109], [127.03580451, 37.686379437], [127.035812436, 37.686374975], [127.035820541, 37.686370676], [127.035829991, 37.686365916], [127.035839575, 37.686361291], [127.035859016, 37.686352354], [127.035878571, 37.686343895], [127.035888376, 37.686339906], [127.035898272, 37.686336123], [127.035908292, 37.686332618], [127.035918471, 37.686329488], [127.035928144, 37.68632699], [127.035937909, 37.686324894], [127.035967454, 37.686319477], [127.035977165, 37.686317453], [127.035986683, 37.686315048], [127.035993653, 37.686312896], [127.036000461, 37.686310449], [127.036007099, 37.686307721], [127.036015864, 37.686303588], [127.036024338, 37.686299064], [127.036032549, 37.686294236], [127.036040577, 37.686289086], [127.03604823, 37.686283626], [127.036055366, 37.686277767], [127.03606111, 37.686272226], [127.036066412, 37.686266369], [127.036071348, 37.686260262], [127.036075968, 37.686253955], [127.036080223, 37.686247611], [127.036084219, 37.686241133], [127.036087955, 37.686234536], [127.036090963, 37.686228786], [127.036100499, 37.686209889], [127.036108388, 37.686195443], [127.036117012, 37.686181144], [127.036121666, 37.686174092], [127.036126549, 37.686167197], [127.036131706, 37.686160507], [127.036137208, 37.686154086], [127.036143156, 37.686148003], [127.036147137, 37.686144521], [127.036149602, 37.686142365], [127.036156634, 37.686137287], [127.036163677, 37.686133201], [127.036170395, 37.686129933], [127.036177423, 37.686126989], [127.036186556, 37.686123716], [127.036195982, 37.686120768], [127.036234828, 37.686109847], [127.036250897, 37.68610462], [127.036259809, 37.686101407], [127.036282122, 37.686092749], [127.036295007, 37.686087507], [127.036348056, 37.686065468], [127.036446411, 37.686122539], [127.036562386, 37.686189833], [127.036596476, 37.686209615], [127.036701768, 37.686270711], [127.036994652, 37.686380043], [127.037252432, 37.68647627], [127.037473404, 37.686613025], [127.037720475, 37.686674297], [127.03779152, 37.686674275], [127.037905754, 37.686674238], [127.037981456, 37.686674214], [127.038079641, 37.686674182], [127.038121912, 37.686674168], [127.038299509, 37.686747731], [127.038585176, 37.686802855], [127.03877051, 37.68690709], [127.039141112, 37.686986724], [127.039480804, 37.687011152], [127.039781936, 37.687109212], [127.040577158, 37.687219373]]}, "properties": {"vcursId": "121500V007", "name": "신선대코스", "distanceKm": "3.3", "durationH": "01", "durationM": "40", "difficulty": "하", "section": "도봉탐방지원센터-금강암-도봉대피소-석굴암-신선대"}}, {"type": "Feature", "geometry": {"type": "LineString", "coordinates": [[126.99113186, 37.658183812], [126.991100124, 37.658201578], [126.991089098, 37.658207902], [126.991077703, 37.658214603], [126.991066453, 37.658221452], [126.991055865, 37.658228219], [126.991046459, 37.658234679], [126.991038602, 37.658240694], [126.991031438, 37.658246817], [126.991024581, 37.65825318], [126.99101146, 37.658266372], [126.990998802, 37.65827992], [126.990986439, 37.658293661], [126.990974373, 37.658307557], [126.990968498, 37.658314573], [126.990962778, 37.658321654], [126.990957268, 37.658328818], [126.99095204, 37.658336097], [126.990947192, 37.658343526], [126.990942653, 37.658351411], [126.990938513, 37.658359455], [126.990934665, 37.658367617], [126.990927544, 37.658384173], [126.990920855, 37.658400904], [126.990907813, 37.658434474], [126.99090105, 37.658451089], [126.990897473, 37.65845927], [126.990893681, 37.658467312], [126.990889579, 37.658475154], [126.990885041, 37.658482714], [126.9908799, 37.658489882], [126.990873937, 37.658496519], [126.990867084, 37.658502422], [126.99085943, 37.658507808], [126.990851189, 37.65851281], [126.990842518, 37.658517536], [126.990833544, 37.658522065], [126.990824357, 37.658526454], [126.990796103, 37.658539176], [126.990738825, 37.658564142], [126.990710296, 37.658576745], [126.990654457, 37.658602104], [126.990626715, 37.658614972], [126.990599244, 37.65862814], [126.990581283, 37.658637313], [126.990572492, 37.658642112], [126.990563485, 37.658647326], [126.990554628, 37.658652707], [126.990545879, 37.65865821], [126.990528594, 37.658669452], [126.990502931, 37.658686614], [126.99042621, 37.658738408], [126.990400395, 37.658755424], [126.990382924, 37.658766501], [126.990365334, 37.658777104], [126.99034752, 37.658787478], [126.990275613, 37.658828315], [126.990248776, 37.658843758], [126.990231112, 37.658854282], [126.990213656, 37.658865283], [126.990196423, 37.658876775], [126.990179417, 37.658888491], [126.99016257, 37.658900354], [126.990145897, 37.658912364], [126.990129509, 37.658924605], [126.990121489, 37.658930865], [126.990105791, 37.65894381], [126.990090467, 37.658957055], [126.99007533, 37.65897045], [126.990030314, 37.659010968], [126.990008061, 37.65903143], [126.98995407, 37.659082483], [126.98994033, 37.659095041], [126.989913108, 37.659119131], [126.989906715, 37.659125178], [126.989900727, 37.659131359], [126.989895318, 37.659137747], [126.989890711, 37.659144425], [126.989886959, 37.659151756], [126.989884112, 37.659159407], [126.98988198, 37.659167293], [126.989880426, 37.659175346], [126.989879368, 37.659183514], [126.989878775, 37.659191751], [126.989878651, 37.659200023], [126.989879053, 37.6592083], [126.989880077, 37.659216553], [126.989881811, 37.659224836], [126.989884074, 37.65923308], [126.989891988, 37.659257694], [126.989894377, 37.659265893], [126.989896306, 37.659274105], [126.989897533, 37.659282337], [126.989897857, 37.659290744], [126.989897376, 37.659299154], [126.989896255, 37.659307541], [126.989894599, 37.659315868], [126.989892467, 37.659324097], [126.989889862, 37.659332171], [126.989886738, 37.659340021], [126.989882994, 37.659347553], [126.98987847, 37.659354647], [126.989872937, 37.659361146], [126.989866037, 37.659367062], [126.989858149, 37.659372396], [126.989849587, 37.659377351], [126.989822221, 37.659391613], [126.989813204, 37.65939662], [126.98980439, 37.659401858], [126.989795828, 37.659407322], [126.989787588, 37.659413026], [126.989779767, 37.659419005], [126.989772495, 37.659425317], [126.989765947, 37.659432047], [126.989760219, 37.659439322], [126.989755194, 37.659446991], [126.989750658, 37.659454939], [126.989746437, 37.659463065], [126.989734251, 37.659487743], [126.989729899, 37.659495822], [126.989725152, 37.659503691], [126.989719813, 37.659511241], [126.989714306, 37.659517743], [126.989708251, 37.65952392], [126.98970175, 37.659529798], [126.989694867, 37.65953538], [126.989687645, 37.659540645], [126.989680091, 37.659545546], [126.98967219, 37.65955001], [126.989663898, 37.659553934], [126.989654972, 37.659557326], [126.989645735, 37.659560279], [126.989626922, 37.659565845], [126.989617618, 37.659568922], [126.989608216, 37.659572589], [126.989599038, 37.659576696], [126.989590052, 37.659581153], [126.989581241, 37.659585896], [126.989572601, 37.659590878], [126.989564139, 37.659596079], [126.989555879, 37.65960149], [126.989547858, 37.659607122], [126.989540284, 37.659612832], [126.989518184, 37.659630371], [126.989510701, 37.659636032], [126.989502992, 37.659641428], [126.989494937, 37.659646435], [126.989487065, 37.659650663], [126.989478913, 37.6596546], [126.989462246, 37.659662233], [126.989453194, 37.659666565], [126.989435342, 37.659675722], [126.989417918, 37.659685447], [126.989409447, 37.659690534], [126.989401213, 37.659695807], [126.989393299, 37.659701312], [126.989385825, 37.659707119], [126.989378944, 37.659713322], [126.989372454, 37.659720387], [126.989366628, 37.659727887], [126.989361305, 37.65973571], [126.989356372, 37.659743778], [126.98935176, 37.659752032], [126.989347445, 37.659760434], [126.989343436, 37.659768961], [126.989339995, 37.659777046], [126.989336879, 37.659785208], [126.98933413, 37.659793425], [126.989331832, 37.659801679], [126.989330088, 37.659809821], [126.989328814, 37.659817917], [126.989327963, 37.659825887], [126.989327532, 37.659833637], [126.989327566, 37.65984104], [126.989328163, 37.659847931], [126.989329482, 37.659854086], [126.989331758, 37.659859204], [126.989335322, 37.659862889], [126.989324637, 37.659875284], [126.989314429, 37.659877865], [126.989294882, 37.659882294], [126.98926812, 37.659887913], [126.989215797, 37.659898455], [126.989194729, 37.659902974], [126.989184313, 37.659905439], [126.989174017, 37.659908117], [126.989163886, 37.659911082], [126.989153978, 37.659914435], [126.98914427, 37.659918283], [126.989134785, 37.659922515], [126.989125463, 37.659927028], [126.989107161, 37.659936619], [126.989098141, 37.659941615], [126.989080339, 37.65995192], [126.989063135, 37.659962531], [126.989013319, 37.659995058], [126.988996634, 37.660005631], [126.98897968, 37.660016118], [126.988971447, 37.660021466], [126.988963567, 37.660027043], [126.988956216, 37.660032987], [126.988949873, 37.660039042], [126.988943986, 37.660045437], [126.988938377, 37.660052055], [126.988927367, 37.66006558], [126.988914808, 37.660080286], [126.988895072, 37.660102062], [126.988861358, 37.66013806], [126.988848045, 37.660152546], [126.988835194, 37.660167259], [126.988829079, 37.660174767], [126.988823305, 37.660182337], [126.988817764, 37.660190021], [126.988807191, 37.660205629], [126.988797127, 37.660221466], [126.988787563, 37.660237503], [126.988778491, 37.660253862], [126.98875637, 37.66029496], [126.988736157, 37.660330762], [126.988727882, 37.660346673], [126.988708228, 37.660386797], [126.988700182, 37.660402766], [126.988691602, 37.660418524], [126.988686964, 37.660426266], [126.988681795, 37.66043422], [126.988670714, 37.660449836], [126.988635513, 37.660495949], [126.988624802, 37.660510616], [126.988615238, 37.660524617], [126.988610686, 37.660531705], [126.988606326, 37.660538869], [126.988601816, 37.660546789], [126.988597521, 37.660554791], [126.988593384, 37.66056285], [126.988585427, 37.660579086], [126.988577744, 37.660595417], [126.988570275, 37.660611807], [126.988563094, 37.660628261], [126.988559674, 37.66063652], [126.988556426, 37.660644815], [126.988553409, 37.660653153], [126.988550707, 37.660661552], [126.98854843, 37.66066983], [126.988546443, 37.660678164], [126.988544657, 37.660686534], [126.988538117, 37.660720102], [126.988536307, 37.660728443], [126.988534278, 37.66073673], [126.98853193, 37.660744938], [126.988529139, 37.66075304], [126.988525787, 37.660761054], [126.988521982, 37.660768958], [126.988517845, 37.660776783], [126.988513468, 37.660784551], [126.988504272, 37.660799986], [126.988485366, 37.660830776], [126.988476186, 37.660846284], [126.988449675, 37.660894284], [126.988445077, 37.660902163], [126.988440283, 37.660909936], [126.988435214, 37.660917562], [126.988429773, 37.660924989], [126.988424163, 37.660931872], [126.98840652, 37.660951992], [126.988400982, 37.660958809], [126.988395949, 37.660965832], [126.988392062, 37.660972269], [126.988388622, 37.660978896], [126.988385517, 37.660985665], [126.988379949, 37.660999485], [126.988374784, 37.661013824], [126.988372448, 37.661021061], [126.988370353, 37.661028346], [126.988368486, 37.661035903], [126.988366851, 37.661043495], [126.988361135, 37.661072891], [126.988359551, 37.661079468], [126.988357583, 37.661085954], [126.988354462, 37.661093791], [126.988350699, 37.661101489], [126.988346455, 37.661109085], [126.988341865, 37.661116609], [126.988337032, 37.661124083], [126.988311664, 37.661161292], [126.98830199, 37.661176369], [126.988297488, 37.661184015], [126.988293562, 37.661191216], [126.98827876, 37.66122014], [126.988274814, 37.661227198], [126.988270561, 37.661234093], [126.98826587, 37.661240762], [126.988260752, 37.661247049], [126.988255259, 37.661253149], [126.988238264, 37.661271224], [126.98823298, 37.661277467], [126.988228378, 37.661283588], [126.988224092, 37.661289889], [126.988220016, 37.661296319], [126.988202567, 37.661324978], [126.988187719, 37.661348294], [126.988177428, 37.661363694], [126.988172108, 37.661371307], [126.988161847, 37.661385052], [126.988156878, 37.661391164], [126.988151665, 37.66139714], [126.988145223, 37.661403922], [126.988138465, 37.661410529], [126.98813147, 37.661417007], [126.988124301, 37.661423389], [126.988109618, 37.661435974], [126.988072357, 37.661467129], [126.988057959, 37.661479756], [126.988051104, 37.66148618], [126.988044626, 37.661492721], [126.988038678, 37.661499422], [126.988033467, 37.661506341], [126.988029735, 37.661512528], [126.988026776, 37.661518889], [126.988024662, 37.661525389], [126.988023512, 37.661532006], [126.988023424, 37.661538773], [126.988024221, 37.661545617], [126.98802568, 37.661552523], [126.98802762, 37.661559479], [126.988029893, 37.661566478], [126.988046241, 37.661610915], [126.988052322, 37.661628209], [126.988061138, 37.661654207], [126.988097861, 37.661766812], [126.98811168, 37.661810114], [126.988116833, 37.661827481], [126.988121366, 37.661844922], [126.988123229, 37.661853691], [126.988124638, 37.661861914], [126.988126681, 37.661878445], [126.988127408, 37.661886737], [126.988128376, 37.661903351], [126.988128638, 37.661919979], [126.988128422, 37.661928292], [126.988127885, 37.661937044], [126.988127096, 37.661945793], [126.988125651, 37.661958015], [126.988125026, 37.661963288], [126.988113598, 37.662042243], [126.988104048, 37.662112546], [126.988101256, 37.662129662], [126.988099564, 37.662137951], [126.988097544, 37.662145942], [126.98809505, 37.6621535], [126.988091887, 37.662160446], [126.988087802, 37.66216654], [126.988082457, 37.662171469], [126.9880764, 37.662174656], [126.988069313, 37.662176871], [126.988061446, 37.662178329], [126.988052997, 37.662179189], [126.988044122, 37.66217957], [126.988034943, 37.66217955], [126.988025556, 37.662179173], [126.988015353, 37.662178407], [126.98800506, 37.662177342], [126.987994724, 37.662176043], [126.987984382, 37.662174549], [126.987974067, 37.662172874], [126.987963811, 37.66217101], [126.987953644, 37.662168927], [126.987943606, 37.662166571], [126.987933736, 37.662163864], [126.987923561, 37.662160566], [126.987913574, 37.662156898], [126.987903726, 37.662152963], [126.987893982, 37.662148837], [126.9878747, 37.662140233], [126.987846042, 37.662126921], [126.987769966, 37.662090987], [126.987722413, 37.662068289], [126.987665484, 37.6620407], [126.987655997, 37.662036243], [126.987646503, 37.662032007], [126.987636982, 37.662028123], [126.987627418, 37.662024763], [126.987617795, 37.662022154], [126.987608094, 37.662020594], [126.987599284, 37.662020322], [126.987590499, 37.662021064], [126.98758185, 37.662022739], [126.987573125, 37.662025407], [126.98756471, 37.662028878], [126.987556664, 37.662033031], [126.987549072, 37.662037808], [126.987542052, 37.6620432], [126.987536099, 37.662048797], [126.987530639, 37.662054823], [126.987525556, 37.662061161], [126.987520757, 37.662067718], [126.987516167, 37.66207442], [126.98750137, 37.662097001], [126.987495685, 37.662104611], [126.987489489, 37.662111715], [126.987482752, 37.662118531], [126.987475608, 37.662125131], [126.987468165, 37.662131566], [126.987460499, 37.662137876], [126.987444706, 37.662150215], [126.987428474, 37.662162214], [126.987411813, 37.662173739], [126.987403263, 37.662179215], [126.987394503, 37.6621844], [126.987385452, 37.662189218], [126.987376154, 37.662193621], [126.98736662, 37.662197556], [126.987356842, 37.662200931], [126.987346785, 37.662203599], [126.987336793, 37.662205388], [126.987326569, 37.662206547], [126.987316178, 37.662207245], [126.987305668, 37.662207611], [126.987295072, 37.662207748], [126.987241566, 37.662207289], [126.98722014, 37.6622075], [126.987209267, 37.662207898], [126.98719842, 37.662208501], [126.987187604, 37.662209302], [126.987176828, 37.66221031], [126.987166106, 37.662211554], [126.987155452, 37.662213083], [126.987145307, 37.662214858], [126.987135228, 37.662216886], [126.987125202, 37.66221911], [126.987105275, 37.662223982], [126.987085496, 37.662229285], [126.987065889, 37.662234998], [126.987056162, 37.662238033], [126.987017499, 37.662250592], [126.98701457, 37.662251504], [126.987007801, 37.662253613], [126.986997987, 37.662256481], [126.986989067, 37.662258727], [126.986988682, 37.66223923], [126.986987402, 37.662207562], [126.986984678, 37.662153899], [126.986984339, 37.662149115], [126.986983608, 37.662138788], [126.986982852, 37.66213125], [126.986980604, 37.662114994], [126.986976658, 37.66209064], [126.986974374, 37.662074559], [126.986969021, 37.662026744], [126.986966805, 37.662010023], [126.986959942, 37.661966294], [126.986954866, 37.661932503], [126.986949364, 37.661899462], [126.986946871, 37.661882972], [126.986945859, 37.661874737], [126.986944187, 37.661856922], [126.986942897, 37.661846518], [126.986941013, 37.661835769], [126.986938343, 37.661825189], [126.986934736, 37.66181528], [126.986930295, 37.661806612], [126.986925427, 37.661799445], [126.986920693, 37.661794128], [126.986917783, 37.66179165], [126.98691555, 37.661790263], [126.986914531, 37.661787057], [126.986912845, 37.661786365], [126.986909178, 37.661783892], [126.986903688, 37.661779441], [126.986899473, 37.661775593], [126.986896126, 37.66177218], [126.986892776, 37.661768395], [126.98688663, 37.661760406], [126.98687026, 37.661736109], [126.986862637, 37.661725118], [126.986861137, 37.661722636], [126.986858638, 37.661717565], [126.986856539, 37.661712303], [126.986854247, 37.661705282], [126.986852791, 37.661698116], [126.986852476, 37.661692948], [126.98685265, 37.661687755], [126.986853274, 37.661681927], [126.986854413, 37.661676201], [126.986856195, 37.661670663], [126.986858071, 37.661666515], [126.98686551, 37.66165222], [126.986867655, 37.661647518], [126.986869379, 37.661642745], [126.986870515, 37.661637911], [126.986870906, 37.661631753], [126.986870212, 37.661625643], [126.986869321, 37.661622035], [126.986868141, 37.661618498], [126.9868668, 37.661615256], [126.98686469, 37.661611182], [126.986862293, 37.661607166], [126.986858642, 37.661601569], [126.986854001, 37.661595709], [126.986848557, 37.661589971], [126.986842413, 37.661584438], [126.986835621, 37.661579211], [126.986830499, 37.661575782], [126.986825143, 37.661572507], [126.986819727, 37.661569421], [126.986812648, 37.661565802], [126.986805282, 37.661562428], [126.986797705, 37.66155927], [126.986789985, 37.661556307], [126.986762986, 37.661546712], [126.986754469, 37.661543313], [126.986746486, 37.661539553], [126.986739258, 37.661535251], [126.98673321, 37.661530527], [126.986727773, 37.661525368], [126.986717627, 37.661514645], [126.98671241, 37.661509516], [126.986706451, 37.661504518], [126.986700169, 37.661500092], [126.986693723, 37.66149633], [126.986682429, 37.661490821], [126.986677291, 37.661487683], [126.986672067, 37.661483013], [126.986667478, 37.66147736], [126.986663338, 37.661470982], [126.986659498, 37.661464088], [126.986648338, 37.661441567], [126.986644225, 37.661433784], [126.986639659, 37.661426208], [126.986634413, 37.661418993], [126.986629117, 37.661413047], [126.986623379, 37.66140734], [126.986609944, 37.661394476], [126.986603651, 37.661387855], [126.98659807, 37.661380918], [126.986593406, 37.66137353], [126.986589413, 37.661365867], [126.986581882, 37.661350499], [126.986577572, 37.661343199], [126.986572335, 37.661336466], [126.986565951, 37.661330622], [126.986558492, 37.661325509], [126.986550185, 37.66132109], [126.98654119, 37.661317385], [126.98653284, 37.661314754], [126.986524188, 37.661312612], [126.986515357, 37.661310874], [126.986506466, 37.661309473], [126.986497617, 37.661308365], [126.986479211, 37.661306752], [126.986469855, 37.661305558], [126.98646279, 37.661303932], [126.986455897, 37.661301782], [126.986450024, 37.661299621], [126.986449125, 37.66129929], [126.986440571, 37.661295709], [126.986435095, 37.661292959], [126.986429871, 37.661289936], [126.986424935, 37.661286697], [126.986418392, 37.661281675], [126.986412901, 37.661276272], [126.986410351, 37.661272914], [126.986408423, 37.661269373], [126.986406801, 37.661263124], [126.986406782, 37.661257529], [126.986407663, 37.661251708], [126.986409112, 37.661245692], [126.986414428, 37.661227327], [126.986416277, 37.661220253], [126.986417625, 37.661213151], [126.986418134, 37.661206032], [126.98641755, 37.661199013], [126.986416008, 37.661191998], [126.986413688, 37.661185004], [126.98641026, 37.661177032], [126.986406206, 37.661169106], [126.986401706, 37.661161224], [126.986396893, 37.661153381], [126.986384317, 37.661133515], [126.986380361, 37.661126665], [126.986376715, 37.661119735], [126.986373438, 37.661112728], [126.986370625, 37.661105639], [126.986368158, 37.661097793], [126.986366255, 37.661089893], [126.986364842, 37.661081982], [126.98636398, 37.661074868], [126.986363641, 37.661067795], [126.986363716, 37.66106577], [126.986363871, 37.661061614], [126.986364507, 37.661055484], [126.986365415, 37.661049556], [126.986366624, 37.661043716], [126.986368386, 37.661037081], [126.986372739, 37.661020997], [126.98637879, 37.661000814], [126.986380285, 37.660993929], [126.986381209, 37.660985622], [126.986381458, 37.660977176], [126.986381364, 37.660968626], [126.986380864, 37.660952547], [126.986380281, 37.660944508], [126.986379463, 37.660937717], [126.986378252, 37.660930992], [126.986376535, 37.660924367], [126.986374195, 37.66091779], [126.986371379, 37.660911321], [126.986362866, 37.660894318], [126.986359886, 37.660887606], [126.98635727, 37.660880754], [126.986355013, 37.660873789], [126.986353133, 37.660866729], [126.986351399, 37.660858337], [126.986348639, 37.660841007], [126.986346723, 37.660830988], [126.986344272, 37.660820792], [126.986341219, 37.660810407], [126.986337623, 37.660800265], [126.986332222, 37.660787476], [126.986326161, 37.660774368], [126.986323703, 37.660769535], [126.986320621, 37.660764154], [126.986316515, 37.660757528], [126.986309571, 37.660752442], [126.986305269, 37.660749767], [126.98630104, 37.660747489], [126.986296661, 37.66074542], [126.986292321, 37.660743592], [126.986284248, 37.660740697], [126.986272561, 37.660736984], [126.986260617, 37.660733578], [126.986248325, 37.660730627], [126.98624007, 37.660728981], [126.986231765, 37.660727775], [126.986227584, 37.660727433], [126.986223291, 37.660727321], [126.986214652, 37.660727628], [126.986205973, 37.660728346], [126.986184294, 37.660730546], [126.986175733, 37.660731116], [126.986171517, 37.660731191], [126.986167371, 37.660731041], [126.986163323, 37.660730567], [126.986159504, 37.660729714], [126.986155723, 37.660728495], [126.986151544, 37.660726761], [126.986147038, 37.660724602], [126.98613776, 37.66071961], [126.986119948, 37.660707459], [126.986110902, 37.660693521], [126.986101023, 37.660677738], [126.986095621, 37.660668708], [126.986090268, 37.660659323], [126.986085236, 37.660649887], [126.986081212, 37.660641582], [126.986077512, 37.660632679], [126.986074744, 37.660624666], [126.986069862, 37.660608725], [126.986067078, 37.66060049], [126.986064241, 37.660593426], [126.986060922, 37.660586554], [126.986057013, 37.660579935], [126.986053988, 37.660575632], [126.986050693, 37.660571456], [126.986045157, 37.660565124], [126.98603619, 37.660555605], [126.986031433, 37.660550975], [126.986025971, 37.660546055], [126.986008768, 37.660531473], [126.985978753, 37.660505528], [126.985972761, 37.660500819], [126.985965932, 37.660496171], [126.985951801, 37.66048752], [126.985947407, 37.66048473], [126.98594318, 37.660481807], [126.985936816, 37.660476708], [126.98592478, 37.660465735], [126.985918534, 37.660460278], [126.98591198, 37.660455148], [126.985897913, 37.660444679], [126.985890842, 37.660439042], [126.985884163, 37.660433082], [126.985878677, 37.660427398], [126.985873678, 37.660421402], [126.985869171, 37.660415134], [126.985865187, 37.660408616], [126.985861573, 37.660401489], [126.985858408, 37.660394173], [126.985849865, 37.660371699], [126.985846799, 37.660364214], [126.985843088, 37.66035618], [126.985831483, 37.660333728], [126.985827878, 37.660327192], [126.98582401, 37.660320758], [126.98581967, 37.660314339], [126.985814973, 37.660308068], [126.985809974, 37.660301935], [126.985804075, 37.660295191], [126.985785841, 37.660275333], [126.985780015, 37.660268665], [126.985763839, 37.660248844], [126.985758233, 37.660242605], [126.985754827, 37.660239202], [126.985751257, 37.660235965], [126.985747341, 37.660232804], [126.985743185, 37.660229894], [126.985737743, 37.660226693], [126.985731989, 37.660223762], [126.985709537, 37.660213077], [126.985701326, 37.660208831], [126.985693312, 37.66020426], [126.985685883, 37.660199491], [126.985684464, 37.660198492], [126.985678687, 37.660194421], [126.985664722, 37.660183711], [126.98565168, 37.660173099], [126.985650116, 37.660171827], [126.985642996, 37.660165773], [126.985636077, 37.660159644], [126.985629446, 37.660153424], [126.985623227, 37.660147088], [126.985617591, 37.660140596], [126.985612767, 37.660133898], [126.985609053, 37.660126915], [126.985607042, 37.660120939], [126.985605853, 37.660114766], [126.985605337, 37.660108444], [126.985605372, 37.660102015], [126.985605788, 37.660096249], [126.98560742, 37.660084639], [126.985610427, 37.660068982], [126.985611169, 37.660060581], [126.98561067, 37.660051838], [126.985608605, 37.660043192], [126.985604694, 37.660035068], [126.98559909, 37.660028013], [126.985592303, 37.660021988], [126.985585048, 37.660017129], [126.985578487, 37.660013715], [126.985572823, 37.660011388], [126.985568707, 37.660010123], [126.985565674, 37.660009899], [126.98554012, 37.659999113], [126.985533926, 37.659996337], [126.985528427, 37.659993635], [126.985523262, 37.659990651], [126.98552088, 37.659988987], [126.98551873, 37.659987225], [126.985514802, 37.659983382], [126.985511183, 37.659979288], [126.985506096, 37.65997291], [126.985502926, 37.659968553], [126.985500041, 37.659964091], [126.985498766, 37.659961804], [126.985496534, 37.65995687], [126.985491185, 37.659941621], [126.985489185, 37.659936598], [126.985487993, 37.659934079], [126.985485329, 37.659929125], [126.985481907, 37.659923438], [126.985470002, 37.659904954], [126.985457099, 37.659900699], [126.985451126, 37.659899062], [126.98544378, 37.65989767], [126.985408048, 37.659891514], [126.985397947, 37.65988726], [126.985383983, 37.659882215], [126.98535232, 37.659871248], [126.985345172, 37.659868647], [126.985337858, 37.659865761], [126.985331362, 37.659862898], [126.985325071, 37.659859804], [126.985319038, 37.659856424], [126.985314058, 37.659853238], [126.985309279, 37.659849848], [126.985300211, 37.659842617], [126.98528636, 37.659830434], [126.985281608, 37.659826529], [126.985276622, 37.65982285], [126.985271799, 37.659819765], [126.985266734, 37.659816919], [126.985261467, 37.659814293], [126.985256025, 37.659811875], [126.985250418, 37.659809676], [126.985244257, 37.659807571], [126.985237952, 37.659805685], [126.985231538, 37.659803987], [126.985225033, 37.659802456], [126.985219042, 37.659801198], [126.98520693, 37.659798983], [126.985172152, 37.659793552], [126.985160688, 37.659791247], [126.985155089, 37.659789852], [126.98514962, 37.659788233], [126.985144095, 37.659786257], [126.985138662, 37.659783927], [126.985132971, 37.659780872], [126.985127158, 37.659777137], [126.985121275, 37.659772729], [126.985115654, 37.659767922], [126.985110463, 37.65976291], [126.98510586, 37.659757884], [126.985101987, 37.659753045], [126.985098652, 37.659748151], [126.985096329, 37.659744141], [126.985094626, 37.65974033], [126.985056296, 37.659720781], [126.985019603, 37.659701955], [126.984998793, 37.659690789], [126.984989798, 37.659685717], [126.98498095, 37.659680521], [126.9849723, 37.659675159], [126.984963919, 37.659669574], [126.984955892, 37.659663691], [126.984948309, 37.65965748], [126.984941043, 37.659651005], [126.984933973, 37.659644364], [126.984912967, 37.659624233], [126.984905738, 37.659617697], [126.98489823, 37.65961138], [126.984891461, 37.65960616], [126.984884451, 37.659601136], [126.984877244, 37.659596273], [126.984862357, 37.659586959], [126.984855601, 37.659583016], [126.984854705, 37.659582494], [126.98483681, 37.659572746], [126.984809307, 37.659558811], [126.984790731, 37.659549802], [126.98477198, 37.659541035], [126.984752965, 37.659532661], [126.984743716, 37.659528858], [126.984734388, 37.659525179], [126.98471555, 37.659518106], [126.984696524, 37.659511351], [126.984677308, 37.659504946], [126.984659421, 37.659499429], [126.984641392, 37.659494193], [126.984623264, 37.659489167], [126.984571294, 37.65947521], [126.984551253, 37.659469331], [126.984531958, 37.65946318], [126.984512868, 37.659456714], [126.984494026, 37.659449966], [126.984468082, 37.659440334], [126.984459461, 37.659437329], [126.984450812, 37.659434565], [126.98444211, 37.659432142], [126.984433326, 37.659430178], [126.984423067, 37.65942854], [126.984402395, 37.659425757], [126.984392595, 37.659423882], [126.984382888, 37.659421531], [126.984373313, 37.659418758], [126.984363918, 37.659415584], [126.98435477, 37.659411999], [126.984345953, 37.659407963], [126.984337577, 37.659403397], [126.984330057, 37.659398486], [126.984322898, 37.65939317], [126.984302165, 37.659376294], [126.984295064, 37.659370808], [126.984287636, 37.659365621], [126.984279751, 37.659360829], [126.984271492, 37.659356386], [126.984262951, 37.659352204], [126.984254202, 37.659348214], [126.984245304, 37.659344358], [126.984227243, 37.659336864], [126.984120339, 37.659293309], [126.984091338, 37.659281197], [126.984072167, 37.659272916], [126.984053256, 37.659264305], [126.984043959, 37.659259802], [126.98403537, 37.65925543], [126.984001621, 37.659237251], [126.983984681, 37.659228368], [126.983976079, 37.659224159], [126.983967331, 37.659220197], [126.983958382, 37.659216574], [126.983948649, 37.659213189], [126.983938691, 37.659210182], [126.983928565, 37.659207453], [126.983907986, 37.659202533], [126.983855878, 37.659191173], [126.98383517, 37.659186238], [126.983824687, 37.659183463], [126.983803948, 37.659177435], [126.983783531, 37.65917082], [126.983773483, 37.659167257], [126.983763583, 37.659163472], [126.983753879, 37.659159402], [126.983745246, 37.659155398], [126.983736781, 37.659151156], [126.983728449, 37.659146728], [126.983712088, 37.659137458], [126.983704034, 37.659132665], [126.983688151, 37.659122819], [126.983653749, 37.659100424], [126.983645075, 37.659094965], [126.983636274, 37.659089688], [126.983627281, 37.659084683], [126.983618014, 37.659080059], [126.983608383, 37.6590759], [126.983598467, 37.659072144], [126.983588335, 37.6590687], [126.98357804, 37.659065508], [126.983567614, 37.659062527], [126.983557082, 37.659059742], [126.983546452, 37.659057157], [126.983526921, 37.659052948], [126.983466717, 37.659041217], [126.983401299, 37.659027489], [126.983347202, 37.659016381], [126.983325658, 37.65901171], [126.983304308, 37.659006577], [126.983283206, 37.659000887], [126.983272752, 37.658997843], [126.983262378, 37.65899465], [126.983252107, 37.658991273], [126.983241969, 37.658987662], [126.983232233, 37.658983874], [126.983222623, 37.65897987], [126.983203658, 37.658971426], [126.983175591, 37.65895812], [126.98314789, 37.658944269], [126.983121378, 37.658930175], [126.98310388, 37.658920564], [126.983086527, 37.658910812], [126.983069442, 37.658900847], [126.983061078, 37.658895734], [126.983052903, 37.658890485], [126.983045431, 37.658885382], [126.983038224, 37.658880111], [126.983031338, 37.658874655], [126.983024852, 37.65886898], [126.983018876, 37.658863041], [126.983013554, 37.658856768], [126.983008908, 37.658849958], [126.983004926, 37.658842816], [126.983001435, 37.65883543], [126.982998294, 37.658827869], [126.98299539, 37.658820191], [126.982987348, 37.658797349], [126.982981788, 37.658782906], [126.982978609, 37.658775877], [126.982975005, 37.658769054], [126.982970822, 37.658762511], [126.982965347, 37.658755627], [126.982959132, 37.658749126], [126.982952328, 37.658742957], [126.982945035, 37.658737105], [126.982937312, 37.658731579], [126.982929177, 37.658726417], [126.982920611, 37.658721693], [126.982912565, 37.658717887], [126.982904229, 37.658714405], [126.98289568, 37.658711154], [126.982878189, 37.658705069], [126.98283837, 37.658691839], [126.982817665, 37.658685077], [126.982778718, 37.658672743], [126.982769371, 37.658669571], [126.982760209, 37.658666193], [126.98275131, 37.658662513], [126.982742194, 37.658658151], [126.982733517, 37.658653336], [126.982725345, 37.658648056], [126.98271778, 37.658642266], [126.982711253, 37.65863628], [126.982705195, 37.658629921], [126.982682354, 37.658603268], [126.982676227, 37.658596875], [126.98266975, 37.658590901], [126.982662854, 37.658585263], [126.982655584, 37.658579974], [126.982647952, 37.658575074], [126.982639949, 37.658570627], [126.982631535, 37.658566735], [126.982622231, 37.658563328], [126.98261254, 37.658560478], [126.982602572, 37.658558019], [126.982592413, 37.658555818], [126.982561416, 37.658549726], [126.982551071, 37.658547567], [126.982540552, 37.658545163], [126.982519686, 37.658539846], [126.982499025, 37.658534007], [126.982478586, 37.658527707], [126.982459453, 37.65852124], [126.982432515, 37.658511705], [126.982423473, 37.658508669], [126.982414345, 37.658505809], [126.982404116, 37.658502913], [126.982383352, 37.658497749], [126.982341372, 37.658488428], [126.982320267, 37.658483453], [126.982309741, 37.658480677], [126.982299425, 37.658477639], [126.982289404, 37.658474238], [126.982279795, 37.658470337], [126.982272237, 37.658466629], [126.982265071, 37.658462499], [126.982258329, 37.658457966], [126.982252062, 37.658453023], [126.982245383, 37.658446754], [126.982239172, 37.658440103], [126.982227148, 37.658426363], [126.982220861, 37.6584196], [126.982214988, 37.658413895], [126.982208777, 37.658408395], [126.982202264, 37.658403097], [126.982195468, 37.658398006], [126.982188395, 37.658393139], [126.982179686, 37.658387696], [126.982170675, 37.658382525], [126.982161439, 37.658377564], [126.98215203, 37.658372774], [126.982142487, 37.658368131], [126.98212305, 37.658359281], [126.982113155, 37.658355113], [126.982103117, 37.65835117], [126.982092922, 37.658347496], [126.982072179, 37.658340733], [126.982051161, 37.658334429], [126.982030002, 37.65832837], [126.981999394, 37.65831992], [126.98194926, 37.65830642], [126.981919065, 37.658298521], [126.981898828, 37.658293575], [126.981888655, 37.658291303], [126.981878203, 37.658289176], [126.981867718, 37.658287257], [126.981857217, 37.65828555], [126.981846718, 37.658284092], [126.981836241, 37.658282941], [126.98182581, 37.658282193], [126.981815451, 37.658281977], [126.981814363, 37.65828203], [126.981805202, 37.658282475], [126.981794863, 37.658283876], [126.98178467, 37.658286036], [126.981774614, 37.658288787], [126.981764708, 37.658292012], [126.981754977, 37.658295647], [126.981745467, 37.65829967], [126.981736246, 37.658304102], [126.981727404, 37.658309002], [126.98171979, 37.658313893], [126.981712489, 37.658319135], [126.981705419, 37.658324636], [126.981698513, 37.658330319], [126.981685009, 37.658342021], [126.98162751, 37.65839328], [126.98161299, 37.658406495], [126.981598852, 37.658419941], [126.981592028, 37.658426815], [126.981585639, 37.65843358], [126.981579409, 37.658440443], [126.98155501, 37.658468172], [126.981548791, 37.658475], [126.981542406, 37.658481697], [126.981535781, 37.658488204], [126.981528814, 37.658494442], [126.98152146, 37.658500312], [126.981513736, 37.658505869], [126.981505705, 37.658511138], [126.981497406, 37.658516121], [126.981488853, 37.658520794], [126.981480041, 37.658525106], [126.98147094, 37.658528978], [126.981461759, 37.658532277], [126.981452371, 37.658535214], [126.981424339, 37.658543093], [126.981415281, 37.658545863], [126.9814065, 37.658548938], [126.981398115, 37.658552469], [126.981390124, 37.658556586], [126.981374855, 37.658565565], [126.981367141, 37.658569859], [126.981358784, 37.658573826], [126.981350188, 37.65857718], [126.981341479, 37.658579837], [126.981332778, 37.658581652], [126.981324214, 37.658582407], [126.981315921, 37.658581801], [126.981308874, 37.65857991], [126.981302099, 37.658576938], [126.981295543, 37.658573133], [126.981289164, 37.658568691], [126.981282938, 37.65856376], [126.981276843, 37.65855846], [126.981269829, 37.65855188], [126.981262922, 37.658545042], [126.981235452, 37.658516885], [126.981228387, 37.658509982], [126.98122112, 37.658503269], [126.981213566, 37.658496828], [126.981205611, 37.658490769], [126.981197861, 37.658485611], [126.981189752, 37.658480802], [126.981185444, 37.658478479], [126.981181365, 37.658476279], [126.981172755, 37.658471997], [126.981163965, 37.658467935], [126.981155018, 37.658464087], [126.981145925, 37.658460469], [126.981136687, 37.658457111], [126.981127292, 37.658454069], [126.981116901, 37.658451168], [126.981106377, 37.658448605], [126.981095789, 37.658446288], [126.981066263, 37.658440494], [126.98105564, 37.658438409], [126.981047221, 37.658436552], [126.981039186, 37.658434396], [126.981031669, 37.65843177], [126.981024829, 37.658428475], [126.981018572, 37.658424211], [126.981012913, 37.658419275], [126.981002169, 37.658408399], [126.980996505, 37.658402915], [126.980990145, 37.658397515], [126.980983272, 37.658392395], [126.980975981, 37.658387568], [126.980968335, 37.658383067], [126.980960376, 37.658378939], [126.980952133, 37.65837526], [126.98094361, 37.658372128], [126.980933853, 37.658369345], [126.980914167, 37.658364668], [126.980904685, 37.658362007], [126.980895781, 37.658358586], [126.980887909, 37.658354235], [126.980880705, 37.658348995], [126.980874063, 37.658343066], [126.980867924, 37.658336596], [126.980862271, 37.658329684], [126.980857128, 37.658322395], [126.980852951, 37.658315552], [126.980849095, 37.658308511], [126.980838279, 37.658286863], [126.980834567, 37.658279659], [126.980830558, 37.658272411], [126.980826286, 37.658265294], [126.980821716, 37.658258345], [126.980816794, 37.658251618], [126.980811435, 37.658245179], [126.980805527, 37.658239118], [126.980799253, 37.658233724], [126.980792464, 37.658228707], [126.98078526, 37.658224016], [126.980777711, 37.65821962], [126.980769862, 37.658215511], [126.980761736, 37.658211699], [126.980752113, 37.658207709], [126.980742231, 37.658204043], [126.980732161, 37.658200621], [126.980721958, 37.658197388], [126.980701272, 37.658191381], [126.980690823, 37.658188596], [126.980680308, 37.658185979], [126.980669717, 37.658183568], [126.980658902, 37.658181368], [126.980637097, 37.658177496], [126.980560303, 37.65816561], [126.980538467, 37.658161944], [126.980527603, 37.658159942], [126.980506518, 37.65815562], [126.980485549, 37.658150935], [126.98043334, 37.658138564], [126.980391737, 37.658128274], [126.980371073, 37.658122843], [126.980360811, 37.658119983], [126.980350619, 37.658116978], [126.980329684, 37.658110203], [126.98029866, 37.658099258], [126.980257548, 37.658084141], [126.980124348, 37.658034642], [126.979963582, 37.657974076], [126.979913461, 37.657954967], [126.97989355, 37.657947118], [126.979873836, 37.657938974], [126.97985551, 37.657930905], [126.979819187, 37.657914297], [126.979800947, 37.657906137], [126.979782472, 37.657898376], [126.979773084, 37.657894748], [126.979762815, 37.657891081], [126.979752432, 37.657887608], [126.979710638, 37.657874161], [126.979700347, 37.657870549], [126.979691308, 37.657867119], [126.979682398, 37.657863497], [126.979673623, 37.657859693], [126.979664995, 37.657855706], [126.979656541, 37.657851516], [126.9796483, 37.657847093], [126.979640327, 37.657842385], [126.979631972, 37.657836867], [126.979623917, 37.657831038], [126.979616077, 37.657824984], [126.979608385, 37.657818779], [126.97957803, 37.657793502], [126.979563467, 37.657782016], [126.979555994, 37.65777649], [126.979548342, 37.657771181], [126.979540453, 37.657766165], [126.979532245, 37.657761552], [126.979522976, 37.65775721], [126.979511948, 37.657752927], [126.979499674, 37.657748758], [126.979486727, 37.657744771], [126.97947368, 37.657741039], [126.979449564, 37.657734652], [126.979425046, 37.657728498], [126.979443529, 37.657790741], [126.979446874, 37.657802503], [126.979448774, 37.657810322], [126.97944952, 37.657814216], [126.979450052, 37.657818095], [126.979450282, 37.657821952], [126.979450098, 37.657825779], [126.979449425, 37.657829502], [126.979448349, 37.657833196], [126.979445389, 37.657840518], [126.979439821, 37.657851394], [126.979433507, 37.65786212], [126.979428805, 37.657869187], [126.979421077, 37.657879655], [126.979391391, 37.657917394], [126.979388803, 37.657921948], [126.979387226, 37.657925266], [126.979386103, 37.657928669], [126.97938588, 37.65793024], [126.979385966, 37.65793173], [126.979387226, 37.657935927], [126.979395585, 37.657954158], [126.979398329, 37.657961015], [126.979400247, 37.65796655], [126.979401008, 37.65796944], [126.979401853, 37.657973961], [126.979404084, 37.657990676], [126.979403674, 37.657992164], [126.97940163, 37.657995981], [126.979397946, 37.658001559], [126.979392945, 37.658007927], [126.979386565, 37.658014939], [126.979378962, 37.658022197], [126.97937031, 37.65802931], [126.979360575, 37.658036088], [126.979350377, 37.658042146], [126.979340191, 37.658047353], [126.979330499, 37.658051587], [126.979312117, 37.65805841], [126.979293432, 37.658064836], [126.979262364, 37.658074752], [126.979241662, 37.658081056], [126.979223484, 37.658086245], [126.979214431, 37.658088499], [126.979205392, 37.658090369], [126.979196363, 37.658091702], [126.979188547, 37.658092299], [126.979180785, 37.658092335], [126.979173129, 37.658091769], [126.979165635, 37.658090527], [126.97915738, 37.658088242], [126.979149353, 37.658085189], [126.979141507, 37.658081556], [126.979133805, 37.658077488], [126.979126219, 37.658073102], [126.979118729, 37.65806849], [126.979095765, 37.658053777], [126.979087962, 37.658049106], [126.979079961, 37.658044763], [126.979071668, 37.6580409], [126.979063656, 37.658037865], [126.979055372, 37.658035318], [126.97904687, 37.658033205], [126.979038196, 37.658031498], [126.979029383, 37.658030193], [126.979019652, 37.658029218], [126.979009829, 37.658028605], [126.978999949, 37.658028242], [126.978981008, 37.658027958], [126.97897199, 37.658028025], [126.978963001, 37.658028324], [126.97895406, 37.658028961], [126.978945225, 37.658030009], [126.978936448, 37.658031414], [126.97892772, 37.658033098], [126.978918892, 37.658035045], [126.978910129, 37.658037207], [126.978901452, 37.658039592], [126.978892883, 37.658042216], [126.978884456, 37.658045119], [126.978875713, 37.658048528], [126.978867126, 37.658052222], [126.978858663, 37.65805613], [126.978842169, 37.658064297], [126.978809779, 37.658080932], [126.978791055, 37.658089983], [126.978772114, 37.658098744], [126.978726459, 37.658119415], [126.97870884, 37.658127594], [126.978700107, 37.658131776], [126.97866304, 37.65815023], [126.978653701, 37.658154736], [126.978634743, 37.658163376], [126.978606053, 37.658176003], [126.978587642, 37.658184508], [126.978566911, 37.658194845], [126.978544238, 37.658206657], [126.978523833, 37.658217574], [126.978496582, 37.658232433], [126.978467448, 37.658248847], [126.978455312, 37.658255684], [126.978404154, 37.65828903], [126.978394418, 37.658296131], [126.978369205, 37.65831544], [126.978367536, 37.658316003], [126.978363582, 37.658318269], [126.978358108, 37.65832208], [126.978351898, 37.658327314], [126.978345747, 37.65833386], [126.978340048, 37.658342131], [126.978335599, 37.658351361], [126.978332548, 37.658361081], [126.97833099, 37.658370792], [126.978331008, 37.658379981], [126.978332683, 37.658388137], [126.978335776, 37.658395502], [126.978340042, 37.658402471], [126.978345251, 37.658409182], [126.978351128, 37.658415708], [126.978357471, 37.658422104], [126.978371004, 37.658434658], [126.978385107, 37.658447062], [126.978429035, 37.658484986], [126.978443436, 37.658497277], [126.978458016, 37.658509429], [126.978465419, 37.658515417], [126.978479147, 37.658526127], [126.978509117, 37.658548638], [126.978516839, 37.658554808], [126.978523394, 37.6585605], [126.978529587, 37.6585664], [126.978535352, 37.658572527], [126.978540593, 37.658578911], [126.978545571, 37.658586122], [126.978549934, 37.658593597], [126.978553791, 37.658601269], [126.978557193, 37.65860908], [126.978560151, 37.658616986], [126.978562519, 37.658624551], [126.9785644, 37.658632135], [126.978565694, 37.658639711], [126.978566256, 37.658647246], [126.97856588, 37.658654705], [126.978564162, 37.658662878], [126.978561283, 37.658670898], [126.97855748, 37.658678741], [126.978552899, 37.658686367], [126.978547606, 37.658693714], [126.978541595, 37.658700692], [126.978534787, 37.658707188], [126.978528012, 37.658712477], [126.978520718, 37.658717416], [126.978513094, 37.65872214], [126.978497509, 37.65873142], [126.978490334, 37.658735875], [126.978483358, 37.658740487], [126.978476669, 37.658745301], [126.978470366, 37.658750373], [126.978464569, 37.658755772], [126.978459223, 37.658761727], [126.978454387, 37.658768016], [126.978449916, 37.658774553], [126.978427834, 37.658810421], [126.9784228, 37.658818065], [126.978417571, 37.658825593], [126.978412095, 37.658832942], [126.978406332, 37.65884], [126.978400185, 37.6588467], [126.978393558, 37.658852906], [126.978387033, 37.658857998], [126.978380084, 37.658862495], [126.978372767, 37.658866315], [126.978365116, 37.658869326], [126.978357143, 37.65887134], [126.978348761, 37.658872191], [126.978340178, 37.658871962], [126.978331521, 37.658870788], [126.978322432, 37.658868627], [126.978313456, 37.658865667], [126.978304665, 37.658862024], [126.978296692, 37.658858076], [126.978288937, 37.658853691], [126.978281402, 37.658848946], [126.9782741, 37.658843887], [126.978267699, 37.658839053], [126.978261493, 37.658834021], [126.978255477, 37.658828818], [126.978249647, 37.658823465], [126.978242989, 37.658816964], [126.978218818, 37.658792077], [126.978213047, 37.658786417], [126.978207115, 37.658780927], [126.978199667, 37.65877462], [126.97819184, 37.658768738], [126.978183555, 37.658763404], [126.978175511, 37.658759108], [126.978167089, 37.658755343], [126.978158372, 37.658752075], [126.978149414, 37.658749311], [126.97814026, 37.658747097], [126.978130932, 37.658745522], [126.978122352, 37.658744706], [126.978113677, 37.658744311], [126.978094098, 37.658743873], [126.978082247, 37.658742791], [126.978069849, 37.658740588], [126.978057686, 37.658737142], [126.978046378, 37.658732444], [126.978038659, 37.658728088], [126.978031954, 37.658723344], [126.978026386, 37.658718506], [126.978022062, 37.658713868], [126.978018648, 37.658709124], [126.978016921, 37.65870565], [126.978016841, 37.658703975], [126.977992616, 37.658666911], [126.977989241, 37.658660678], [126.977979972, 37.65864163]]}, "properties": {"vcursId": "121500V008", "name": "백운대코스", "distanceKm": "1.9", "durationH": "01", "durationM": "30", "difficulty": "중", "section": "백운대탐방지원센터~하루재~백운대피소~백운대"}}, {"type": "Feature", "geometry": {"type": "LineString", "coordinates": [[126.961800035, 37.618406597], [126.961801753, 37.618408054], [126.961808229, 37.618413938], [126.961814824, 37.618420498], [126.961820986, 37.618427309], [126.961826191, 37.618433747], [126.961831021, 37.618440375], [126.96183549, 37.618447171], [126.961839171, 37.618453334], [126.961845933, 37.618465906], [126.961863288, 37.618501464], [126.961866721, 37.618508016], [126.961870475, 37.6185144], [126.961874258, 37.618519971], [126.961878439, 37.618525331], [126.961883036, 37.618530455], [126.961889603, 37.618536686], [126.961896769, 37.618542519], [126.961904605, 37.618548156], [126.961927228, 37.618563396], [126.961933419, 37.618567858], [126.961939434, 37.61857245], [126.961945236, 37.618577201], [126.961951415, 37.618582694], [126.961969147, 37.618599669], [126.961974893, 37.618605412], [126.961980334, 37.618611312], [126.961985086, 37.618617133], [126.961989469, 37.618623135], [126.961993538, 37.618629269], [126.961997332, 37.618635485], [126.962004748, 37.618648286], [126.962008738, 37.618654469], [126.962013016, 37.618660098], [126.962017833, 37.618665386], [126.962023238, 37.61867025], [126.962029291, 37.618674642], [126.962035861, 37.618678627], [126.962042816, 37.618682311], [126.962049634, 37.618685561], [126.962056673, 37.61868859], [126.96209428, 37.618702671], [126.962111395, 37.618708713], [126.962120144, 37.618711464], [126.962130482, 37.618714358], [126.962140978, 37.61871693], [126.962151607, 37.618719188], [126.962162352, 37.6187211], [126.962171329, 37.618722403], [126.962180369, 37.618723495], [126.962198558, 37.618725211], [126.962233896, 37.618727729], [126.96224259, 37.618728492], [126.962253665, 37.618729732], [126.962264649, 37.618731301], [126.962275515, 37.618733239], [126.962284221, 37.618735096], [126.962310127, 37.618741114], [126.96233598, 37.618746902], [126.9623506, 37.618750458], [126.962357832, 37.61875237], [126.962367055, 37.618755005], [126.962376105, 37.618757862], [126.962385243, 37.61876108], [126.96239409, 37.618764558], [126.962400523, 37.618767363], [126.962406681, 37.618770399], [126.962413017, 37.618774041], [126.962419033, 37.618777926], [126.962432447, 37.618787134], [126.962437459, 37.618790332], [126.962442506, 37.618793182], [126.962448937, 37.618796041], [126.96245553, 37.618797846], [126.962462133, 37.618798352], [126.962468745, 37.618797648], [126.96247519, 37.618795798], [126.962481996, 37.618792442], [126.962488413, 37.618787996], [126.96249447, 37.618782727], [126.962500195, 37.618776837], [126.962505783, 37.618770228], [126.962520777, 37.618749973], [126.962524838, 37.618744857], [126.962529127, 37.618739944], [126.96253301, 37.618735993], [126.962537165, 37.61873231], [126.962543711, 37.618727536], [126.962548535, 37.618724595], [126.96255361, 37.618721968], [126.962562515, 37.618718465], [126.962572247, 37.618716015], [126.962582495, 37.618714463], [126.962593111, 37.618713566], [126.962603991, 37.618713133], [126.962615047, 37.618713036], [126.96263746, 37.618713492], [126.962659986, 37.618714541], [126.962671204, 37.61871528], [126.962682335, 37.618716209], [126.962693334, 37.618717394], [126.962704141, 37.618718938], [126.962714668, 37.618720986], [126.962724809, 37.618723731], [126.962731538, 37.618726145], [126.962738016, 37.618728968], [126.962744236, 37.61873217], [126.962752747, 37.618737381], [126.962760835, 37.618743146], [126.962768622, 37.618749302], [126.962776197, 37.61875573], [126.962790944, 37.618769082], [126.96280542, 37.618782761], [126.962855748, 37.618830986], [126.962920754, 37.618892654], [126.962946813, 37.618918339], [126.962958723, 37.61893062], [126.962964441, 37.618936821], [126.962969911, 37.618943086], [126.962974854, 37.618949208], [126.962979364, 37.61895545], [126.962982132, 37.618959836], [126.962984564, 37.618964322], [126.962987845, 37.618972313], [126.962990117, 37.618980564], [126.96299153, 37.618988996], [126.962992031, 37.618994334], [126.962992623, 37.619005815], [126.962992904, 37.619018134], [126.962992872, 37.619026227], [126.962991885, 37.619075555], [126.962990472, 37.619106378], [126.962988482, 37.619135057], [126.962988191, 37.619141955], [126.962988214, 37.619145547], [126.962988397, 37.619147819], [126.96298871, 37.619148598], [126.962998173, 37.619155445], [126.963000353, 37.619156647], [126.963002815, 37.619157414], [126.963008243, 37.619158142], [126.963019335, 37.61915919], [126.963022998, 37.619159399], [126.963026281, 37.619159022], [126.963028618, 37.619158393], [126.96303191, 37.619157232], [126.963065136, 37.619166021], [126.963099963, 37.619175766], [126.963133647, 37.619185744], [126.963143394, 37.619188861], [126.963150485, 37.619191311], [126.963164415, 37.619196635], [126.963171744, 37.619199738], [126.963178955, 37.619203011], [126.963186027, 37.619206463], [126.963198579, 37.619213219], [126.96322521, 37.61922884], [126.963232734, 37.619232919], [126.963240401, 37.619236794], [126.963248212, 37.619240458], [126.963256152, 37.619243889], [126.963263641, 37.619246829], [126.963271255, 37.619249486], [126.963279017, 37.619251795], [126.963286242, 37.619253549], [126.963293584, 37.619254967], [126.963301024, 37.619256069], [126.963309795, 37.619256958], [126.963318646, 37.619257482], [126.963327557, 37.619257681], [126.963335896, 37.619257618], [126.963373168, 37.619256508], [126.963432591, 37.61925551], [126.963442104, 37.619255145], [126.963453164, 37.619254471], [126.963475215, 37.6192525], [126.963486384, 37.619251259], [126.963497513, 37.61924984], [126.963516282, 37.619246929], [126.963547665, 37.61924138], [126.963556654, 37.619240075], [126.963565673, 37.61923904], [126.963576614, 37.619238218], [126.963587583, 37.619237706], [126.963607557, 37.619237061], [126.96361748, 37.619237022], [126.963628053, 37.619237279], [126.963641926, 37.619238153], [126.963655784, 37.619239666], [126.963667201, 37.619241427], [126.963677822, 37.619243467], [126.963687299, 37.61924561], [126.963695285, 37.619247681], [126.963701584, 37.619249533], [126.963705597, 37.619250872], [126.963706972, 37.619251474], [126.963741837, 37.619258009], [126.963747951, 37.619259253], [126.963753979, 37.619260697], [126.963761623, 37.619263102], [126.963809281, 37.619279723], [126.96381187, 37.619280016], [126.963818517, 37.619281322], [126.963827884, 37.619283838], [126.963833091, 37.619285554], [126.963838405, 37.61928757], [126.963845082, 37.619290541], [126.963851376, 37.619293798], [126.963857035, 37.619297128], [126.963861839, 37.619300321], [126.963870589, 37.619306615], [126.96389522, 37.619325029], [126.96390078, 37.619329187], [126.963917642, 37.619342355], [126.963925658, 37.619349204], [126.963932538, 37.619355898], [126.96394124, 37.619365661], [126.963964875, 37.61939381], [126.963976313, 37.61940679], [126.963987801, 37.619418776], [126.964008226, 37.619438999], [126.964013931, 37.619444648], [126.964021111, 37.619454873], [126.96402919, 37.619465305], [126.964036721, 37.619474072], [126.964041322, 37.619479022], [126.964046111, 37.619483839], [126.96405121, 37.619488424], [126.964056695, 37.619492654], [126.964077066, 37.619506615], [126.964082881, 37.619510887], [126.964094343, 37.619520121], [126.964108212, 37.619532023], [126.964109971, 37.619533652], [126.964116178, 37.619539399], [126.964121174, 37.619544536], [126.964123553, 37.619547194], [126.964129872, 37.619554256], [126.964144476, 37.619571236], [126.964166578, 37.619607469], [126.964168619, 37.61961058], [126.964170125, 37.619612513], [126.964172012, 37.619614197], [126.964174742, 37.619615478], [126.964178006, 37.61961648], [126.96418437, 37.619617853], [126.964241653, 37.61965409], [126.964248649, 37.619658516], [126.964251159, 37.619678558], [126.964268396, 37.619719652], [126.964276039, 37.619737022], [126.964283654, 37.619752868], [126.964288362, 37.619761942], [126.964292904, 37.619769987], [126.964297794, 37.619777847], [126.964303175, 37.619785466], [126.964308297, 37.619791817], [126.964336839, 37.619824025], [126.964357001, 37.619846127], [126.964362049, 37.619851952], [126.964366837, 37.619857861], [126.964371266, 37.619863892], [126.964375206, 37.619870092], [126.964378965, 37.619877307], [126.964381496, 37.619883029], [126.964383816, 37.619888825], [126.964391143, 37.619907896], [126.964393947, 37.619914125], [126.96439671, 37.619919428], [126.964399813, 37.619924598], [126.964403276, 37.619929607], [126.964407642, 37.619935031], [126.964412452, 37.619940218], [126.964416159, 37.619943728], [126.964417675, 37.619945163], [126.964423925, 37.619950413], [126.96444334, 37.619965599], [126.96444967, 37.619970758], [126.96445581, 37.619976051], [126.964461658, 37.61998152], [126.964466539, 37.619986581], [126.964470665, 37.619991351], [126.964474573, 37.619996251], [126.964488994, 37.620015704], [126.964493935, 37.620022134], [126.964498753, 37.620027999], [126.964503807, 37.620033715], [126.964517466, 37.620048286], [126.964549243, 37.620083507], [126.96455523, 37.620090484], [126.964561027, 37.620097563], [126.964574874, 37.620115633], [126.964577931, 37.620119623], [126.964593179, 37.620138565], [126.964602936, 37.620150019], [126.964613468, 37.620161493], [126.964619394, 37.620167492], [126.96462752, 37.620175269], [126.964646104, 37.620192036], [126.964655723, 37.620200359], [126.964673544, 37.62021521], [126.964686393, 37.620225307], [126.964691338, 37.620228908], [126.964699458, 37.620235829], [126.964701978, 37.620245989], [126.964702657, 37.620253762], [126.964692265, 37.620268429], [126.96468382, 37.620279986], [126.964678893, 37.620286233], [126.964673973, 37.62029177], [126.964668482, 37.620297041], [126.964662573, 37.620302022], [126.964659482, 37.620304404], [126.964653205, 37.620308775], [126.964640519, 37.620316727], [126.964634397, 37.620320858], [126.96463151, 37.620323059], [126.964626168, 37.620327858], [126.964618865, 37.620335616], [126.964600259, 37.620356828], [126.964594747, 37.620363114], [126.964589506, 37.620369372], [126.964575742, 37.620386552], [126.96457108, 37.620391871], [126.964569106, 37.62039387], [126.964556251, 37.620415717], [126.964546068, 37.620433829], [126.964502895, 37.620514839], [126.964495522, 37.620529036], [126.964490885, 37.620538565], [126.964486764, 37.620548212], [126.964485013, 37.620553118], [126.96448212, 37.620563042], [126.964479997, 37.620573059], [126.964479289, 37.62057809], [126.96447891, 37.620583134], [126.96447892, 37.620587951], [126.964479275, 37.620592996], [126.964481037, 37.620604932], [126.964483591, 37.620617743], [126.964488911, 37.620641131], [126.96448999, 37.620642105], [126.964490546, 37.620644339], [126.964490482, 37.620646783], [126.96448985, 37.620649738], [126.964489015, 37.620652036], [126.964486286, 37.620657263], [126.964483887, 37.620660875], [126.964481042, 37.620664608], [126.964476953, 37.620669353], [126.964461901, 37.620685391], [126.964451463, 37.62069715], [126.964446974, 37.620702635], [126.96444282, 37.620708309], [126.964438868, 37.62071455], [126.964435347, 37.620720983], [126.964432204, 37.620727561], [126.964429432, 37.620734262], [126.964427124, 37.620740794], [126.964425128, 37.6207474], [126.964423409, 37.620754056], [126.964423005, 37.620755925], [126.964421964, 37.620760743], [126.964420805, 37.620767447], [126.964419974, 37.620774156], [126.964418796, 37.62079104], [126.964418172, 37.620796603], [126.964416911, 37.620803186], [126.964414997, 37.620809639], [126.964413142, 37.620814239], [126.964410937, 37.620818748], [126.964408439, 37.620823168], [126.964405328, 37.620828039], [126.964401958, 37.620832804], [126.964398377, 37.620837458], [126.964393957, 37.620842722], [126.964389187, 37.620847733], [126.964383935, 37.620852376], [126.964378704, 37.620856154], [126.964373062, 37.620859601], [126.964366654, 37.620863018], [126.964359987, 37.620866226], [126.964357437, 37.620867347], [126.964339292, 37.620875324], [126.964332199, 37.62087867], [126.964324727, 37.620882862], [126.964317269, 37.620887853], [126.964310283, 37.620893448], [126.964303872, 37.620899476], [126.964298214, 37.62090566], [126.964293474, 37.620911728], [126.964289796, 37.620917397], [126.964287372, 37.620922061], [126.964285862, 37.620925815], [126.964285183, 37.620928354], [126.964285284, 37.620929395], [126.964285813, 37.620934322], [126.964286386, 37.620944618], [126.96428722, 37.62097718], [126.964288269, 37.621000186], [126.964288329, 37.621001517], [126.964288478, 37.621010623], [126.964287997, 37.621025826], [126.964288413, 37.621031869], [126.964289257, 37.621037902], [126.964290379, 37.621043923], [126.964292551, 37.621052898], [126.964295894, 37.621062811], [126.964304195, 37.621083901], [126.964304321, 37.621084539], [126.964305068, 37.621086172], [126.964308402, 37.621091696], [126.964311357, 37.621095677], [126.964314975, 37.621100014], [126.96431909, 37.621104516], [126.964323516, 37.621109015], [126.964328062, 37.621113333], [126.964332535, 37.621117302], [126.964336737, 37.621120744], [126.964340713, 37.621123744], [126.96436501, 37.621140821], [126.964374077, 37.621147499], [126.96437533, 37.62114842], [126.964406433, 37.621171326], [126.96441478, 37.621177326], [126.964423285, 37.621183117], [126.964432104, 37.621188486], [126.964436716, 37.621190901], [126.964444753, 37.621194396], [126.96446922, 37.621203175], [126.9644898, 37.621212142], [126.96450249, 37.621217264], [126.964514738, 37.621221662], [126.964527413, 37.621225761], [126.964594201, 37.621230031], [126.964603748, 37.621230746], [126.964613257, 37.621231641], [126.964617979, 37.621232207], [126.964626636, 37.621233538], [126.964639354, 37.62123611], [126.9646475, 37.621238273], [126.964651396, 37.621239563], [126.964655116, 37.62124105], [126.964658594, 37.621242801], [126.964662055, 37.62124507], [126.964665239, 37.621247644], [126.964668215, 37.62125044], [126.964671047, 37.621253394], [126.964676429, 37.621259605], [126.964684092, 37.62126931], [126.964688972, 37.621275915], [126.964693663, 37.621282975], [126.964696053, 37.621287261], [126.964698323, 37.62129193], [126.964702297, 37.621301459], [126.964707224, 37.621315338], [126.964714628, 37.621351082], [126.964716685, 37.621359799], [126.964718941, 37.621367621], [126.964720295, 37.621371421], [126.964721876, 37.621375115], [126.964722329, 37.621376571], [126.964723765, 37.621378659], [126.964726064, 37.621382001], [126.964728897, 37.621385147], [126.964732139, 37.621388093], [126.964735674, 37.621390897], [126.964739418, 37.621393602], [126.96474729, 37.621398821], [126.96475956, 37.621406426], [126.964825849, 37.62144662], [126.964836148, 37.621452231], [126.964841918, 37.621455092], [126.964847796, 37.621457786], [126.964853556, 37.621460171], [126.96485883, 37.621462111], [126.964867141, 37.621464716], [126.96487049, 37.621465528], [126.96490596, 37.621496964], [126.96492432, 37.621512819], [126.964932552, 37.621519637], [126.964947514, 37.621531445], [126.96498094, 37.621556115], [126.964993775, 37.621566136], [126.965000771, 37.62157213], [126.965007477, 37.621578323], [126.965013869, 37.621584711], [126.965019879, 37.62159126], [126.965025556, 37.621597999], [126.965030884, 37.621604916], [126.96503614, 37.621612407], [126.965055999, 37.621642819], [126.965071245, 37.621665409], [126.965086928, 37.621687776], [126.965097774, 37.62170241], [126.965103404, 37.621709568], [126.965109237, 37.621716568], [126.965115351, 37.621723345], [126.965121845, 37.621729825], [126.965128847, 37.621735904], [126.965136481, 37.621741519], [126.965144597, 37.621746753], [126.965153045, 37.621751729], [126.965179149, 37.621766099], [126.965187737, 37.621771004], [126.965196088, 37.621776122], [126.965204063, 37.621781559], [126.96521152, 37.62178737], [126.965218597, 37.621793512], [126.965225395, 37.621799892], [126.965232014, 37.621806432], [126.96526502, 37.621840269], [126.965271663, 37.621847235], [126.965278061, 37.621854313], [126.965294489, 37.621873985], [126.965300191, 37.621880401], [126.96530577, 37.621886131], [126.965311626, 37.62189171], [126.965317685, 37.621897184], [126.96533019, 37.621907935], [126.965345143, 37.621920389], [126.965367716, 37.621938516], [126.965390121, 37.621955686], [126.965435511, 37.621989207], [126.965450178, 37.622000642], [126.965457253, 37.622006533], [126.965464076, 37.622012593], [126.96547065, 37.62201889], [126.965489657, 37.622038313], [126.965495598, 37.6220442], [126.965507816, 37.622055769], [126.965520435, 37.622067071], [126.965526895, 37.622072603], [126.96554152, 37.622084441], [126.965549053, 37.622090144], [126.965556758, 37.622095663], [126.965564669, 37.622100953], [126.96557333, 37.622106308], [126.96559086, 37.622116707], [126.96559941, 37.622122072], [126.965626036, 37.622140556], [126.965633276, 37.622145172], [126.965648292, 37.622154017], [126.965673133, 37.622168048], [126.965690214, 37.622177928], [126.965707157, 37.622188372], [126.965715346, 37.62219383], [126.965723255, 37.622199515], [126.965730361, 37.622205103], [126.965737164, 37.62221091], [126.96574368, 37.622216907], [126.965749895, 37.622223084], [126.965755776, 37.622229438], [126.96576125, 37.622235986], [126.965765805, 37.622242113], [126.96576995, 37.622248407], [126.965773654, 37.622254861], [126.965776874, 37.622261474], [126.965779739, 37.622268752], [126.965782093, 37.622276179], [126.965784045, 37.62228372], [126.965785686, 37.622291346], [126.965787109, 37.622299235], [126.965792392, 37.622331933], [126.96579589, 37.622349577], [126.965799916, 37.622367129], [126.965804604, 37.622384518], [126.965807311, 37.622393107], [126.965810371, 37.622401591], [126.965813902, 37.622409934], [126.965817703, 37.62241753], [126.96582194, 37.622424987], [126.965826519, 37.622432324], [126.965831391, 37.622439551], [126.965836516, 37.622446664], [126.965841882, 37.622453659], [126.965847515, 37.622460507], [126.965853427, 37.62246718], [126.965859689, 37.622473634], [126.965865715, 37.622479293], [126.965884495, 37.622495792], [126.96589054, 37.622501421], [126.965896461, 37.622507447], [126.965902033, 37.622513672], [126.965907268, 37.622520074], [126.965912143, 37.622526646], [126.965915796, 37.622532079], [126.965919172, 37.622537616], [126.965922253, 37.622543254], [126.965925739, 37.622550637], [126.965928745, 37.622558148], [126.965931321, 37.622565747], [126.965933485, 37.622573403], [126.965937575, 37.622590573], [126.965939826, 37.622598096], [126.965942483, 37.622605582], [126.965945462, 37.622613029], [126.965948708, 37.622620443], [126.965952535, 37.622628277], [126.965957301, 37.622636912], [126.965962811, 37.622646004], [126.965969146, 37.622655601], [126.965975881, 37.622664898], [126.965982795, 37.622673497], [126.965989644, 37.622681015], [126.965996077, 37.622687138], [126.966001512, 37.622691671], [126.966005342, 37.622694437], [126.966006993, 37.622695242], [126.966010715, 37.622702736], [126.9660134, 37.622707139], [126.966015253, 37.622709249], [126.966016404, 37.622710227], [126.966020352, 37.62271284], [126.96603342, 37.622719865], [126.966040965, 37.62272343], [126.966048853, 37.62272647], [126.966048905, 37.62272649], [126.966074629, 37.622735817], [126.966075755, 37.622737102], [126.966079581, 37.622740046], [126.966085817, 37.622744206], [126.966093981, 37.622749032], [126.966103803, 37.622754293], [126.966114834, 37.622759757], [126.966126617, 37.622765209], [126.966138679, 37.622770446], [126.966150542, 37.622775261], [126.966161732, 37.622779451], [126.966171811, 37.622782834], [126.966190002, 37.622788217], [126.966208398, 37.622793035], [126.966238995, 37.622800405], [126.966248968, 37.6228031], [126.966258695, 37.622806138], [126.966268079, 37.622809669], [126.966276216, 37.622813395], [126.966284124, 37.622817501], [126.966307293, 37.622830568], [126.966322546, 37.622839595], [126.966337405, 37.622849034], [126.966375345, 37.622875342], [126.966382477, 37.622880637], [126.966389226, 37.622886111], [126.966395418, 37.622891851], [126.966400843, 37.622897963], [126.966405316, 37.622904525], [126.966408961, 37.622911477], [126.966411921, 37.622918735], [126.966413877, 37.622924731], [126.966415536, 37.622930847], [126.966416956, 37.622937056], [126.966418558, 37.622945367], [126.966421137, 37.622962222], [126.966423267, 37.622979242], [126.966428157, 37.623021929], [126.966431533, 37.623047417], [126.966434466, 37.623064229], [126.966436322, 37.623072533], [126.966438573, 37.623080735], [126.966441356, 37.623088798], [126.966444637, 37.623096361], [126.966448453, 37.623103779], [126.96645272, 37.623111059], [126.966457384, 37.623118206], [126.96646243, 37.623125208], [126.966467775, 37.623131984], [126.966473402, 37.623138642], [126.966479232, 37.623145213], [126.966491268, 37.623158198], [126.966521941, 37.623190494], [126.96653387, 37.623203576], [126.96653964, 37.6232102], [126.966545224, 37.623216909], [126.966550452, 37.623223531], [126.966560451, 37.623236943], [126.966568683, 37.623248357], [126.966576969, 37.623260683], [126.966586792, 37.623275964], [126.966592079, 37.623283434], [126.966597897, 37.623290689], [126.966604171, 37.623297735], [126.966610789, 37.623304622], [126.966617674, 37.623311376], [126.966632041, 37.623324552], [126.966639477, 37.62333097], [126.966647077, 37.623337252], [126.96665487, 37.623343365], [126.966662886, 37.623349262], [126.96667119, 37.62335487], [126.966678071, 37.623359118], [126.966699316, 37.623371271], [126.966725829, 37.623386759], [126.966734756, 37.623391744], [126.966752075, 37.62340088], [126.966760531, 37.623405568], [126.966768601, 37.623410605], [126.966776341, 37.623416328], [126.966783582, 37.623422516], [126.96679043, 37.623429057], [126.966796952, 37.623435873], [126.966803183, 37.623442908], [126.966809128, 37.623450127], [126.966814758, 37.623457512], [126.966820008, 37.623465067], [126.966824774, 37.623472815], [126.966829059, 37.623480959], [126.966832827, 37.623489273], [126.966836164, 37.623497707], [126.966839121, 37.623506222], [126.966841694, 37.623514788], [126.966843841, 37.623523386], [126.966845474, 37.623531995], [126.96684645, 37.6235406], [126.966846568, 37.623549193], [126.966845847, 37.623556571], [126.966844528, 37.623563931], [126.966842816, 37.623571283], [126.966837011, 37.623593315], [126.966835376, 37.62360066], [126.966834132, 37.623607992], [126.966833456, 37.623615304], [126.966833474, 37.623623091], [126.966833962, 37.623630882], [126.96683543, 37.623645354], [126.966836663, 37.623652568], [126.966837693, 37.623656992], [126.966838952, 37.623661387], [126.96684165, 37.623668803], [126.96684487, 37.623676144], [126.966848422, 37.623683459], [126.966867395, 37.623721201], [126.966892395, 37.623772919], [126.966910098, 37.623808335], [126.96691341, 37.623815348], [126.966917077, 37.623823717], [126.966924105, 37.623840449], [126.96692779, 37.623848705], [126.966936868, 37.623867642], [126.966939529, 37.623874031], [126.966942336, 37.623882429], [126.966944568, 37.623890986], [126.966946398, 37.623899655], [126.966952418, 37.623934652], [126.966954224, 37.623943277], [126.966956441, 37.623951755], [126.966959268, 37.623960018], [126.966962955, 37.623967981], [126.966967624, 37.623975483], [126.966973085, 37.623982731], [126.96697903, 37.623989852], [126.967003803, 37.624018536], [126.967016583, 37.624033011], [126.967029951, 37.62404729], [126.967036893, 37.624054252], [126.967043065, 37.624060118], [126.967049413, 37.624065845], [126.967055945, 37.624071408], [126.96706268, 37.624076785], [126.967069658, 37.624081926], [126.967076936, 37.624086772], [126.967085298, 37.624091691], [126.967094, 37.624096249], [126.967102982, 37.624100508], [126.967111634, 37.624104283], [126.967120434, 37.62410788], [126.967129335, 37.624111354], [126.96716594, 37.624125079], [126.967174994, 37.624128754], [126.967184499, 37.624132926], [126.967193854, 37.624137322], [126.967212251, 37.624146573], [126.967230397, 37.624156197], [126.967284452, 37.624185596], [126.967302695, 37.62419501], [126.967311955, 37.624199483], [126.967321353, 37.624203711], [126.96733095, 37.624207601], [126.967340204, 37.624210872], [126.967349644, 37.624213802], [126.967359239, 37.624216434], [126.967368962, 37.624218789], [126.967379667, 37.624221061], [126.967401315, 37.624225014], [126.96744514, 37.62423238], [126.967454827, 37.624233915], [126.967464506, 37.624235253], [126.96747477, 37.624236182], [126.967486245, 37.624236367], [126.967498488, 37.624235643], [126.967511175, 37.624233912], [126.96752371, 37.624231373], [126.967535633, 37.624228288], [126.96754487, 37.624225484], [126.967553112, 37.624222689], [126.967560122, 37.624220108], [126.967571385, 37.624215568], [126.967623931, 37.624219333], [126.967625405, 37.624218794], [126.967629645, 37.624217955], [126.967636245, 37.624217019], [126.967644797, 37.624216233], [126.967654712, 37.624215823], [126.967665734, 37.624215879], [126.967677461, 37.624216464], [126.967690741, 37.624217736], [126.967703902, 37.624219558], [126.96771646, 37.624221768], [126.967727928, 37.624224192], [126.967758236, 37.624231815], [126.967789252, 37.624239802], [126.967809814, 37.624245302], [126.96783011, 37.624251182], [126.96784007, 37.624254381], [126.967849838, 37.624257849], [126.96785934, 37.624261682], [126.967867307, 37.624265378], [126.96787502, 37.624269392], [126.96788249, 37.624273695], [126.967889705, 37.624278278], [126.967896631, 37.624283142], [126.967903641, 37.624288619], [126.967910354, 37.624294362], [126.967916835, 37.624300315], [126.967923114, 37.624306432], [126.96792922, 37.624312686], [126.967953504, 37.624338981], [126.967959744, 37.624345441], [126.967971901, 37.624357107], [126.967984497, 37.62436838], [126.967997194, 37.624379215], [126.968003606, 37.624384378], [126.968010191, 37.624389289], [126.968017048, 37.624393838], [126.96802428, 37.624397895], [126.968032319, 37.624401487], [126.968040787, 37.624404512], [126.968049588, 37.624407073], [126.968058651, 37.624409241], [126.968067911, 37.624411062], [126.968077331, 37.624412555], [126.968087338, 37.624413789], [126.968107613, 37.624415602], [126.968138196, 37.624417933], [126.968148334, 37.624418904], [126.968158403, 37.624420106], [126.968168374, 37.624421633], [126.968178179, 37.624423542], [126.968187902, 37.624425751], [126.96820797, 37.624430767], [126.96832224, 37.624460564], [126.968332439, 37.624463405], [126.968342479, 37.624466524], [126.96835044, 37.624469323], [126.968366077, 37.624475477], [126.968424216, 37.624499644], [126.968433587, 37.624503768], [126.968442719, 37.624508167], [126.968450682, 37.624512461], [126.968458376, 37.624517051], [126.968465809, 37.624521915], [126.968472965, 37.624527045], [126.968479659, 37.624532295], [126.968486096, 37.624537764], [126.968492315, 37.624543417], [126.968498318, 37.624549232], [126.968510542, 37.624562066], [126.968528421, 37.624581666], [126.968540774, 37.624594392], [126.968553678, 37.624606663], [126.968566969, 37.624618593], [126.968580528, 37.62463016], [126.96858673, 37.624635225], [126.968593018, 37.624640144], [126.968599443, 37.624644863], [126.968606057, 37.624649317], [126.968624999, 37.624660734], [126.968632893, 37.62466599], [126.968640479, 37.624671617], [126.968647753, 37.624677572], [126.968654687, 37.624683836], [126.968660958, 37.624690068], [126.968679278, 37.624709289], [126.968685279, 37.624715119], [126.968691515, 37.624720805], [126.968697989, 37.624726329], [126.968704703, 37.624731677], [126.968711726, 37.624736858], [126.968718984, 37.624741845], [126.968726453, 37.624746637], [126.968734132, 37.624751233], [126.968743112, 37.624756224], [126.968752279, 37.624761031], [126.968780191, 37.624775072], [126.968816547, 37.624793735], [126.968832693, 37.624801719], [126.96884908, 37.624809295], [126.968883258, 37.624823623], [126.968891634, 37.624827332], [126.96889982, 37.624831249], [126.968908838, 37.624836005], [126.968926469, 37.624845889], [126.968935384, 37.62485064], [126.968944576, 37.624854992], [126.968952585, 37.624858204], [126.968960843, 37.624861077], [126.968969284, 37.624863692], [126.968977864, 37.624866121], [126.968995571, 37.624870729], [126.969013789, 37.624875058], [126.969032146, 37.624879143], [126.969042862, 37.624881774], [126.96905353, 37.624884612], [126.969074754, 37.624890687], [126.969106493, 37.624900131], [126.969127699, 37.624906091], [126.96913836, 37.624908773], [126.969147043, 37.624910718], [126.969155768, 37.624912418], [126.969164525, 37.624913826], [126.969173312, 37.624914879], [126.969182136, 37.624915491], [126.969191191, 37.624915604], [126.969200285, 37.624915311], [126.96920942, 37.624914762], [126.969248896, 37.62491164], [126.969258815, 37.624910983], [126.969268741, 37.624910507], [126.969278668, 37.6249103], [126.969289306, 37.624910462], [126.96929993, 37.624910966], [126.969310532, 37.624911763], [126.969321102, 37.624912818], [126.969331621, 37.62491412], [126.969342073, 37.624915688], [126.969353288, 37.624917909], [126.969365614, 37.62492108], [126.969377891, 37.624924914], [126.969390235, 37.624929285], [126.969402239, 37.624933895], [126.969413458, 37.624938466], [126.969423472, 37.624942807], [126.969431837, 37.624946707], [126.969437989, 37.624949827], [126.969443155, 37.624952807], [126.969463611, 37.624982629], [126.969466172, 37.624986551], [126.969468455, 37.624990562], [126.969469685, 37.624993328], [126.969471241, 37.62499757], [126.969479034, 37.625021923], [126.969479592, 37.62502295], [126.969480704, 37.625026017], [126.969482083, 37.625030796], [126.969483427, 37.625036972], [126.969484416, 37.625044232], [126.969484786, 37.625052658], [126.969484438, 37.625061573], [126.969483456, 37.625070624], [126.969481949, 37.625079444], [126.969480043, 37.625087676], [126.96947786, 37.625094949], [126.969475483, 37.625101551], [126.969472901, 37.625108048], [126.969470074, 37.625114399], [126.969466937, 37.625120553], [126.969463392, 37.625126435], [126.969459126, 37.625132209], [126.96945421, 37.625137489], [126.969448516, 37.625142132], [126.969442055, 37.625145986], [126.96943496, 37.625149316], [126.969427605, 37.625152236], [126.969412141, 37.625158378], [126.969404657, 37.625161748], [126.969398587, 37.625164953], [126.969392731, 37.625168446], [126.969387058, 37.625172166], [126.969376176, 37.625180062], [126.969371093, 37.625184066], [126.969366232, 37.625188198], [126.969361692, 37.625192498], [126.969357588, 37.625197028], [126.969353888, 37.625202046], [126.9693507, 37.62520732], [126.969347932, 37.625212792], [126.969345514, 37.625218417], [126.969343407, 37.625224158], [126.969341617, 37.625229888], [126.969340113, 37.625235687], [126.969338927, 37.625241543], [126.969338113, 37.625247443], [126.969337712, 37.62525358], [126.969337657, 37.625259751], [126.969337968, 37.625272912], [126.969337926, 37.625280738], [126.969337578, 37.625288999], [126.96933697, 37.625296179], [126.969336052, 37.625303283], [126.969334816, 37.625310136], [126.969333068, 37.625317453], [126.969331144, 37.625323969], [126.969329248, 37.625329444], [126.969327584, 37.625333641], [126.969326332, 37.625336313], [126.969325648, 37.625337211], [126.96932259, 37.62534562], [126.969317709, 37.625356564], [126.969316929, 37.625359227], [126.969316887, 37.625360953], [126.969317468, 37.625362632], [126.969319068, 37.62536508], [126.969322433, 37.625369069], [126.969325389, 37.625372138], [126.969327046, 37.62537355], [126.969328422, 37.625374523], [126.969329217, 37.625375084], [126.969335455, 37.625379496], [126.969346806, 37.625385185], [126.969363572, 37.625394038], [126.969372629, 37.625399047], [126.969382066, 37.625404508], [126.969393294, 37.625411424], [126.969404167, 37.625418532], [126.969414299, 37.62542547], [126.969439192, 37.62544337], [126.969447199, 37.625448957], [126.969455324, 37.625454383], [126.969463174, 37.62545932], [126.969463603, 37.62545959], [126.969494886, 37.625477557], [126.969502162, 37.625482123], [126.969508907, 37.625486907], [126.969514909, 37.625492016], [126.969519911, 37.625497585], [126.969523638, 37.625503568], [126.969526413, 37.625509977], [126.969528468, 37.625516689], [126.969533057, 37.625537257], [126.969534945, 37.625543466], [126.969537279, 37.625549632], [126.969540068, 37.625555724], [126.969543475, 37.62556204], [126.969547238, 37.625568285], [126.969559093, 37.625587078], [126.969563294, 37.625594467], [126.969567211, 37.62560199], [126.969570874, 37.625609614], [126.969574302, 37.625617322], [126.969577681, 37.62562564], [126.969580721, 37.625634032], [126.969583328, 37.62564251], [126.969585088, 37.625649503], [126.969587946, 37.625663611], [126.969590743, 37.625679051], [126.969593054, 37.625694183], [126.969595099, 37.625714787], [126.969598219, 37.62575836], [126.96960027, 37.625782557], [126.969602116, 37.625799245], [126.969603276, 37.625807569], [126.969606063, 37.625823411], [126.969609444, 37.625839148], [126.969611334, 37.625846955], [126.96961558, 37.625862217], [126.969618082, 37.625869679], [126.969620957, 37.625876969], [126.969624338, 37.62588402], [126.969628398, 37.625890751], [126.96963397, 37.625897855], [126.969640557, 37.625904399], [126.969647081, 37.625909639], [126.969654179, 37.625914504], [126.969661722, 37.625919069], [126.969669606, 37.625923381], [126.969677765, 37.625927475], [126.969686147, 37.625931367], [126.969696029, 37.625935611], [126.969706087, 37.625939659], [126.969716258, 37.625943568], [126.969736773, 37.625951086], [126.969756268, 37.625957763], [126.969766129, 37.625960758], [126.969775812, 37.625963316], [126.969785601, 37.625965494], [126.969795481, 37.625967259], [126.969805442, 37.62596854], [126.969814341, 37.625969251], [126.969843011, 37.625970606], [126.969853704, 37.625971542], [126.969861462, 37.625972611], [126.96986911, 37.625973976], [126.96987664, 37.62597559], [126.969883645, 37.625977326], [126.969890466, 37.625979323], [126.969897039, 37.625981664], [126.969905483, 37.625985532], [126.969913282, 37.625990117], [126.969920347, 37.625995365], [126.969925344, 37.625999979], [126.969929737, 37.626004986], [126.96993407, 37.626011325], [126.969937699, 37.62601806], [126.969940816, 37.626025076], [126.969943452, 37.626031978], [126.969945755, 37.626039011], [126.969947691, 37.626046154], [126.969949191, 37.626053377], [126.969950208, 37.62606087], [126.969950703, 37.626068406], [126.969950682, 37.626075956], [126.969950116, 37.626083496], [126.96994881, 37.626092049], [126.96994345, 37.626117588], [126.969942198, 37.626126105], [126.969941695, 37.626133857], [126.969941774, 37.626141609], [126.969942384, 37.626149338], [126.969943507, 37.626157017], [126.96994519, 37.62616475], [126.969947434, 37.626172366], [126.969950272, 37.626179826], [126.969953798, 37.626187078], [126.969957849, 37.626193754], [126.969962422, 37.626200265], [126.969967332, 37.626206677], [126.969982654, 37.626225916], [126.970006574, 37.626258245], [126.970022968, 37.626278572], [126.970027574, 37.626285166], [126.970036348, 37.626298746], [126.970041215, 37.626305758], [126.970046387, 37.626312719], [126.970057404, 37.626326465], [126.970069086, 37.626339912], [126.970075119, 37.626346485], [126.970087519, 37.626359168], [126.970106424, 37.626376744], [126.970111952, 37.626382608], [126.970116436, 37.626388813], [126.970119452, 37.626395264], [126.970121392, 37.626402132], [126.970122531, 37.626409314], [126.970123084, 37.626416735], [126.970123227, 37.626424332], [126.970123098, 37.626432054], [126.97012131, 37.626476175], [126.970120733, 37.626484566], [126.970119681, 37.626492905], [126.970117903, 37.626501216], [126.970115518, 37.626509477], [126.970112693, 37.6265177], [126.970106229, 37.626534061], [126.970095994, 37.626558463], [126.970092813, 37.626566563], [126.970089937, 37.626574643], [126.970087512, 37.626582693], [126.970085733, 37.626590706], [126.970084852, 37.626598669], [126.970085044, 37.626605917], [126.970086227, 37.626613054], [126.970088436, 37.626620008], [126.970091775, 37.626626955], [126.970095857, 37.626633784], [126.970109271, 37.626655044], [126.970117893, 37.626669926], [126.970121987, 37.626677501], [126.970125884, 37.626685153], [126.970129507, 37.626692804], [126.970132891, 37.626700513], [126.970135506, 37.626706952], [126.970137893, 37.62671343], [126.970140267, 37.626720884], [126.970142203, 37.626728397], [126.970143619, 37.626735972], [126.970144527, 37.626744519], [126.970144893, 37.626753125], [126.970144788, 37.626787854], [126.970145152, 37.626795872], [126.970145779, 37.626803887], [126.97014672, 37.626812577], [126.970149293, 37.626829884], [126.970150909, 37.626838471], [126.970152778, 37.626846986], [126.970154962, 37.626855394], [126.970157464, 37.626863377], [126.970160491, 37.626871167], [126.970164239, 37.626878697], [126.970167977, 37.626884636], [126.970172263, 37.626890364], [126.970177027, 37.626895889], [126.970183043, 37.626902039], [126.970189481, 37.626907998], [126.970196225, 37.626913813], [126.970203183, 37.626919531], [126.970260578, 37.626964693], [126.970272175, 37.626974349], [126.970277533, 37.626979364], [126.970282426, 37.626984606], [126.970287715, 37.626991532], [126.970292206, 37.626998836], [126.970296023, 37.627006435], [126.97029922, 37.627014264], [126.970301788, 37.627022125], [126.970303841, 37.627030112], [126.970305403, 37.627038188], [126.970306479, 37.627046], [126.97030813, 37.627061642], [126.970309132, 37.627069456], [126.970310509, 37.627077179], [126.970312482, 37.627084766], [126.970314857, 37.627091352], [126.970317673, 37.627097855], [126.970326875, 37.627117315], [126.970332366, 37.627130518], [126.970334757, 37.62713721], [126.970337079, 37.62714471], [126.970343416, 37.627167171], [126.970345885, 37.627174478], [126.970348348, 37.62718054], [126.970351199, 37.627186434], [126.970354484, 37.627192118], [126.970358231, 37.627197598], [126.970376139, 37.627221354], [126.9703814, 37.627227794], [126.970387038, 37.627233846], [126.970393099, 37.627239743], [126.970412342, 37.627257209], [126.970418666, 37.627263185], [126.970424688, 37.627269275], [126.970430478, 37.627275529], [126.97043605, 37.627281924], [126.970441408, 37.627288445], [126.970446541, 37.627295085], [126.970451421, 37.627301849], [126.970456005, 37.627308744], [126.97046057, 37.627316327], [126.970464829, 37.627324043], [126.970468857, 37.627331854], [126.97047647, 37.627347655], [126.970494857, 37.627387274], [126.970502776, 37.627402698], [126.970507085, 37.627410182], [126.970511755, 37.627417426], [126.97051691, 37.627424354], [126.970522723, 37.627430855], [126.970528687, 37.627436345], [126.970535122, 37.627441583], [126.970545008, 37.627449121], [126.970570593, 37.627467585], [126.970584384, 37.627477804], [126.970591086, 37.627483076], [126.970598805, 37.627489538], [126.970606216, 37.627496208], [126.970626531, 37.627515698], [126.970637163, 37.627525098], [126.970643408, 37.627530281], [126.970649838, 37.627535277], [126.970656507, 37.627540018], [126.970663328, 37.627544347], [126.970670435, 37.62754834], [126.970677821, 37.627551964], [126.97068549, 37.627555174], [126.970695407, 37.62755853], [126.970705675, 37.627561324], [126.970716201, 37.627563698], [126.970724551, 37.627565336], [126.970769184, 37.627573183], [126.970788315, 37.627576882], [126.970798996, 37.627579124], [126.970809565, 37.627581563], [126.970819962, 37.627584299], [126.970830125, 37.627587461], [126.970839779, 37.627591067], [126.970849203, 37.627595089], [126.970858457, 37.627599419], [126.970876638, 37.62760868], [126.970894585, 37.627618378], [126.970939246, 37.627642993], [126.970964582, 37.62765672], [126.970972632, 37.627661247], [126.97098049, 37.627665928], [126.97098807, 37.627670849], [126.970995505, 37.627676221], [126.971002656, 37.627681835], [126.971023446, 37.627699166], [126.971030452, 37.627704824], [126.971044591, 37.627715629], [126.97105148, 37.627721093], [126.971057985, 37.627726803], [126.971063779, 37.627732707], [126.971069153, 37.627738904], [126.971074256, 37.6277453], [126.971089289, 37.627764828], [126.971094678, 37.627771158], [126.971100824, 37.62777758], [126.971108313, 37.62778445], [126.971117046, 37.627791742], [126.971126598, 37.627799208], [126.971136542, 37.627806598], [126.971155405, 37.62781981], [126.971170566, 37.627829832], [126.971180817, 37.62783635], [126.971206152, 37.627877014], [126.97122609, 37.627908058], [126.971257748, 37.627954664], [126.971272919, 37.627977594], [126.971282626, 37.627992968], [126.971287316, 37.628000707], [126.971296185, 37.628016351], [126.971300249, 37.628024287], [126.971303837, 37.628031977], [126.971307186, 37.628039737], [126.971313444, 37.628055404], [126.971325629, 37.628086865], [126.971332381, 37.62810262], [126.971339842, 37.628118374], [126.971347759, 37.628133993], [126.971356092, 37.628149468], [126.971364963, 37.628164735], [126.971380167, 37.628188501], [126.971385704, 37.628197838], [126.97139116, 37.628207992], [126.971396151, 37.628218545], [126.971400311, 37.628229081], [126.971403327, 37.628239165], [126.971404939, 37.62824747], [126.971405705, 37.628254646], [126.971405865, 37.628260288], [126.971405634, 37.628263998], [126.971405197, 37.628265391], [126.971403547, 37.628278023], [126.971402848, 37.628286624], [126.971402538, 37.628296566], [126.971402848, 37.628307054], [126.97140387, 37.628317867], [126.971405662, 37.628328529], [126.971408267, 37.628338568], [126.97141174, 37.628347506], [126.971415331, 37.628353854], [126.971419486, 37.628359601], [126.971424182, 37.628365085], [126.971429421, 37.628370268], [126.971435909, 37.628375706], [126.97144288, 37.628380864], [126.971482865, 37.628407704], [126.97149961, 37.628419222], [126.971516101, 37.628430981], [126.971532144, 37.628443095], [126.971539904, 37.628449357], [126.971547387, 37.628455743], [126.971554689, 37.628462269], [126.971568958, 37.628475563], [126.971590072, 37.628495641], [126.971604369, 37.628508735], [126.971611722, 37.628515055], [126.971619294, 37.628521137], [126.971627174, 37.628526881], [126.971635478, 37.628532165], [126.971642558, 37.628536019], [126.971649918, 37.628539567], [126.971657499, 37.628542886], [126.971665232, 37.628546052], [126.971693745, 37.628557058], [126.97170321, 37.628560854], [126.971712978, 37.62856504], [126.971722574, 37.628569463], [126.971731964, 37.628574141], [126.9717411, 37.628579119], [126.971748428, 37.628583488], [126.971755576, 37.628588054], [126.971769473, 37.628597617], [126.97178369, 37.628608123], [126.971791011, 37.628613781], [126.971806587, 37.628626467], [126.971833814, 37.628649549], [126.971842923, 37.628656968], [126.971851608, 37.628663661], [126.971858812, 37.62866884], [126.971865064, 37.628673055], [126.971870017, 37.628676181], [126.971873326, 37.62867808], [126.971874676, 37.628678596], [126.971905271, 37.628700302], [126.971930399, 37.628717492], [126.971944933, 37.628726837], [126.971972153, 37.628743155], [126.971978822, 37.628747347], [126.971985325, 37.628751692], [126.971991885, 37.628756427], [126.972004506, 37.62876635], [126.972022788, 37.628781841], [126.972046753, 37.628802876], [126.972072078, 37.628825355], [126.972082497, 37.628834603], [126.972105956, 37.628855996], [126.972116804, 37.628866389], [126.972132952, 37.628882346], [126.972185375, 37.628935246], [126.972187207, 37.628935774], [126.972191665, 37.628937908], [126.972198053, 37.628941574], [126.97220565, 37.628946726], [126.972213693, 37.628953223], [126.972221795, 37.628960863], [126.972229618, 37.62896932], [126.972236849, 37.628978237], [126.972243191, 37.628987256], [126.972248008, 37.628995326], [126.972251721, 37.62900284], [126.972254717, 37.629009982], [126.972257481, 37.62901718], [126.97226002, 37.629024418], [126.972262323, 37.629031711], [126.972264337, 37.629039032], [126.972265986, 37.629046385], [126.972267185, 37.629053775], [126.972267944, 37.629062209], [126.972268613, 37.629079173], [126.972269127, 37.629087675], [126.972270044, 37.629095903], [126.972271333, 37.629104128], [126.972274697, 37.629120562], [126.972278773, 37.629136948], [126.972283382, 37.629153236], [126.972288582, 37.629169334], [126.972291483, 37.629177263], [126.97229467, 37.629185069], [126.972298227, 37.629192717], [126.972302274, 37.629200155], [126.972306915, 37.629207426], [126.972316763, 37.629221787], [126.972320885, 37.629228316], [126.972328552, 37.629241705], [126.972343904, 37.62927026], [126.972347916, 37.629277117], [126.972352213, 37.629283834], [126.972356919, 37.629290353], [126.972362509, 37.629297057], [126.972368588, 37.629303525], [126.972375033, 37.629309808], [126.972381749, 37.629315948], [126.972388669, 37.629321974], [126.97240944, 37.629339261], [126.972416107, 37.629345068], [126.972422616, 37.629351179], [126.972428868, 37.629357471], [126.972434902, 37.629363911], [126.972446428, 37.629377131], [126.97245726, 37.629390735], [126.972462373, 37.629397686], [126.972467229, 37.62940475], [126.972471598, 37.629411623], [126.97247574, 37.629418595], [126.972479705, 37.62942564], [126.972487272, 37.629439944], [126.972497915, 37.629461752], [126.972512987, 37.629495137], [126.972522402, 37.629515226], [126.972529154, 37.629528642], [126.972532815, 37.62953534], [126.972536743, 37.629541906], [126.972541043, 37.629548296], [126.972546809, 37.629555719], [126.97255304, 37.629562927], [126.97258591, 37.629598334], [126.972591613, 37.629604755], [126.972596853, 37.629611372], [126.972601565, 37.629618472], [126.972605666, 37.629625839], [126.972609279, 37.629633404], [126.972612485, 37.629641113], [126.972621037, 37.629664888], [126.972624159, 37.629672698], [126.972627792, 37.629680332], [126.972631979, 37.62968754], [126.972636668, 37.629694586], [126.97265178, 37.629715486], [126.972668771, 37.629740425], [126.972678492, 37.629753231], [126.972693279, 37.629771937], [126.972702442, 37.629784076], [126.972706885, 37.629790214], [126.97272272, 37.629812999], [126.972728168, 37.629820507], [126.9727337, 37.629827652], [126.972739469, 37.629834676], [126.97274545, 37.629841601], [126.97275235, 37.62984904], [126.97276649, 37.629863136], [126.972781588, 37.629877531], [126.972794867, 37.629889769], [126.972800911, 37.629894902], [126.972806405, 37.629899106], [126.972811916, 37.629902701], [126.972815821, 37.629904734], [126.972817569, 37.629905144], [126.972835223, 37.629903964], [126.972841433, 37.629903389], [126.97284719, 37.629902475], [126.972850871, 37.629901419], [126.972854419, 37.629899985], [126.972861309, 37.629896641], [126.97290898, 37.629871966], [126.972909993, 37.629871314], [126.972912901, 37.629870666], [126.972917468, 37.62987018], [126.972926078, 37.629870088], [126.972936738, 37.629870896], [126.972948759, 37.629872746], [126.972957977, 37.62987479], [126.972967363, 37.629877329], [126.972976746, 37.629880227], [126.972989624, 37.629884642], [126.97300161, 37.629889144], [126.973021172, 37.629897171], [126.973039044, 37.629904747], [126.973047743, 37.629908739], [126.973056163, 37.629912987], [126.973064204, 37.629917599], [126.973071014, 37.629922105], [126.973077569, 37.629926865], [126.973096956, 37.629941506], [126.973118651, 37.629956622], [126.973139923, 37.62997239], [126.973162624, 37.629989789], [126.973169999, 37.629995754], [126.97317718, 37.630001865], [126.973184502, 37.630008511], [126.973191623, 37.63001531], [126.973219501, 37.630042997], [126.97323095, 37.630053862], [126.973236807, 37.630059203], [126.973250286, 37.630070919], [126.973257929, 37.630077274], [126.973296411, 37.63010864], [126.973303855, 37.630114997], [126.973311082, 37.630121446], [126.973318006, 37.630128026], [126.973324519, 37.630134782], [126.973339624, 37.630152493], [126.973344835, 37.630158249], [126.973350937, 37.630164276], [126.973370256, 37.630181916], [126.973376492, 37.630188096], [126.973388693, 37.63020076], [126.973394948, 37.630207053], [126.973400307, 37.630212145], [126.97341144, 37.630222108], [126.97343092, 37.630239088], [126.973437478, 37.630245318], [126.973443379, 37.630251532], [126.973448893, 37.630257956], [126.973454038, 37.630264555], [126.973458803, 37.630271318], [126.973463144, 37.630278228], [126.97346699, 37.630285297], [126.97347023, 37.630292539], [126.973473008, 37.630300768], [126.97347511, 37.630309179], [126.973476728, 37.630317716], [126.973479083, 37.630335034], [126.973481875, 37.630361275], [126.973484054, 37.630378818], [126.973486694, 37.630396359], [126.973493747, 37.630440127], [126.973496029, 37.630457632], [126.973496844, 37.630466391], [126.973497329, 37.630475161], [126.973497418, 37.630483565], [126.973497206, 37.630491975], [126.973496774, 37.630500389], [126.973494427, 37.630533672], [126.973494288, 37.630537533], [126.973494128, 37.630541939], [126.973494155, 37.630550423], [126.97349458, 37.630558869], [126.973495472, 37.630567262], [126.973496863, 37.630575343], [126.973498781, 37.630583332], [126.97350008, 37.630587468], [126.973501253, 37.630591202], [126.973504346, 37.630598915], [126.973508062, 37.630606355], [126.973512262, 37.630613674], [126.973524694, 37.630633399], [126.973532854, 37.630645865], [126.973564602, 37.630693262], [126.973590595, 37.630733199], [126.973617052, 37.630771355], [126.973621105, 37.63077685], [126.973623631, 37.630779981], [126.973624695, 37.630781008], [126.973635539, 37.630789354], [126.973636578, 37.630789443], [126.973639128, 37.630790282], [126.973642955, 37.630791859], [126.973648936, 37.630794732], [126.973656087, 37.630798558], [126.973664111, 37.630803164], [126.973681334, 37.630813765], [126.973689874, 37.630819483], [126.973697957, 37.630825487], [126.973707056, 37.630833404], [126.9737146, 37.630841204], [126.973732293, 37.630862833], [126.973738359, 37.630869761], [126.973744795, 37.630876341], [126.973751784, 37.630882418], [126.973756901, 37.63088618], [126.973762256, 37.630889707], [126.973775971, 37.630897923], [126.97378388, 37.63090306], [126.97378952, 37.630907473], [126.973794758, 37.63091228], [126.973799612, 37.630917428], [126.973804081, 37.630922878], [126.97380896, 37.630929799], [126.973813382, 37.630937022], [126.973817439, 37.630944469], [126.973821215, 37.630952115], [126.973824734, 37.630959894], [126.973830653, 37.630974633], [126.973833351, 37.630982115], [126.97384693, 37.631019776], [126.973855477, 37.631044404], [126.973861655, 37.631060939], [126.973864987, 37.631069124], [126.973868651, 37.631077466], [126.973872615, 37.631085698], [126.973876971, 37.631093783], [126.973880949, 37.631100361], [126.973885219, 37.63110683], [126.973889728, 37.631113198], [126.973894446, 37.631119474], [126.973904418, 37.631131721], [126.973909693, 37.63113769], [126.973915181, 37.631143532], [126.973920146, 37.631148502], [126.973937638, 37.631164818], [126.973959636, 37.631184345], [126.973974724, 37.631197061], [126.974008601, 37.631224065], [126.97401555, 37.631230002], [126.974022709, 37.631236558], [126.974030132, 37.631243738], [126.974037617, 37.631251302], [126.974050493, 37.631264921], [126.974070589, 37.631286764], [126.974075148, 37.631291535], [126.974077706, 37.631293982], [126.974078781, 37.631294731], [126.974088506, 37.631306409], [126.974090235, 37.631308806], [126.974090881, 37.631310335], [126.974091254, 37.631311935], [126.974092445, 37.631320121], [126.974115667, 37.631345189], [126.974125082, 37.631356361], [126.974132827, 37.631364739], [126.974135747, 37.631368492], [126.974137055, 37.631370441], [126.974139527, 37.631374944], [126.974140661, 37.631377504], [126.974146471, 37.631393317], [126.974149531, 37.631400533], [126.974154285, 37.631410228], [126.974164339, 37.631429127], [126.974169377, 37.631439863], [126.974173877, 37.63145012], [126.974187452, 37.631479588], [126.97419951, 37.631504931], [126.974207626, 37.631521012], [126.974217683, 37.631540084], [126.974219799, 37.631544687], [126.974221598, 37.631549327], [126.974222957, 37.631554022], [126.974223786, 37.631558952], [126.974224081, 37.631563936], [126.974223912, 37.631568949], [126.97422331, 37.631573965], [126.974222281, 37.631579117], [126.974218502, 37.631594627], [126.974217608, 37.631599886], [126.974217011, 37.631605182], [126.97421669, 37.631610503], [126.974216645, 37.631615831], [126.9742169, 37.631621153], [126.974217502, 37.631626455], [126.974218487, 37.631631651], [126.974219794, 37.631636811], [126.974223108, 37.631647043], [126.974227121, 37.631657123], [126.974231809, 37.631666941], [126.974234612, 37.631671768], [126.974238431, 37.631676875], [126.974243296, 37.631682038], [126.974248832, 37.631686809], [126.974254916, 37.631691297], [126.974261197, 37.631695416], [126.974267327, 37.631699093], [126.974272965, 37.631702236], [126.974283925, 37.631707863], [126.97429177, 37.631724569], [126.974295125, 37.631733162], [126.974297417, 37.631740963], [126.974299936, 37.631751457], [126.974300894, 37.631756728], [126.974303177, 37.631772534], [126.974304234, 37.631777737], [126.974304938, 37.631780304], [126.974306753, 37.63178526], [126.974312301, 37.631797468], [126.974314312, 37.631802285], [126.974317576, 37.631811859], [126.974318967, 37.63181761], [126.974319957, 37.63182405], [126.974320266, 37.631829946], [126.974320077, 37.631834492], [126.9743197, 37.631837521], [126.974319418, 37.631844566], [126.974318729, 37.631862148], [126.974318349, 37.631863654], [126.9743181, 37.631867432], [126.974318281, 37.631869849], [126.974318798, 37.631872497], [126.974319627, 37.631875213], [126.974320692, 37.631877882], [126.974323178, 37.631882637], [126.974377195, 37.631962781], [126.974373318, 37.631964764], [126.974367483, 37.631967451], [126.974360211, 37.631970223], [126.974356344, 37.631971364], [126.974352181, 37.631972266], [126.974348242, 37.631972817], [126.974344709, 37.631973058], [126.974337832, 37.63197321], [126.974330812, 37.631973183], [126.974327425, 37.631973171], [126.974205646, 37.631971667], [126.974199888, 37.63197034], [126.974184735, 37.631967444], [126.974139159, 37.631959655], [126.974121335, 37.631956955], [126.974086516, 37.631952493], [126.974078144, 37.631951197], [126.974061509, 37.631948196], [126.974033558, 37.631942729], [126.974023734, 37.63194107], [126.974014771, 37.631939842], [126.974005832, 37.63193887], [126.973996958, 37.63193812], [126.973986814, 37.631937534], [126.973976852, 37.631937374], [126.973971206, 37.631937536], [126.97396333, 37.631938082], [126.973950112, 37.631939667], [126.973921752, 37.631944015], [126.973912021, 37.631945193], [126.973899997, 37.63194607], [126.973887636, 37.631946364], [126.973877779, 37.631946275], [126.973857941, 37.631945505], [126.973835661, 37.631944036], [126.973799561, 37.631941188], [126.97378994, 37.631940672], [126.973736496, 37.631938534], [126.973719718, 37.631938316], [126.97368408, 37.63193815], [126.973665018, 37.631938296], [126.97364272, 37.631938765], [126.973631406, 37.631939143], [126.973618602, 37.63193978], [126.973606391, 37.631940563], [126.973593663, 37.631941515], [126.973568376, 37.631943707], [126.973556824, 37.63194486], [126.97354644, 37.631946074], [126.97353262, 37.631948134], [126.973524447, 37.63194973], [126.973482795, 37.631958301], [126.973475834, 37.631959638], [126.973468827, 37.631960754], [126.973462278, 37.631961434], [126.973453264, 37.631962055], [126.973401452, 37.631964736], [126.973378898, 37.631962924], [126.973368389, 37.63196228], [126.973356983, 37.631961781], [126.973345857, 37.631961555], [126.973334845, 37.631961707], [126.973324393, 37.631962391], [126.973318535, 37.631963121], [126.973313141, 37.631964092], [126.973305353, 37.631966132], [126.973282895, 37.631973535], [126.973275017, 37.6319759], [126.973267017, 37.631977936], [126.973247432, 37.631981773], [126.973232196, 37.631984459], [126.973224499, 37.631985576], [126.973217798, 37.631986343], [126.973211068, 37.631986898], [126.9731988, 37.631987391], [126.973166845, 37.631987522], [126.973161742, 37.631987809], [126.973156656, 37.631988319], [126.973152502, 37.631988904], [126.973144524, 37.631990442], [126.973136693, 37.63199246], [126.973129059, 37.631994925], [126.973121694, 37.631997835], [126.973114685, 37.632001173], [126.97310797, 37.632004817], [126.973101506, 37.632008619], [126.973065925, 37.632030512], [126.973059208, 37.632033764], [126.973050919, 37.632036733], [126.973041459, 37.632038973], [126.973031651, 37.632040114], [126.97302177, 37.632040205], [126.973012169, 37.632039306], [126.973003783, 37.632037705], [126.972997229, 37.632035766], [126.97299309, 37.632033943], [126.972991758, 37.632032754], [126.972946181, 37.63201157], [126.972944325, 37.632010958], [126.972939295, 37.632010298], [126.972933706, 37.632009955], [126.972926891, 37.632009911], [126.972919118, 37.632010316], [126.972909292, 37.632011501], [126.972898932, 37.632013468], [126.972886634, 37.632016645], [126.972874601, 37.632020496], [126.972865, 37.632024022], [126.972856216, 37.6320276], [126.972825599, 37.63204135], [126.972778932, 37.632061216], [126.972762745, 37.632068514], [126.972756566, 37.632071508], [126.972750531, 37.63207464], [126.972744693, 37.632077968], [126.972740719, 37.632080457], [126.972730692, 37.632087472], [126.972711296, 37.63210207], [126.972704395, 37.632106901], [126.972699264, 37.632110222], [126.972688137, 37.632116776], [126.972676147, 37.632123191], [126.97266573, 37.632128368], [126.972633978, 37.632142436], [126.972608736, 37.632154411], [126.972599894, 37.632158082], [126.972590705, 37.632161401], [126.972580359, 37.632164638], [126.972534724, 37.632177684], [126.97251012, 37.632185058], [126.972500011, 37.632188199], [126.972496589, 37.632189407], [126.972488604, 37.632195521], [126.972485078, 37.632198423], [126.972482826, 37.632200716], [126.972481107, 37.632203271], [126.972476525, 37.632212385], [126.972474152, 37.632217953], [126.972473017, 37.632222637], [126.972471262, 37.632233092], [126.972466047, 37.632237572], [126.972463829, 37.632239087], [126.972462622, 37.632239564], [126.972461451, 37.632239703], [126.972459669, 37.632239523], [126.972458576, 37.632239179], [126.972457213, 37.632238141], [126.972456192, 37.632236648], [126.972449819, 37.632223869], [126.97241477, 37.632198912], [126.972391917, 37.632186864], [126.972384275, 37.632183083], [126.97238042, 37.6321815], [126.972378476, 37.632180869], [126.972376514, 37.6321804], [126.97237453, 37.632180148], [126.972372427, 37.632180167], [126.972368154, 37.63218083], [126.972361656, 37.632182644], [126.972309317, 37.632200483], [126.972297774, 37.632203322], [126.972296177, 37.632203716], [126.972288736, 37.632206157], [126.972268918, 37.632213618], [126.972256502, 37.632219594], [126.972224493, 37.632231305], [126.972192441, 37.632241867], [126.972180922, 37.632245951], [126.972162374, 37.632253283], [126.972137421, 37.632264026], [126.972131058, 37.632266595], [126.972119513, 37.632270699], [126.972113619, 37.632272503], [126.972102931, 37.63227521], [126.972068206, 37.632282257], [126.97206127, 37.632283871], [126.972047546, 37.63228741], [126.972034099, 37.632291301], [126.972027548, 37.632293391], [126.972021181, 37.63229561], [126.97201508, 37.632298002], [126.972009358, 37.632300637], [126.972004178, 37.632303609], [126.971999756, 37.632307056], [126.971996686, 37.632310532], [126.971994192, 37.632314395], [126.971991918, 37.632318986], [126.971987084, 37.632330812], [126.971973948, 37.632366022], [126.971972923, 37.63236859], [126.971972415, 37.632369408], [126.971968829, 37.632381057], [126.971962651, 37.632399201], [126.971961173, 37.632404388], [126.971958895, 37.632414899], [126.971950221, 37.632458836], [126.97194588, 37.632483286], [126.971941757, 37.63250347], [126.971939446, 37.63251312], [126.971936902, 37.632522684], [126.971933737, 37.632533279], [126.97193051, 37.632542918], [126.97192417, 37.632559533], [126.971917409, 37.632575795], [126.971913837, 37.63258385], [126.971910097, 37.63259183], [126.971906133, 37.632599705], [126.971901872, 37.632607434], [126.971897208, 37.63261496], [126.971892007, 37.632622212], [126.971886235, 37.632629028], [126.971879891, 37.632635517], [126.971873051, 37.632641681], [126.971865752, 37.632647499], [126.971859571, 37.632651899], [126.971853156, 37.632656067], [126.971846558, 37.632660019], [126.971839823, 37.632663757], [126.971832989, 37.632667276], [126.971826104, 37.632670577], [126.971819223, 37.632673655], [126.971800089, 37.632681475], [126.971794527, 37.632684182], [126.971789414, 37.632687293], [126.971784269, 37.632691444], [126.971779855, 37.632696161], [126.971776155, 37.632701337], [126.971772822, 37.632707637], [126.9717703, 37.632714274], [126.971768516, 37.632721119], [126.971767608, 37.632726775], [126.971767288, 37.632732464], [126.97176769, 37.632738154], [126.971769042, 37.632744271], [126.971771177, 37.63275035], [126.971773881, 37.632756386], [126.971780698, 37.632769518], [126.971783883, 37.63277617], [126.971786281, 37.632782374], [126.971788059, 37.632788667], [126.971789102, 37.632795007], [126.971789283, 37.632801838], [126.971788512, 37.632808612], [126.971786808, 37.63281526], [126.971784128, 37.6328217], [126.971780192, 37.632828208], [126.971775303, 37.63283442], [126.971769651, 37.632840357], [126.971764187, 37.63284533], [126.971758309, 37.632850094], [126.971752058, 37.632854635], [126.971744626, 37.632859455], [126.971736841, 37.632863992], [126.971728767, 37.632868263], [126.971720448, 37.632872262], [126.971711148, 37.632876324], [126.971692323, 37.632884049], [126.971683344, 37.632887919], [126.971674647, 37.632892145], [126.971668414, 37.632895809], [126.971662006, 37.632900159], [126.971653342, 37.632906851], [126.971644779, 37.632914227], [126.971636514, 37.632921946], [126.971628751, 37.632929671], [126.971622881, 37.632935821], [126.971617654, 37.632941595], [126.971612567, 37.632947605], [126.971608673, 37.632952567], [126.971605744, 37.632956681], [126.9716049, 37.632958242], [126.971608008, 37.632977766], [126.971608313, 37.632981407], [126.971608228, 37.632983814], [126.971607437, 37.632987365], [126.971606233, 37.632990887], [126.971595334, 37.633018975], [126.971563003, 37.633078888], [126.971557052, 37.633090066], [126.971549685, 37.633103903], [126.971547187, 37.633108817], [126.971546925, 37.633108871], [126.971313903, 37.632932163], [126.971273536, 37.632901855], [126.971257688, 37.63289025], [126.971234436, 37.632873562], [126.971156462, 37.632818303], [126.971132881, 37.632801932], [126.97111692, 37.632791293], [126.971108804, 37.632786134], [126.971100547, 37.632781133], [126.971092106, 37.632776348], [126.971083398, 37.632771804], [126.971074497, 37.632767482], [126.971065454, 37.632763334], [126.971056297, 37.63275932], [126.971037734, 37.632751612], [126.97101891, 37.632744288], [126.971009402, 37.632740788], [126.970999819, 37.632737423], [126.970990147, 37.632734231], [126.970969404, 37.632728072], [126.970938108, 37.632719415], [126.970927797, 37.63271643], [126.970917641, 37.632713274], [126.970907709, 37.632709857], [126.970898101, 37.632706056], [126.97088894, 37.632701724], [126.970880191, 37.632696655], [126.9708719, 37.632691034], [126.970863945, 37.632685012], [126.970856228, 37.632678703], [126.970841224, 37.632665552], [126.970804425, 37.63263163], [126.970752446, 37.632584196], [126.970737853, 37.632570496], [126.970730704, 37.632563555], [126.970716909, 37.632549557], [126.970703437, 37.632535354], [126.970625257, 37.632450849], [126.970586841, 37.632409836], [126.970567182, 37.63238962], [126.970560457, 37.632382994], [126.970546886, 37.632370188], [126.970518963, 37.632345087], [126.970490564, 37.632320299], [126.970468906, 37.632301975], [126.970453993, 37.632289963], [126.970430914, 37.632272258], [126.97039965, 37.632249075], [126.970375846, 37.632232138], [126.97036777, 37.632226686], [126.970359575, 37.632221403], [126.970351216, 37.63221635], [126.970342633, 37.632211614], [126.970333744, 37.632207303], [126.970324523, 37.63220352], [126.970315006, 37.632200154], [126.970305269, 37.632197091], [126.97029538, 37.63219424], [126.970255225, 37.632183609], [126.970235306, 37.632177973], [126.970225522, 37.63217486], [126.970215923, 37.632171441], [126.970206324, 37.632167546], [126.970196921, 37.632163326], [126.970187667, 37.63215886], [126.970178519, 37.632154217], [126.970160433, 37.632144592], [126.970115567, 37.632120034], [126.970097433, 37.632110638], [126.97008824, 37.632106206], [126.970078913, 37.63210205], [126.970069408, 37.632098276], [126.970059659, 37.632095016], [126.970049902, 37.632092446], [126.970039917, 37.632090355], [126.970029769, 37.632088606], [126.97001951, 37.632087088], [126.969988498, 37.632083015], [126.969978212, 37.63208154], [126.969968016, 37.63207986], [126.969957966, 37.632077862], [126.969948122, 37.632075416], [126.969938211, 37.632072298], [126.969928526, 37.632068683], [126.969919009, 37.6320647], [126.969909617, 37.632060447], [126.969891075, 37.632051409], [126.969872715, 37.632041974], [126.969817792, 37.632013121], [126.969795873, 37.632002199], [126.969783504, 37.631996335], [126.969758023, 37.631984849], [126.969736282, 37.631975493], [126.969721215, 37.631969249], [126.969715404, 37.631966478], [126.969713774, 37.631963443], [126.969712285, 37.631958639], [126.969711309, 37.631952359], [126.969711181, 37.631944284], [126.969711862, 37.63193519], [126.96971383, 37.631915394], [126.969714076, 37.631905735], [126.969713516, 37.631896574], [126.969712083, 37.631888342], [126.969709693, 37.631881141], [126.969706757, 37.631875141], [126.969703175, 37.63186932], [126.969699112, 37.631863655], [126.969694703, 37.631858137], [126.969689276, 37.631851936], [126.969683551, 37.631846003], [126.969677529, 37.63184043], [126.969671171, 37.631835332], [126.969664418, 37.631830867], [126.969657174, 37.631827221], [126.969649018, 37.631824406], [126.969640432, 37.631822215], [126.969631628, 37.631820167], [126.969622787, 37.631817806], [126.969613592, 37.631814621], [126.969604476, 37.631810851], [126.969576834, 37.631798297], [126.969567177, 37.631794348], [126.969557274, 37.631790749], [126.969547136, 37.631787584], [126.969536746, 37.631784975], [126.969528223, 37.631783359], [126.969519557, 37.631782095], [126.969510784, 37.631781091], [126.96950193, 37.631780271], [126.969480157, 37.631778722], [126.969438476, 37.63177656], [126.969428686, 37.631775925], [126.969419021, 37.631775076], [126.969409536, 37.631773907], [126.9694003, 37.631772285], [126.969391398, 37.631770046], [126.969381947, 37.631766663], [126.969372978, 37.631762497], [126.969364459, 37.631757721], [126.969356397, 37.631752454], [126.969348856, 37.631746768], [126.969341939, 37.631740696], [126.969335815, 37.631734229], [126.969330711, 37.63172732], [126.969326792, 37.631719958], [126.969323689, 37.631712283], [126.969318182, 37.631696718], [126.969314936, 37.631689174], [126.969310764, 37.631682035], [126.969305245, 37.631675384], [126.96929862, 37.631669207], [126.969291175, 37.631663383], [126.969283133, 37.631657813], [126.969274662, 37.631652425], [126.969256902, 37.631641994], [126.969229275, 37.631626791], [126.969210627, 37.631616843], [126.969191936, 37.631607139], [126.969173223, 37.631597966], [126.969165008, 37.631594268], [126.969156685, 37.63159093], [126.969148156, 37.631588137], [126.969138378, 37.631585833], [126.969128334, 37.631584207], [126.969118134, 37.631583051], [126.96910788, 37.631582203], [126.969077827, 37.631580125], [126.969068447, 37.631579173], [126.969061811, 37.631578312], [126.969059557, 37.631578019], [126.969041441, 37.631576038], [126.969032729, 37.63157477], [126.969024582, 37.631572846], [126.969017308, 37.631569851], [126.969011695, 37.631565942], [126.969006792, 37.631561085], [126.969002337, 37.631555553], [126.968989324, 37.631537107], [126.968984335, 37.631530966], [126.968979275, 37.631525683], [126.968973701, 37.631520634], [126.968967681, 37.631515816], [126.968960457, 37.63151067], [126.968952855, 37.631505759], [126.968944979, 37.631501034], [126.968928737, 37.631491978], [126.968903364, 37.631478457], [126.968894725, 37.631473595], [126.968886638, 37.631468536], [126.968879408, 37.631463121], [126.968873435, 37.631457155], [126.968869874, 37.631451986], [126.96886694, 37.631445967], [126.96886362, 37.631436852], [126.968860565, 37.631426525], [126.968857681, 37.63141556], [126.968847084, 37.631372074], [126.968846021, 37.631368073], [126.968845403, 37.631366701], [126.968737999, 37.631304901], [126.968734509, 37.63130298], [126.968734722, 37.63130225], [126.968736074, 37.631295542], [126.968736644, 37.631290889], [126.968736686, 37.631289087], [126.968736511, 37.631287845], [126.968734947, 37.631285008], [126.96873202, 37.631280898], [126.968727705, 37.63127587], [126.968721516, 37.631269817], [126.968713929, 37.631263387], [126.968705258, 37.631256809], [126.968695079, 37.631249767], [126.968684546, 37.631242988], [126.968664495, 37.631230949], [126.968637914, 37.631215597], [126.968629022, 37.631210626], [126.968619982, 37.631205831], [126.968611339, 37.631201547], [126.968576095, 37.631185188], [126.968567379, 37.631180961], [126.968558316, 37.631176312], [126.968540547, 37.631166557], [126.968523142, 37.631156366], [126.968506062, 37.631145832], [126.968468442, 37.631121283], [126.968460892, 37.631116703], [126.968453202, 37.631112277], [126.968445373, 37.631108008], [126.968437404, 37.631103907], [126.968428836, 37.631099764], [126.968393235, 37.631083532], [126.968383865, 37.631079074], [126.968374658, 37.631074474], [126.968365677, 37.631069679], [126.968357009, 37.631064622], [126.968348758, 37.63105922], [126.968341247, 37.631053625], [126.968320241, 37.63103681], [126.968313498, 37.631031849], [126.968306546, 37.631027139], [126.968299341, 37.631022767], [126.968292287, 37.631019031], [126.968284994, 37.631015704], [126.968277487, 37.631012819], [126.968268345, 37.631009955], [126.968250046, 37.631004717], [126.968241311, 37.631001542], [126.96823375, 37.630997888], [126.968226653, 37.630993584], [126.96822001, 37.630988738], [126.968215042, 37.630984539], [126.968210365, 37.630980094], [126.968205978, 37.630975443], [126.968201632, 37.630970267], [126.968197727, 37.630964882], [126.968194379, 37.63095927], [126.96819133, 37.630952506], [126.96818908, 37.630945482], [126.968187553, 37.630938265], [126.968186716, 37.630930904], [126.968186543, 37.63092306], [126.968186907, 37.630915133], [126.968187606, 37.630907143], [126.968192192, 37.630864053], [126.96819337, 37.630850808], [126.968193854, 37.630842633], [126.968193957, 37.630834526], [126.968193464, 37.630826509], [126.968192587, 37.630820589], [126.968191302, 37.63081474], [126.968189245, 37.630807527], [126.968184693, 37.630793768], [126.968182321, 37.630787229], [126.968179645, 37.630780831], [126.968177252, 37.630776019], [126.968174535, 37.630771374], [126.968170907, 37.630766226], [126.968166739, 37.630761442], [126.968161959, 37.630757119], [126.968154954, 37.630752419], [126.968146631, 37.630748412], [126.968136197, 37.630744892], [126.968125517, 37.630742188], [126.968114019, 37.630739949], [126.968102137, 37.630738216], [126.9680903, 37.630737022], [126.968077589, 37.630736284], [126.968050068, 37.630735611], [126.968046012, 37.630735391], [126.968044788, 37.630735056], [126.968023993, 37.630728991], [126.968018763, 37.630727142], [126.968014894, 37.630724917], [126.968002409, 37.630716437], [126.96799967, 37.630715814], [126.967962424, 37.630705961], [126.967949261, 37.630702746], [126.967935673, 37.630699691], [126.967922221, 37.630697035], [126.967909464, 37.630695023], [126.967898866, 37.630693936], [126.967889452, 37.63069362], [126.967880735, 37.630693804], [126.967863371, 37.630694533], [126.96785468, 37.630694543], [126.967845014, 37.630693944], [126.967835335, 37.630692778], [126.967825672, 37.630691167], [126.967816052, 37.630689196], [126.967806503, 37.630686923], [126.967788162, 37.630682078], [126.967778127, 37.630679647], [126.967750616, 37.630673778], [126.967742017, 37.630671711], [126.96773474, 37.630669657], [126.96772755, 37.63066737], [126.967720432, 37.630664906], [126.967696989, 37.630656154], [126.967689044, 37.63065336], [126.967680974, 37.630650867], [126.967671856, 37.630648603], [126.967662552, 37.630646836], [126.967653109, 37.63064553], [126.967644534, 37.630644738], [126.967635905, 37.630644299], [126.967627248, 37.630644216], [126.967618591, 37.630644514], [126.967608346, 37.630645369], [126.967598121, 37.630646601], [126.967577684, 37.630649399], [126.967567452, 37.63065056], [126.967558898, 37.630651208], [126.967550357, 37.630651514], [126.967541863, 37.630651437], [126.967532944, 37.630650649], [126.9675228, 37.630648718], [126.967512294, 37.630645742], [126.967503492, 37.630642536], [126.967494919, 37.630638772], [126.967486783, 37.630634551], [126.967477646, 37.63062896], [126.96746957, 37.63062331], [126.967462686, 37.630618045], [126.967450892, 37.630608297], [126.967443554, 37.63060494], [126.967436242, 37.630601996], [126.967432215, 37.630600579], [126.96742437, 37.630598334], [126.967417645, 37.63059696], [126.967411228, 37.630595953], [126.967404775, 37.630595175], [126.967391726, 37.630593991], [126.96738855, 37.630593534], [126.967385447, 37.630592901], [126.967382836, 37.630592172], [126.967377799, 37.630590291], [126.967372983, 37.630587992], [126.967368422, 37.630585365], [126.967361846, 37.630581138], [126.967357344, 37.63057845], [126.967354573, 37.630577026], [126.967348789, 37.630574451], [126.96732769, 37.630566122], [126.967316173, 37.630561918], [126.967308227, 37.630559363], [126.967304703, 37.630558375], [126.967299916, 37.630557256], [126.96729803, 37.630556963], [126.967296573, 37.630557125], [126.96729393, 37.630555824], [126.967290504, 37.630553297], [126.967286412, 37.630549622], [126.967281513, 37.630544635], [126.967276151, 37.630538756], [126.967254377, 37.630514454], [126.967247626, 37.630507519], [126.967240763, 37.630501216], [126.96723561, 37.630497128], [126.967230499, 37.630493656], [126.967225025, 37.630490581], [126.967219304, 37.630487891], [126.967210739, 37.630484661], [126.967201783, 37.630482035], [126.9671914, 37.630479705], [126.967180805, 37.630477944], [126.967170111, 37.630476715], [126.967161363, 37.630476106], [126.967152661, 37.630475797], [126.967142153, 37.630475834], [126.96713181, 37.630476623], [126.967122163, 37.630478344], [126.967112689, 37.630480887], [126.967103396, 37.630484072], [126.967075996, 37.630495379], [126.967068289, 37.630498229], [126.967060411, 37.630500837], [126.967052383, 37.630503199], [126.967044222, 37.630505302], [126.967035299, 37.630507262], [126.967026264, 37.630508936], [126.967017141, 37.630510354], [126.967007951, 37.63051153], [126.966997308, 37.630512589], [126.966986621, 37.630513346], [126.966975911, 37.630513802], [126.966965196, 37.630513927], [126.966954824, 37.630513702], [126.966944478, 37.630513177], [126.966934174, 37.630512391], [126.966923931, 37.630511366], [126.96689804, 37.630508312], [126.966889402, 37.630507598], [126.966879228, 37.630507213], [126.966869012, 37.630507258], [126.966858776, 37.630507647], [126.966848544, 37.630508311], [126.966821525, 37.630510548], [126.966812529, 37.630511004], [126.966802311, 37.630511086], [126.966792129, 37.630510693], [126.966782022, 37.630509825], [126.966772043, 37.630508441], [126.966764232, 37.630506929], [126.966756565, 37.630505036], [126.966749078, 37.63050274], [126.966739783, 37.630499192], [126.966730783, 37.630495081], [126.966722033, 37.630490526], [126.966713214, 37.630485445], [126.966704585, 37.630480076], [126.966696117, 37.630474485], [126.966687797, 37.630468714], [126.966681151, 37.630463915], [126.96666814, 37.63045405], [126.966653954, 37.630442511], [126.966638802, 37.630429209], [126.966631495, 37.630422405], [126.966611963, 37.630403544], [126.966604837, 37.630397339], [126.966596091, 37.630391002], [126.966587483, 37.630385766], [126.966578117, 37.630380815], [126.966568315, 37.63037624], [126.966558404, 37.630372125], [126.966546241, 37.630367699], [126.966535132, 37.630364227], [126.966525782, 37.630361781], [126.966520083, 37.630360583], [126.966516343, 37.630359996], [126.966514944, 37.630359981], [126.966506135, 37.630356316], [126.966496868, 37.630352861], [126.966496478, 37.630352759], [126.966492874, 37.630351817], [126.966481965, 37.630349446], [126.966477896, 37.630348721], [126.966473317, 37.630347589], [126.966464879, 37.630345172], [126.966454588, 37.630341776], [126.966443125, 37.630337435], [126.966432893, 37.630333012], [126.966422669, 37.63032804], [126.966412815, 37.630322642], [126.966403691, 37.630316953], [126.9663951, 37.630310742], [126.966387893, 37.630304738], [126.966374887, 37.630293134], [126.966367863, 37.630287167], [126.966323192, 37.630251416], [126.966315835, 37.630245153], [126.96630957, 37.630239545], [126.966285201, 37.630216578], [126.966279363, 37.630210668], [126.966274076, 37.630204946], [126.966258685, 37.630187514], [126.966253362, 37.630181814], [126.966246475, 37.630174969], [126.966232142, 37.630161549], [126.966218843, 37.630148819], [126.96620586, 37.630135827], [126.966193969, 37.630123278], [126.966188229, 37.630116891], [126.966182676, 37.630110409], [126.966162748, 37.630085709], [126.966156601, 37.630078691], [126.966150244, 37.630071797], [126.966137262, 37.630058298], [126.966130601, 37.630051753], [126.966123659, 37.630045453], [126.966116112, 37.63003934], [126.96610816, 37.630033626], [126.966101546, 37.630029377], [126.966094722, 37.630025408], [126.966087714, 37.630021735], [126.966080281, 37.630018235], [126.966072785, 37.630014949], [126.966056803, 37.630008058], [126.966048275, 37.630004637], [126.966039541, 37.630001817], [126.966030858, 37.629999897], [126.966004319, 37.629995698], [126.965995876, 37.62999408], [126.965987466, 37.629992264], [126.965979147, 37.629990239], [126.965971015, 37.629987937], [126.965963165, 37.629985263], [126.965954804, 37.629981699], [126.965947058, 37.629977525], [126.965940069, 37.629972714], [126.965934384, 37.629967717], [126.96591862, 37.629951328], [126.965912267, 37.629945626], [126.965905357, 37.629940191], [126.965897977, 37.62993503], [126.965889914, 37.629929966], [126.965866478, 37.629916363], [126.965859899, 37.62991238], [126.965853501, 37.629908257], [126.965847362, 37.629903938], [126.965840778, 37.629898772], [126.965821746, 37.629882783], [126.965814864, 37.629877566], [126.965800828, 37.629867391], [126.96579405, 37.629862158], [126.965787702, 37.629856631], [126.965781855, 37.62985057], [126.965776634, 37.629844122], [126.965772003, 37.629837356], [126.965767962, 37.629830406], [126.965757014, 37.629809072], [126.965753023, 37.629802147], [126.96574847, 37.629795502], [126.965743245, 37.629789328], [126.965737343, 37.629783522], [126.965730861, 37.62977807], [126.965722955, 37.629772307], [126.96571465, 37.629766806], [126.965685446, 37.629748125], [126.965678413, 37.629743881], [126.965660937, 37.629733902], [126.965652564, 37.629728636], [126.965644786, 37.629722874], [126.965637543, 37.629716649], [126.965630777, 37.629710071], [126.965624468, 37.629703217], [126.965619862, 37.629697735], [126.965606854, 37.629681243], [126.965602331, 37.629675769], [126.965597637, 37.629670577], [126.965585736, 37.62965862], [126.965576365, 37.629648675], [126.965566691, 37.629637926], [126.965562265, 37.629632347], [126.965552934, 37.629618746], [126.965548417, 37.629612631], [126.96554307, 37.629605893], [126.965529921, 37.629589952], [126.965522344, 37.629581376], [126.96551631, 37.629575193], [126.965510232, 37.629569641], [126.96550425, 37.629564901], [126.965496732, 37.629559985], [126.96549065, 37.629556727], [126.965488286, 37.629555646], [126.965486721, 37.629555043], [126.965486059, 37.629554949], [126.965481191, 37.62954552], [126.965478865, 37.629541584], [126.965464041, 37.629522572], [126.965448016, 37.629508814], [126.965420938, 37.629484884], [126.965415309, 37.629480337], [126.965410104, 37.62947649], [126.965405481, 37.629473401], [126.965400712, 37.629470524], [126.965395771, 37.629467905], [126.965377241, 37.629459637], [126.965373256, 37.629457595], [126.965367919, 37.629454481], [126.965362883, 37.629451095], [126.965358191, 37.62944747], [126.965353919, 37.629443637], [126.965350118, 37.629439602], [126.965346891, 37.629435372], [126.965344375, 37.629430941], [126.965342705, 37.629426442], [126.965341647, 37.629421835], [126.965340421, 37.629412935], [126.965339616, 37.629408606], [126.965338293, 37.629404503], [126.965335783, 37.629399945], [126.965332454, 37.629395644], [126.96532716, 37.629390073], [126.965324466, 37.629387525], [126.96532002, 37.629383744], [126.96531542, 37.629380353], [126.965313274, 37.629378968], [126.965309729, 37.629377036], [126.96530607, 37.629375584], [126.96530092, 37.629374443], [126.965296484, 37.629374132], [126.965291944, 37.62937435], [126.965288448, 37.629374866], [126.965284986, 37.629375657], [126.96527984, 37.629377297], [126.965269775, 37.629381157], [126.96526443, 37.629382487], [126.965259028, 37.629382897], [126.965253787, 37.629382063], [126.965248383, 37.629379519], [126.965243522, 37.629375739], [126.965239308, 37.629371329], [126.965235842, 37.629366873], [126.965233239, 37.629362934], [126.965231609, 37.629360051], [126.965231068, 37.629358732], [126.965206625, 37.629334521], [126.965189237, 37.6293164], [126.965185088, 37.629312412], [126.965158528, 37.629290395], [126.965150389, 37.629284121], [126.965147523, 37.629282219], [126.965144522, 37.629280481], [126.965141447, 37.629278989], [126.965138239, 37.629277659], [126.965131553, 37.629275328], [126.965112854, 37.629269804], [126.965103804, 37.629266855], [126.96509948, 37.629265298], [126.965092641, 37.6292625], [126.965088424, 37.629260466], [126.965086936, 37.629259547], [126.965081964, 37.629253137], [126.96507521, 37.629243276], [126.96506362, 37.629224538], [126.965047763, 37.629197143], [126.965034763, 37.629175953], [126.965012967, 37.629138974], [126.964999857, 37.629117445], [126.964995109, 37.629108683], [126.96499331, 37.62910473], [126.964991767, 37.629100739], [126.964990521, 37.629096709], [126.964989635, 37.629092636], [126.964989114, 37.629087826], [126.964989048, 37.629082968], [126.964989314, 37.629078071], [126.964989817, 37.629073147], [126.964993571, 37.629046544], [126.964994008, 37.629040372], [126.964994114, 37.629033776], [126.964993951, 37.629026835], [126.964993108, 37.62901299], [126.964990997, 37.628990873], [126.964969254, 37.628991136], [126.96496644, 37.628991086], [126.964963684, 37.628990824], [126.964961873, 37.628990415], [126.964959218, 37.628989575], [126.964944386, 37.628984023], [126.964939105, 37.628980133], [126.964934292, 37.628976836], [126.96492815, 37.628973052], [126.964920788, 37.628969151], [126.964911283, 37.628965082], [126.964900745, 37.628961627], [126.964889569, 37.628959028], [126.964879183, 37.62895757], [126.964868967, 37.628957026], [126.964856705, 37.628957632], [126.964845935, 37.628959535], [126.964837068, 37.628961803], [126.964819294, 37.628966652], [126.964809669, 37.628968854], [126.964799885, 37.628970771], [126.964780271, 37.628974032], [126.964770532, 37.628975444], [126.964753115, 37.62897758], [126.964745429, 37.628978233], [126.964735463, 37.628978665], [126.964714806, 37.628979], [126.964707469, 37.628979398], [126.964700105, 37.628980049], [126.964691071, 37.628981145], [126.964656519, 37.628986491], [126.964646204, 37.628987616], [126.964635828, 37.628988318], [126.964626264, 37.628988573], [126.964616718, 37.628988448], [126.964607225, 37.628987919], [126.964597825, 37.628986933], [126.964588566, 37.628985408], [126.964580118, 37.62898344], [126.96457181, 37.628981024], [126.964563621, 37.628978256], [126.964554481, 37.628974785], [126.964545488, 37.628971003], [126.964536664, 37.628966928], [126.964509106, 37.628953006], [126.964495399, 37.628946694], [126.964486805, 37.628943096], [126.964478097, 37.628939696], [126.964461527, 37.628933785], [126.964436248, 37.628925527], [126.964426517, 37.628922652], [126.964416676, 37.628920244], [126.964408841, 37.628918799], [126.964392898, 37.628916623], [126.964372104, 37.628914224], [126.964361626, 37.628913305], [126.964352448, 37.628912787], [126.964343267, 37.628912589], [126.96433411, 37.628912777], [126.964325128, 37.628913403], [126.964316226, 37.628914482], [126.964307438, 37.628916042], [126.964298037, 37.62891829], [126.964288754, 37.62892096], [126.964260385, 37.628930015], [126.964250382, 37.628932965], [126.964240279, 37.628935591], [126.964230045, 37.628937747], [126.964220767, 37.628939181], [126.96421139, 37.628940239], [126.96420195, 37.628941043], [126.964163014, 37.62894355], [126.964153089, 37.628943994], [126.964143228, 37.628944177], [126.964119841, 37.628943951], [126.964111546, 37.628944247], [126.964103225, 37.62894481], [126.96408653, 37.628946396], [126.964069932, 37.6289483], [126.964061708, 37.628949506], [126.964053588, 37.62895101], [126.96404567, 37.628952887], [126.96403792, 37.628955146], [126.964030365, 37.628957779], [126.964023042, 37.628960797], [126.964014054, 37.628965247], [126.964005516, 37.628970278], [126.963997447, 37.628975828], [126.963991143, 37.628980772], [126.963964832, 37.629003613], [126.963957359, 37.629009478], [126.96394946, 37.629014907], [126.96394091, 37.629019819], [126.963931882, 37.629024223], [126.963922489, 37.629028221], [126.963912815, 37.629031883], [126.963902923, 37.629035244], [126.963892853, 37.629038313], [126.963882627, 37.629041069], [126.963874118, 37.629043072], [126.96386553, 37.62904484], [126.963856879, 37.629046366], [126.963848177, 37.62904763], [126.96383859, 37.629048694], [126.963828987, 37.62904945], [126.963819402, 37.629049931], [126.963809872, 37.629050152], [126.963788971, 37.629050148], [126.963778764, 37.629050484], [126.963768778, 37.629051517], [126.9637602, 37.629053243], [126.96375183, 37.62905566], [126.963743662, 37.629058645], [126.963735704, 37.629062103], [126.963727975, 37.629065968], [126.963720285, 37.629070283], [126.96370516, 37.62907926], [126.963697446, 37.629083533], [126.963689435, 37.629087389], [126.963679987, 37.629091016], [126.963670099, 37.629094015], [126.963659881, 37.629096523], [126.96364942, 37.629098641], [126.963640012, 37.629100243], [126.963630497, 37.629101627], [126.963620904, 37.629102816], [126.963611253, 37.629103815], [126.963601558, 37.629104619], [126.96356477, 37.629106585], [126.96355561, 37.629107198], [126.963523801, 37.629110266], [126.96351325, 37.629111115], [126.963502706, 37.629111555], [126.963493522, 37.629111451], [126.963484054, 37.629110838], [126.963473447, 37.629109536], [126.963462691, 37.629107737], [126.963451499, 37.629105511], [126.963440178, 37.629102997], [126.963420183, 37.629098076], [126.963411007, 37.629095631], [126.963383314, 37.62908776], [126.963382021, 37.629087499], [126.963358318, 37.629087705], [126.963348795, 37.629087434], [126.963344051, 37.629086966], [126.963339309, 37.629086166], [126.9633347, 37.629085018], [126.963332617, 37.629084336], [126.963326564, 37.62908188], [126.963318688, 37.629078065], [126.963309053, 37.629072985], [126.963301219, 37.629068513], [126.963293519, 37.629063907], [126.963287553, 37.629060064], [126.963272153, 37.629049093], [126.96326831, 37.629045296], [126.963262899, 37.629039554], [126.963256725, 37.629032485], [126.963253769, 37.62902878], [126.963251126, 37.629025131], [126.963248965, 37.629021674], [126.96324748, 37.629018726], [126.963243645, 37.629010126], [126.963242148, 37.62900735], [126.963240514, 37.629004845], [126.963238659, 37.629002443], [126.963236587, 37.629000155], [126.963234099, 37.628997813], [126.963231405, 37.628995613], [126.963228543, 37.62899355], [126.963225536, 37.628991633], [126.963222396, 37.628989885], [126.963219118, 37.628988341], [126.963215933, 37.628987122], [126.963212644, 37.628986126], [126.963209272, 37.628985365], [126.963205828, 37.628984871], [126.963201949, 37.628984661], [126.96319802, 37.628984744], [126.963190088, 37.628985546], [126.963182172, 37.628986969], [126.963174399, 37.628988942], [126.963160683, 37.628993635], [126.963153783, 37.628995748], [126.963146749, 37.628997365], [126.963139468, 37.628998449], [126.963135114, 37.628998696], [126.96313036, 37.628998713], [126.963125382, 37.628998519], [126.963120355, 37.628998139], [126.963110775, 37.628996922], [126.96310301, 37.628995488], [126.96309788, 37.628994318], [126.96309053, 37.628997805], [126.963084733, 37.629000352], [126.963081487, 37.629001529], [126.963078359, 37.629002336], [126.963073578, 37.629003101], [126.963058946, 37.629004849], [126.963043718, 37.629007261], [126.963037819, 37.629008196], [126.963031167, 37.629008824], [126.96301453, 37.629009885], [126.963014158, 37.629011202], [126.963013047, 37.629013847], [126.963011233, 37.629017522], [126.963008744, 37.62902191], [126.963005615, 37.629026697], [126.963002294, 37.629031091], [126.962998579, 37.629035364], [126.962994581, 37.629039326], [126.96299068, 37.629042581], [126.962986738, 37.629045243], [126.962982866, 37.629047157], [126.962979128, 37.629048231], [126.962975028, 37.629048714], [126.962970829, 37.629048633], [126.962966612, 37.629048049], [126.962962447, 37.629046985], [126.962958118, 37.629045348], [126.962953874, 37.629043328], [126.962932476, 37.629031377], [126.962910102, 37.62901949], [126.96290098, 37.62901489], [126.962891638, 37.629010765], [126.962882041, 37.629007181], [126.962872209, 37.629004009], [126.962858847, 37.629000361], [126.962843617, 37.628996812], [126.96281638, 37.62899091], [126.962803455, 37.62898773], [126.962783856, 37.628982149], [126.962772146, 37.628978454], [126.962760432, 37.628974439], [126.962750882, 37.628973922], [126.962747464, 37.628973611], [126.962745018, 37.628973124], [126.962742752, 37.628972212], [126.96273636, 37.628968631], [126.962733081, 37.6289664], [126.962730483, 37.628963697], [126.962725406, 37.628957281], [126.962725694, 37.628956403], [126.962725449, 37.628954239], [126.962724555, 37.628951047], [126.962722597, 37.628946543], [126.962719652, 37.628941413], [126.962716739, 37.628937138], [126.962706848, 37.628923766], [126.962703853, 37.62891934], [126.962695948, 37.628906626], [126.96269374, 37.628903647], [126.962691265, 37.628900807], [126.962687867, 37.62889761], [126.962684112, 37.628894592], [126.962680402, 37.628891885], [126.962676534, 37.628889257], [126.96266861, 37.628884335], [126.96265641, 37.628877611], [126.962646531, 37.628872749], [126.962626715, 37.628864089], [126.962622351, 37.628862028], [126.962613873, 37.628857509], [126.962608582, 37.628854222], [126.962603517, 37.628850694], [126.962598691, 37.628846948], [126.962594231, 37.628843122], [126.962581342, 37.628831304], [126.962574442, 37.628825605], [126.962570775, 37.628822972], [126.962565579, 37.628819729], [126.962533914, 37.628801882], [126.962527161, 37.628798463], [126.962520204, 37.628795354], [126.96251328, 37.628792828], [126.962506639, 37.628791135], [126.962501014, 37.628790454], [126.962496189, 37.628790603], [126.962492418, 37.628791429], [126.962490007, 37.628792531], [126.962489189, 37.628793534], [126.962451964, 37.62880204], [126.962451526, 37.628802485], [126.962450115, 37.628803102], [126.962444968, 37.628804631], [126.962436809, 37.628806249], [126.962427613, 37.628807591], [126.962417066, 37.628808727], [126.9624101, 37.628809267], [126.962386594, 37.628810522], [126.962377493, 37.628811174], [126.962368892, 37.628812197], [126.962359316, 37.628814113], [126.962337692, 37.628820256], [126.962330797, 37.628821924], [126.962323778, 37.628823183], [126.962317343, 37.628823851], [126.962310843, 37.628824074], [126.962305117, 37.628823914], [126.962299413, 37.62882343], [126.96229221, 37.628822379], [126.962285109, 37.628820979], [126.962269687, 37.628817577], [126.962262476, 37.628816386], [126.962255221, 37.628815667], [126.962247367, 37.628815543], [126.962239621, 37.628816191], [126.962234306, 37.628817147], [126.962229102, 37.628818456], [126.962224406, 37.628819904], [126.96220188, 37.628827744], [126.962194001, 37.628829912], [126.962188986, 37.628830801], [126.962183956, 37.628831253], [126.962178285, 37.628831201], [126.962172746, 37.628830498], [126.962167399, 37.628829097], [126.962162326, 37.628827051], [126.962155603, 37.62882319], [126.9621492, 37.62881861], [126.962142771, 37.628813734], [126.96213597, 37.628808958], [126.962128126, 37.62880441], [126.96211963, 37.628800465], [126.962110601, 37.628797211], [126.962103148, 37.628795156], [126.962087789, 37.628791629], [126.962080058, 37.628789693], [126.962072166, 37.628787299], [126.96206439, 37.62878449], [126.962056769, 37.628781288], [126.962049347, 37.628777699], [126.962041575, 37.628773398], [126.962033983, 37.628768782], [126.962011481, 37.628754447], [126.961988695, 37.628740736], [126.961968637, 37.628729333], [126.961956738, 37.628723061], [126.961950982, 37.628720317], [126.961944207, 37.628717482], [126.961937242, 37.6287151], [126.961930772, 37.628713399], [126.961924157, 37.628712036], [126.961915738, 37.628710655], [126.961883883, 37.628706588], [126.961875289, 37.628704917], [126.961868054, 37.628702845], [126.961861161, 37.628700168], [126.961854637, 37.62869689], [126.96184925, 37.62869366], [126.961834865, 37.628684206], [126.961829108, 37.628680628], [126.961823152, 37.628677151], [126.961817006, 37.6286738], [126.96181018, 37.628670345], [126.961779808, 37.628656131], [126.961763234, 37.628648796], [126.961754807, 37.628645344], [126.96174625, 37.628642126], [126.961741085, 37.62864033], [126.961726834, 37.628635863], [126.96171962, 37.628633786], [126.961712339, 37.628631852], [126.961704721, 37.628630026], [126.961697035, 37.628628374], [126.961686528, 37.628626372], [126.961658871, 37.628621443], [126.961650392, 37.628619694], [126.961642909, 37.628617932], [126.961628106, 37.62861392], [126.96161781, 37.628610831], [126.961588245, 37.628601561], [126.96157004, 37.628596168], [126.961552943, 37.628591614], [126.961536947, 37.628587928], [126.96152212, 37.628584957], [126.961503068, 37.628581521], [126.961493499, 37.628579955], [126.961448083, 37.628573113], [126.961405013, 37.62856584], [126.961384352, 37.628562514], [126.961364109, 37.628559663], [126.961344279, 37.628557359], [126.961334334, 37.628556378], [126.961313401, 37.628554704], [126.961302915, 37.628554042], [126.961282043, 37.628553073], [126.96123089, 37.628551445], [126.961220888, 37.628551248], [126.961210891, 37.628551241], [126.961200671, 37.628551501], [126.961190459, 37.628552017], [126.961180262, 37.628552757], [126.961170084, 37.62855371], [126.961159231, 37.62855495], [126.96113761, 37.628557912], [126.961104835, 37.628562829], [126.961093847, 37.628564212], [126.961082854, 37.628565217], [126.96107377, 37.628565654], [126.961064693, 37.628565734], [126.961055642, 37.628565465], [126.961046638, 37.628564836], [126.961037706, 37.628563815], [126.96102889, 37.628562396], [126.961002572, 37.628557105], [126.960992356, 37.62855521], [126.960961452, 37.628549924], [126.960936798, 37.628545513], [126.960927086, 37.628544073], [126.960917311, 37.628542877], [126.960907486, 37.628541927], [126.960897622, 37.628541241], [126.960887446, 37.628540827], [126.960877249, 37.628540659], [126.960858639, 37.628540835], [126.960822911, 37.628541882], [126.960813487, 37.628541896], [126.960804606, 37.628541602], [126.960795781, 37.62854096], [126.960787033, 37.628539928], [126.96077852, 37.628538498], [126.960770086, 37.628536731], [126.960761716, 37.628534711], [126.960733952, 37.628527398], [126.960724781, 37.628525285], [126.960715519, 37.628523381], [126.960697381, 37.628520195], [126.96067968, 37.628517661], [126.960655934, 37.628514682], [126.960646631, 37.628513261], [126.960628095, 37.628509945], [126.960602241, 37.628505001], [126.960593896, 37.628503589], [126.960586487, 37.628502511], [126.960571567, 37.628500846], [126.960562838, 37.628500181], [126.960554084, 37.628499736], [126.960545316, 37.628499517], [126.960536541, 37.628499539], [126.960526261, 37.628499883], [126.960505716, 37.628501279], [126.960484849, 37.628503163], [126.960463768, 37.628505333], [126.960444973, 37.62850768], [126.960435782, 37.6285091], [126.960426794, 37.628510776], [126.96041808, 37.628512796], [126.960409723, 37.628515277], [126.96040183, 37.628518361], [126.960394148, 37.628522321], [126.960371149, 37.628536701], [126.960362454, 37.628541657], [126.960353358, 37.628546212], [126.960345482, 37.628549567], [126.960337327, 37.628552541], [126.960328938, 37.628555144], [126.960320341, 37.628557366], [126.960311466, 37.628559212], [126.960302438, 37.62856071], [126.960293295, 37.628561918], [126.960284061, 37.628562875], [126.960273616, 37.628563696], [126.960242029, 37.628565484], [126.960231959, 37.628566187], [126.960220794, 37.62856718], [126.960208926, 37.628568464], [126.960196743, 37.628570028], [126.960182422, 37.62857218], [126.960145854, 37.62857828], [126.960138222, 37.628579426], [126.960131462, 37.628580201], [126.960129024, 37.628584883], [126.960125573, 37.628592164], [126.960119919, 37.628605627], [126.960117874, 37.628609326], [126.96011661, 37.628611052], [126.960113488, 37.628614165]]}, "properties": {"vcursId": "121500V009", "name": "사모바위코스", "distanceKm": "4.3", "durationH": "02", "durationM": "30", "difficulty": "중", "section": "구기탐방지원센터~대남문~청수동암문~사모바위"}}]}