{"type": "FeatureCollection", "name": "trails", "crs": {"type": "name", "properties": {"name": "urn:ogc:def:crs:OGC:1.3:CRS84"}}, "features": [{"type": "Feature", "properties": {"name": "백화사입구~가사당암문", "section": "백화사입구~가사당암문", "length_km": 2.0}, "geometry": {"type": "LineString", "coordinates": [[126.94696676617977, 37.651764129069846], [126.94718787737641, 37.65179525824819], [126.94747405846596, 37.65178504753052], [126.94792957802883, 37.651443959917124], [126.9483849441818, 37.65130971486008], [126.94917853492525, 37.65114459170708], [126.94956886020316, 37.65101031595584], [126.94992028291826, 37.65070020213938], [126.95010264118498, 37.650338300060376], [126.95051922369066, 37.64984204827856], [126.95195051631028, 37.64913938060957], [126.95230186929784, 37.64890165340763], [126.95379804520466, 37.64838515442912], [126.95411032526712, 37.64821980181669], [126.95468271100843, 37.64810626538673], [126.9549299098403, 37.6480132824515], [126.9550080278179, 37.647889206153565], [126.95595782872277, 37.64743451392166], [126.95636119882289, 37.647186452540616], [126.95746707007874, 37.64672146547484], [126.95961788699871, 37.64562618182213], [126.96044319937702, 37.64548586306735], [126.96117993309296, 37.64562672520806]]}}, {"type": "Feature", "properties": {"name": "법용사입구~가사당암문", "section": "법용사입구~가사당암문", "length_km": 1.6}, "geometry": {"type": "LineString", "coordinates": [[126.96689954802775, 37.6500841359425], [126.96680979901016, 37.64989022750126], [126.96670398399678, 37.64974988743363], [126.96651795544005, 37.64961972835161], [126.966116978277, 37.649441033905944], [126.96592132364876, 37.64931597152503], [126.9658411573747, 37.649221557985605], [126.96578941685893, 37.64894093767485], [126.96550565143727, 37.64866495551669], [126.96533232325442, 37.6483263077726], [126.96530102451862, 37.647824674525886], [126.96504886571564, 37.64743583874914], [126.96460733257459, 37.647285217470596], [126.96362961879288, 37.64702155433485], [126.96271505810292, 37.6466450416049], [126.96213167857833, 37.646331332844966], [126.96195832503483, 37.64608046179091], [126.96161148751308, 37.64582953706613], [126.96134343566811, 37.64571657956596]]}}, {"type": "Feature", "properties": {"name": "백련사매표소~대동문", "section": "백련사매표소∼진달래능선∼대동문", "length_km": 2.7}, "geometry": {"type": "LineString", "coordinates": [[127.00475949696936, 37.6449451825909], [127.00465914064264, 37.64514235660927], [127.00416910912729, 37.645027353479826], [127.00399494261654, 37.64495459019236], [127.0037794478015, 37.644933467911876], [127.00351967958215, 37.64496633641822], [127.0030975549014, 37.64524801216093], [127.00294110114984, 37.645276182297295], [127.00264295198099, 37.645271489828374], [127.0022857686512, 37.64534895488339], [127.00155073006493, 37.64516117507735], [127.00131457382389, 37.64504146393211], [127.00110498566085, 37.64499451953954], [127.0007477991172, 37.64502737913304], [127.00048802918096, 37.64509309824164], [127.00024301448725, 37.6452597513609], [126.99999799207116, 37.645607146954546], [126.99982972706711, 37.64569398941567], [126.99967917158276, 37.64589820114002], [126.99941051841309, 37.646715041424976], [126.99911234945203, 37.647217348274275], [126.99893521787214, 37.647470850128805], [126.9986311450805, 37.647780682021256], [126.99844516072847, 37.64787925914626], [126.99835954610191, 37.64797314954245], [126.99833592450098, 37.6481656256581], [126.99823258918248, 37.64842616595975], [126.99804069076676, 37.64870079127528], [126.99788717523745, 37.64884631648083], [126.99765689617671, 37.64914910583565], [126.99728229337292, 37.649452866128016], [126.99699156086183, 37.64961004273904], [126.99611939062642, 37.64952678775733], [126.99602372035324, 37.64946253032219], [126.99592662368273, 37.649178632135765], [126.9958586412789, 37.64908934021831], [126.99537764539589, 37.648593605431635], [126.99525560738722, 37.64851981111897], [126.9948021309889, 37.64838239394855], [126.99418064935395, 37.64776005763215], [126.99395405058392, 37.647383888884335], [126.99328250963057, 37.64662117451185], [126.99290636240347, 37.64608128718235], [126.99252089361468, 37.645940621214926], [126.99228488646564, 37.64575599113718], [126.99176892529067, 37.64524627263462], [126.99151141371934, 37.6448682092141], [126.99114296685713, 37.6445741913014], [126.98999185255198, 37.643460778943684], [126.98948032657543, 37.64278574561981], [126.98894552803573, 37.642277146311955], [126.98843401942867, 37.64158361663923], [126.98812012057184, 37.64132468578614], [126.98766667518585, 37.64113046077123], [126.9873643388524, 37.64121364046491], [126.98671327348342, 37.64077898507433], [126.98628308908843, 37.64059400360124]]}}, {"type": "Feature", "properties": {"name": "밤골입구~밤골계곡", "section": "밤골입구~밤골계곡", "length_km": 0.9}, "geometry": {"type": "LineString", "coordinates": [[126.95943425424691, 37.67549962145297], [126.95987447374257, 37.67549457911451], [126.96012951982522, 37.67542191174443], [126.96043037100327, 37.675286891194304], [126.96083598161279, 37.67488166419734], [126.96097987778889, 37.67479856135721], [126.96114351842228, 37.674466004591444], [126.96115667740021, 37.67431009950684], [126.96143795696064, 37.67408152352453], [126.96169297644656, 37.67405042735585], [126.96183031050056, 37.67399850295585], [126.96201342886194, 37.67392060992273], [126.96228814252942, 37.6737336091271], [126.96241236720391, 37.67374404407775], [126.96294842915007, 37.6739157226769], [126.96368076414298, 37.67386398745299], [126.96384421661332, 37.67387963319884], [126.96403379956317, 37.67394205751627], [126.96428226128435, 37.67394213629519]]}}, {"type": "Feature", "properties": {"name": "정진~족두리봉", "section": "정진~족두리봉", "length_km": 1.4}, "geometry": {"type": "LineString", "coordinates": [[126.9356409461263, 37.62170794969174], [126.9359380840179, 37.621520059996485], [126.93611107633608, 37.62152474093871], [126.93636777230944, 37.62142397568999], [126.9365438497889, 37.62119702895624], [126.93660165891478, 37.62103193940786], [126.93675748022322, 37.620885247104106], [126.93682588958869, 37.6207255340328], [126.93696139917257, 37.62056665667394], [126.93678762119168, 37.62025378807583], [126.93677486785903, 37.62009482958968], [126.93751173294032, 37.62014038460859], [126.93808887724272, 37.62010347825023], [126.93894667913283, 37.620190783145325], [126.93910269681213, 37.620141236559725], [126.93933682149024, 37.619955262261605], [126.94042881119285, 37.6197697281462], [126.94102131853887, 37.62001817065581], [126.94164536001641, 37.61985719986388], [126.94236320476601, 37.61941091629268], [126.94253503216845, 37.619088422946895], [126.9428939503798, 37.6188652811926], [126.94306574699273, 37.61858000762207], [126.94306593258814, 37.618344279878414], [126.94294142448726, 37.61799682500342]]}}, {"type": "Feature", "properties": {"name": "용암사입구~문수봉", "section": "용암사입구∼의상능선∼문수봉", "length_km": 3.9}, "geometry": {"type": "LineString", "coordinates": [[126.95160107908677, 37.65321313001505], [126.95140320648373, 37.65312048945403], [126.9512754730126, 37.65298493070484], [126.95107672385856, 37.65284933881937], [126.95107682047757, 37.652702538313314], [126.95094912768093, 37.65251051450532], [126.95093526446472, 37.65201364978567], [126.95079352700485, 37.65158448464746], [126.95077952377824, 37.651290879670775], [126.95110634238402, 37.65105388377688], [126.95131958616754, 37.650749085970766], [126.95255550435469, 37.650275330459785], [126.9534361419973, 37.650128894877206], [126.95359250669432, 37.649914404306955], [126.95400447368932, 37.64975648013615], [126.95468645393456, 37.64931635257614], [126.95505571381382, 37.64930520951299], [126.955396504084, 37.64940697368943], [126.95587937472962, 37.649407161272585], [126.95640488379632, 37.64936219457658], [126.95700128498002, 37.649509220422054], [126.95818020877081, 37.64926122933472], [126.95997013596556, 37.648437537384446], [126.96053833313324, 37.64822318603933], [126.96087981170061, 37.64706020033732], [126.96086577732227, 37.64675530415674], [126.96092281209728, 37.64633751346426], [126.96127813629896, 37.645806896119325], [126.96142033439605, 37.64546817774975], [126.96159090283423, 37.64518593197159], [126.96174731902842, 37.64480204549194], [126.96161969760773, 37.64445194462589], [126.96164827930399, 37.64411318234427], [126.96180459874235, 37.64390997587323], [126.96204614536055, 37.64367291885317], [126.96235862650039, 37.64356010188642], [126.96279890661845, 37.64346990822997], [126.9634095797233, 37.64341364725493], [126.96386407279725, 37.643289577208044], [126.96411977058506, 37.64313156866175], [126.96470211990203, 37.64290590527188], [126.96508555191404, 37.642894733708104], [126.96549750082663, 37.64263513622616], [126.96555439535082, 37.64245447986411], [126.96556874199052, 37.642149591736775], [126.9657535043823, 37.64183346514244], [126.9666628419606, 37.64077226460627], [126.96693274400619, 37.64058037518897], [126.96733054254977, 37.64017396893473], [126.96758622584308, 37.640004659840876], [126.96767152349489, 37.63979013126192], [126.96833906106842, 37.63951930486895], [126.9685948005374, 37.63921448614429], [126.96887900524253, 37.63875158267377], [126.96883661255401, 37.63827729474434], [126.9689220381428, 37.63776916649557], [126.96912094929952, 37.6375094990852], [126.96914981520304, 37.63643674106036], [126.96909314529253, 37.636131835441375], [126.96912165087004, 37.63589470776073], [126.96947666649615, 37.63582704691352], [126.96971819489029, 37.6355109309611], [126.96970409554686, 37.6352737891735], [126.96983206081013, 37.63487859209791], [126.96981798810995, 37.63457369788022], [126.9697612823451, 37.634359130544375], [126.96961935365438, 37.6342122922739], [126.96942060732592, 37.63411060585016], [126.96969342175552, 37.63358151947907], [126.96970167191063, 37.6334966128239], [126.969997522149, 37.63305254502018], [126.97035905592485, 37.632660746870634], [126.9707040406903, 37.63254979919984], [126.97133656288364, 37.63221685293691], [126.97183758206482, 37.63211900697045], [126.97230570181995, 37.63213218619846]]}}, {"type": "Feature", "properties": {"name": "송추폭포입구~오봉능선", "section": "송추폭포입구~오봉능선", "length_km": 1.9}, "geometry": {"type": "LineString", "coordinates": [[127.00191191782011, 37.71115130938864], [127.00210498123052, 37.71092123944326], [127.00221309824151, 37.71070344353926], [127.00224012586487, 37.710608347000395], [127.00217062023054, 37.710424293947014], [127.00238601546181, 37.709820418080845], [127.00268938889238, 37.709338371950274], [127.00304332935019, 37.709097340005926], [127.00354894029245, 37.708334092725835], [127.00395342740622, 37.70785203804956], [127.00456016484434, 37.707651171478446], [127.00536914242443, 37.70732978225628], [127.00587474363608, 37.70696822871967], [127.00668363061382, 37.7055220546253], [127.00673414949671, 37.70495966503489], [127.00736932687094, 37.70470276184801], [127.00773745421972, 37.70417089495983], [127.00813905488101, 37.703771988751676], [127.00860757820388, 37.703213523211595], [127.00870792250024, 37.70257530237851], [127.0087413048172, 37.70167116142686], [127.00870776265921, 37.700899984743785], [127.0086072803233, 37.70010222015711], [127.00820558848179, 37.699251286633505], [127.00790434265812, 37.69882582714801], [127.00760305060875, 37.69776214903643], [127.007454064364, 37.697438985705595], [127.0075416683336, 37.69718833806498], [127.00745987092688, 37.69698411242591], [127.0072670879389, 37.6967520406662], [127.00716778029839, 37.696700989948965], [127.00757082067634, 37.696533873017884], [127.00800891909017, 37.69644101809056], [127.00816078376727, 37.69628319812875], [127.00823669606748, 37.69602790707597], [127.00843529605258, 37.69593970464255], [127.00884419988623, 37.69601858834883]]}}, {"type": "Feature", "properties": {"name": "승가매표소~비봉능선", "section": "승가매표소~비봉능선", "length_km": 1.61}, "geometry": {"type": "LineString", "coordinates": [[126.95795332833832, 37.61360515537591], [126.95798272553867, 37.6139868172318], [126.95816202965167, 37.61417410513435], [126.95814325275603, 37.61433069142979], [126.95827054566773, 37.614563279563804], [126.95838478045032, 37.61526158250329], [126.95857474765113, 37.61563168492774], [126.95883795121327, 37.616294539668445], [126.95904333560641, 37.616648697911195], [126.95902041113852, 37.616801435484156], [126.95909412081194, 37.61705527030787], [126.95896935804963, 37.61736111013563], [126.95895546028879, 37.6175132806595], [126.95899106359445, 37.61764420916041], [126.95916730224697, 37.617862035868384], [126.9592085911234, 37.617964311574674], [126.95890749294921, 37.61843911728537], [126.95882512813333, 37.6186682995914], [126.95907679784978, 37.6191165352704], [126.95925633110055, 37.619741879947355], [126.95949515299786, 37.62007938050715], [126.9598264203523, 37.62038943443345], [126.96000866080801, 37.62083493909993], [126.96030212547943, 37.621314902016586], [126.96035188627398, 37.62189416160447], [126.96031906925015, 37.62247681916424], [126.96040461889592, 37.62285345577042], [126.9603814830975, 37.62311986827526], [126.96060352026313, 37.62351862840923], [126.96064989273965, 37.62365703795308], [126.960642847101, 37.62391651702406], [126.96051982648717, 37.62413154011925], [126.96053268488673, 37.624453015814225], [126.9607477839368, 37.62491853567824], [126.96077071295184, 37.62515393816404], [126.96082912374071, 37.62524389264782], [126.96099049801597, 37.62536522164557], [126.96100840689931, 37.625422292302616], [126.96074822492824, 37.62557200899102], [126.96046120633198, 37.62560044644956], [126.95986911110708, 37.62585704772518], [126.95947440271603, 37.6259853103822], [126.95925011573082, 37.62609936722946], [126.95868495931066, 37.62628463788828], [126.95842469099138, 37.626577020735745], [126.95811961601477, 37.62679091430966], [126.9580119017135, 37.626940679650566]]}}, {"type": "Feature", "properties": {"name": "용학사~부왕동암문", "section": "용학사~부왕동암문", "length_km": 0.9}, "geometry": {"type": "LineString", "coordinates": [[126.97342820598449, 37.64540753818614], [126.97313163876203, 37.64496552632288], [126.97283971012511, 37.644714524548256], [126.97278323101898, 37.644598407381196], [126.97149306478593, 37.64363555591502], [126.97115880381335, 37.64326843692482], [126.97087084429187, 37.643172766971276], [126.97035427459969, 37.64310844704738], [126.97016058630199, 37.643024957368176], [126.97016882269786, 37.642633431936055], [126.96987031431881, 37.64229959118384], [126.96948322742715, 37.64147792109347], [126.96934608455973, 37.641298166661606], [126.96890222186033, 37.641137583946694], [126.96863595632452, 37.64091928220526], [126.96837773821841, 37.6407651659495], [126.96794193885907, 37.64061741762099], [126.9676433597843, 37.64047612579939], [126.96729638454843, 37.640257796614826]]}}, {"type": "Feature", "properties": {"name": "효자원~대동사입구", "section": "효자원∼원효봉∼대동사입구", "length_km": 2.64}, "geometry": {"type": "LineString", "coordinates": [[126.95059316325084, 37.65692600230755], [126.9507678254681, 37.65682839562846], [126.95145984387962, 37.65669245362752], [126.95238442187623, 37.656911338643205], [126.95273685223354, 37.656911483431344], [126.95303112242809, 37.656849912784594], [126.95359191564228, 37.65697667119971], [126.95399435210817, 37.657209038638], [126.95446000894066, 37.65733473962463], [126.9548940685588, 37.65749808471883], [126.95557296328397, 37.65746069343174], [126.95640965310002, 37.6575551567171], [126.95705677204087, 37.65785663663343], [126.95734871961048, 37.65807012659768], [126.95760914386038, 37.65820201210187], [126.95783002209458, 37.65845940242785], [126.95783778714636, 37.65867905759011], [126.95789299384775, 37.658766940623586], [126.95804293759205, 37.658842304993286], [126.95823237132775, 37.658880029758905], [126.95854015246984, 37.659024485257106], [126.95906898987953, 37.65913136605469], [126.95935309075546, 37.65928208325549], [126.95939250044158, 37.659388788704064], [126.95958974781506, 37.6595771299344], [126.95965289880853, 37.65957715514785], [126.96018982121034, 37.65935141606261], [126.96038718990738, 37.65932010280726], [126.9605530066763, 37.65924485371265], [126.96097934860072, 37.659132035185536], [126.9610819147251, 37.65923248228813], [126.96120031848558, 37.65925135267471], [126.96132672866865, 37.65905057062038], [126.96199788631546, 37.65873700738624], [126.96263737631884, 37.65859287539493], [126.96352963886983, 37.65811620755621], [126.96396380672294, 37.6581100711411], [126.96415329020748, 37.65805364967572], [126.96473763146973, 37.65766473323615], [126.96525085333151, 37.65742641239313], [126.96537715179791, 37.65742645038753], [126.96645842568977, 37.65782215120942], [126.96677415392222, 37.657878728691195], [126.96738987666679, 37.657878907367724], [126.96746095997466, 37.65776387125709], [126.96760587045156, 37.65734553011212], [126.9677638407297, 37.65714684026136], [126.9677901935826, 37.65705271131279], [126.96793498843748, 37.656885398456346], [126.96827713913426, 37.65669722242542], [126.96829035286913, 37.65656124924293], [126.96844834327995, 37.65631026410118], [126.96882998059327, 37.65605933690814], [126.96934306046862, 37.656090855648166], [126.9700535693242, 37.655913235195], [126.97042201813474, 37.655735519227385], [126.97057993772474, 37.655620503242815], [126.97078553003037, 37.655327021569335]]}}, {"type": "Feature", "properties": {"name": "북한산성입구~위문", "section": "북한산성입구∼대서문∼위문", "length_km": 4.1}, "geometry": {"type": "LineString", "coordinates": [[126.96272507737628, 37.65238598934713], [126.96280577920616, 37.65250039625696], [126.9627880216018, 37.652676981196215], [126.96260112904532, 37.6529096986987], [126.96254850180134, 37.65313490036936], [126.96290017214949, 37.653464122221216], [126.96327266724867, 37.65356297322728], [126.96389351551683, 37.6536619028538], [126.96501092207573, 37.65410654512704], [126.96552832100618, 37.6541560725928], [126.96629398778323, 37.654403130783905], [126.96726657299939, 37.65478188675765], [126.96786680881712, 37.65473269361245], [126.96838423506588, 37.65473284177618], [126.96875676123878, 37.654782309613736], [126.96908791092821, 37.654782402512645], [126.96958454903483, 37.65499645535913], [126.96977075607377, 37.65516105659186], [126.97018463329346, 37.65530926655507], [126.97179901770565, 37.655309683282184], [126.972688964926, 37.655392177288014], [126.97376521922367, 37.65539243801019], [126.97422049763873, 37.65555709389343], [126.97508970814336, 37.65577120901187], [126.97544151378297, 37.65591938661931], [126.97587607272072, 37.656166308701096], [126.97657971214065, 37.6563803765057], [126.97715916194642, 37.656627326486195], [126.97761443115839, 37.656874249231905], [126.97811110985134, 37.657071809860355], [126.97885610653042, 37.65746687971069], [126.97935279815432, 37.657664437873876]]}}, {"type": "Feature", "properties": {"name": "백운매표소~깔딱고개", "section": "백운매표소~깔딱고개", "length_km": 1.9}, "geometry": {"type": "LineString", "coordinates": [[127.00220212859017, 37.658108908570796], [127.00196474375069, 37.65837103019963], [127.00174054193084, 37.65849160659922], [127.00151168039086, 37.658497456450284], [127.0007980470148, 37.658248126554085], [127.00039992262506, 37.65821308266392], [126.99969818403531, 37.65807153922245], [126.99949464325411, 37.6579953161604], [126.99900914440768, 37.65773349080713], [126.99882079539714, 37.657594286415424], [126.9983230648327, 37.65711433126727], [126.99819614091494, 37.65703107690136], [126.9979340152439, 37.65695872821695], [126.99760638372706, 37.65694313547962], [126.99737043547941, 37.65697619805224], [126.99699909808658, 37.657209496458684], [126.99690956758113, 37.6572272476839], [126.99646679975751, 37.65707794355498], [126.99626496698637, 37.65705487386437], [126.99575929520978, 37.65709296873666], [126.99513881689323, 37.65721061216508], [126.99469196421397, 37.657232487718915], [126.99432150049854, 37.65716237538506], [126.99362602974503, 37.656854478898985], [126.99355168742355, 37.65686969873514], [126.99317427878859, 37.65717006689536], [126.99262448713345, 37.65754403177007], [126.99246773635181, 37.65770439869416], [126.99212974371413, 37.65815468416662], [126.99099871160664, 37.659130098284066], [126.99045126988352, 37.65954252465769], [126.99028667559152, 37.65983560125417], [126.99008183729237, 37.65997465870817], [126.98975209827731, 37.66012665591907], [126.98927729639583, 37.66018427475905], [126.98893437229309, 37.66031530165769], [126.98860464592472, 37.66038341404836], [126.98770776573627, 37.66066116264397], [126.98731207236054, 37.66082363114738], [126.98686363438301, 37.66093366728494], [126.9865273328275, 37.66088644134805], [126.98632952527657, 37.66076060040521]]}}, {"type": "Feature", "properties": {"name": "포대입구~우이암", "section": "포대입구~도봉주능선~우이암", "length_km": 2.2}, "geometry": {"type": "LineString", "coordinates": [[127.01600166518095, 37.70113210001681], [127.01595675162004, 37.70108408309324], [127.01577689163024, 37.70100761596848], [127.01578245270086, 37.700505139578524], [127.01572585218396, 37.70042172088912], [127.01551729879567, 37.70031615332276], [127.0152876323995, 37.70009517550892], [127.01513843409327, 37.69962527314055], [127.0150240048633, 37.69954014713868], [127.0149746553877, 37.69942194411165], [127.01497802387999, 37.6992543623488], [127.01507375189175, 37.69881908837472], [127.01503606297618, 37.69860682565332], [127.0149591692533, 37.69853241480847], [127.01485677020017, 37.69849746908348], [127.0145549192199, 37.69848057072542], [127.0144129232819, 37.69832552727837], [127.01397228831799, 37.69831278870286], [127.0138603450918, 37.698169010674754], [127.01380773065885, 37.69817460010315], [127.01365281932483, 37.69836800097809], [127.01350007719581, 37.69834216345341], [127.0132681681042, 37.69818532894376], [127.01299001328577, 37.69814184418144], [127.01270565327232, 37.698259633882635], [127.01206126038346, 37.69829186586551], [127.01185927736148, 37.6980893505384], [127.01177137686885, 37.69794168709261], [127.01149887210235, 37.697743593075124], [127.01133170525651, 37.6975669269398], [127.01106476766886, 37.6974245083889], [127.01096304134839, 37.697322887230534], [127.01090644379529, 37.697203424810006], [127.01057950223067, 37.69692748678505], [127.01040655892245, 37.69672649283841], [127.01028820886705, 37.69612249095205], [127.01023989622573, 37.69603438105288], [127.01014566638106, 37.69600772223536], [127.01005497658392, 37.69612278487997], [127.00989806005693, 37.6962362301369], [127.00963568492476, 37.69627643730199], [127.00934835134926, 37.69617203549144], [127.00925649228363, 37.69605762169719], [127.0092090945487, 37.696042220828], [127.00911362506466, 37.696069614088984], [127.00886802541011, 37.69602848952875], [127.00930701750029, 37.69569641735183], [127.009364382717, 37.69562532582942], [127.0093728751084, 37.69552000039147], [127.00913380754196, 37.695128366156105], [127.00907300684192, 37.69491799176766], [127.0089186707501, 37.694771235686744], [127.00886366099671, 37.69461510200482], [127.00884074188531, 37.694469236498136], [127.00900816634734, 37.694117754945104], [127.0089750211667, 37.6938181802699], [127.00885786352912, 37.693544834068135], [127.00866269260032, 37.69322013849891], [127.00843153546334, 37.69249820411162], [127.00829919976051, 37.692313510923746], [127.00824022343399, 37.69214737813935], [127.0082188953056, 37.69206574958473], [127.00826060913958, 37.69192600756287], [127.00846102826921, 37.69158254002154], [127.00849137692403, 37.6912682793908], [127.00822160409878, 37.69091088006357], [127.00814664761465, 37.69076708849418], [127.00809730790155, 37.6905741956753], [127.00810149188183, 37.69048184312618], [127.00821767144325, 37.69017685735214], [127.00814847253908, 37.68983341202883], [127.00819035438825, 37.68921515861116], [127.00814532576894, 37.689047128884724], [127.00815790411131, 37.68898856339794], [127.00838803457627, 37.688792585244244], [127.00876745544304, 37.68837846965908], [127.00881646134883, 37.68766191949215], [127.00906888239608, 37.687120500893734], [127.00907952502605, 37.68699995270657], [127.00896920436655, 37.685973747786605], [127.00888243878578, 37.68569841871171], [127.00888593296875, 37.6855192119431], [127.00896877496457, 37.68524684063297], [127.00882240128904, 37.685154951602875], [127.00871626901788, 37.684999364506055], [127.00842953492139, 37.68483116945583], [127.00839051444565, 37.684745313760416]]}}, {"type": "Feature", "properties": {"name": "북악매표소~형제봉삼거리", "section": "북악매표소~형제봉삼거리", "length_km": 1.6}, "geometry": {"type": "LineString", "coordinates": [[126.99216521508404, 37.612000969591044], [126.99209581769054, 37.612224090676364], [126.9920978151561, 37.61232006137663], [126.99195531537643, 37.612586710708406], [126.99156138416505, 37.613092813886134], [126.99137199532896, 37.61330971286481], [126.991159891981, 37.61345430542482], [126.99087204678057, 37.613592861753126], [126.99040993233437, 37.61407485336906], [126.99028873318919, 37.614135097371495], [126.98907681618908, 37.61414100150883], [126.98851625084299, 37.61443016020792], [126.98794808658545, 37.61486995391395], [126.98783444330161, 37.615002499391935], [126.98785712577589, 37.615213389663886], [126.98798587172698, 37.61534596217901], [126.98809948487376, 37.61537007739549], [126.98822823669038, 37.61545444782371], [126.98817517707779, 37.61567738220342], [126.98799335856346, 37.61583402414945], [126.98766763366476, 37.61591231858818], [126.98751612486633, 37.6159966534162], [126.9874251810852, 37.61624368515513], [126.98721303347588, 37.616538905780104], [126.98700090180476, 37.61673771880087], [126.98694026581636, 37.61693052480252], [126.98662966547455, 37.61710522086684], [126.98683720102959, 37.6176931677163], [126.98685286794674, 37.61798080815992], [126.98664843384307, 37.61821839712424], [126.98644394266259, 37.61871861498485], [126.98606657260659, 37.6188936534216], [126.98568919046954, 37.61913121648134], [126.9849501944873, 37.61934371881082], [126.98473004784016, 37.6194812565585], [126.98439984814244, 37.61961877455147], [126.98381809394799, 37.619718737724604], [126.98320486937914, 37.61991873950962], [126.98281176552459, 37.62009376434841], [126.98224573037834, 37.62019372103802]]}}, {"type": "Feature", "properties": {"name": "백운대매표소~백운대", "section": "백운대매표소~하루재~위문~백운대", "length_km": 2.0}, "geometry": {"type": "LineString", "coordinates": [[126.99112280051062, 37.6582676674543], [126.99012327681173, 37.65904691089129], [126.98989845498002, 37.6595068851555], [126.98936762609569, 37.65970831763572], [126.98882239642516, 37.660236689813075], [126.98840626257633, 37.66081829146783], [126.98832012962738, 37.661137618816255], [126.98810011381156, 37.66138469926908], [126.98793747023763, 37.6616660014052], [126.98770788452089, 37.661924485574495], [126.98724396158967, 37.6622361641898], [126.98686617179322, 37.662262729414735], [126.98666533270911, 37.66221708635185], [126.98624448793917, 37.66231967708179], [126.98570412732465, 37.662224564349835], [126.98560371153788, 37.66217512914441], [126.98546029883985, 37.66194700910426], [126.98526427418616, 37.661756903749705], [126.98492963406117, 37.661296861150156], [126.98500617710734, 37.6611714161902], [126.98497274174363, 37.660992736030224], [126.98504449611008, 37.66087489360129], [126.98494888501612, 37.66073802339536], [126.98506853070589, 37.66031225772072], [126.9846526159889, 37.65978377093356], [126.98407407359107, 37.65947195493242], [126.98318001698993, 37.65881413578006], [126.98285487960291, 37.658692433305255], [126.98250106439721, 37.658513702072334], [126.98217114458951, 37.658411002970944], [126.98190811666971, 37.65850219678153], [126.9816450722477, 37.658665626357035], [126.98134858752245, 37.65869598694163], [126.9808895692772, 37.658543841779995], [126.98074261302067, 37.65819076296593], [126.98066168625111, 37.65808347435474], [126.97952837813409, 37.65768278780703], [126.97931241872983, 37.65792589767841], [126.97906950854512, 37.658025971872505], [126.97875466489987, 37.658047367638645], [126.9783768247646, 37.658154564001805], [126.97818788845368, 37.65825464699743], [126.97801685868117, 37.65862649407739]]}}, {"type": "Feature", "properties": {"name": "화계동매표소~칼바위능선", "section": "화계동매표소~칼바위능선", "length_km": 1.25}, "geometry": {"type": "LineString", "coordinates": [[127.00877476000043, 37.63292477067962], [127.00879068795501, 37.63264311033244], [127.00889071004502, 37.632225868361196], [127.00861008789022, 37.632074134168704], [127.00783557609084, 37.63156536533278], [127.00743147866812, 37.6311413769275], [127.00694881521629, 37.63072185305243], [127.00688461749047, 37.630543623670036], [127.0069145654475, 37.63019796577515], [127.00668600249537, 37.62997448980661], [127.00585632633816, 37.62965566321417], [127.00558106324057, 37.629395335687654], [127.00501926227209, 37.62955953038467], [127.00430834764623, 37.6291364735999], [127.00389463772468, 37.62911845936364], [127.0035001875789, 37.62921963386284], [127.00325794847127, 37.62924242853375], [127.00293060632002, 37.62921338789058], [127.00215056256192, 37.62932943901392], [127.00198220325909, 37.62941424116635], [127.0018475199871, 37.62957045496499], [127.00154447855836, 37.62972667134278], [127.00129755249405, 37.62978469260877], [127.00094400138042, 37.630137290168584], [127.0007644197588, 37.63026672421948], [127.00060166792213, 37.63047649607176], [127.00047259401116, 37.63056129556603], [126.99965324114814, 37.63063716319825], [126.99922673807924, 37.63049432956307], [126.99895175035144, 37.63052110540255], [126.9988282821175, 37.63064607338402], [126.99858135495113, 37.63065052874045], [126.99831197478764, 37.630784420265925], [126.99817728799262, 37.63078441714481], [126.99751508246696, 37.63063264464894], [126.99730183307136, 37.63052551903036], [126.99705490739468, 37.63047195118565], [126.99686411187291, 37.630351436473845], [126.99670698542502, 37.63022199671658], [126.99638712768882, 37.62984706703311], [126.99624122771179, 37.62975333419706], [126.99617950415359, 37.62965067506435], [126.99630297023387, 37.6295435626325], [126.99634225985872, 37.629463224654664], [126.99635349307849, 37.62934718208434], [126.99627493271886, 37.6292266695303]]}}, {"type": "Feature", "properties": {"name": "녹야원입구~다락능선", "section": "녹야원입구~다락능선", "length_km": 1.84}, "geometry": {"type": "LineString", "coordinates": [[127.0325453740128, 37.6880817892168], [127.03238771327355, 37.68825056646731], [127.0322969034115, 37.68869893807365], [127.03109675643398, 37.691288107618185], [127.03106660800684, 37.69175574627798], [127.03083025833972, 37.692396993575294], [127.0307697509463, 37.69281161134884], [127.03059400722924, 37.693308217704185], [127.0305334702371, 37.69364569940727], [127.03020598672987, 37.69399288693941], [127.02976920845529, 37.69410387527106], [127.02916260426987, 37.69434988813813], [127.02843481475405, 37.69503945397044], [127.02767673861702, 37.69590257545531], [127.02743413239271, 37.696129217829444], [127.02711878345131, 37.69653424651426], [127.02686404186984, 37.696770529199696], [127.02663966644218, 37.697093580652556], [127.02633033463371, 37.6973780831013], [127.02600893492617, 37.697879531955856], [127.02519604349565, 37.6982605528864], [127.02498372858874, 37.69840040236466], [127.02471685925444, 37.69869935668734], [127.02467451264737, 37.69909467984714], [127.02387381258764, 37.69974084562686]]}}, {"type": "Feature", "properties": {"name": "탕춘대매표소~절터샘", "section": "탕춘대매표소~절터샘", "length_km": 1.0}, "geometry": {"type": "LineString", "coordinates": [[126.95248488553038, 37.61442302133057], [126.9524180710136, 37.61450767418491], [126.9523476820238, 37.614540655600976], [126.95206098962048, 37.614995716580765], [126.95183964326226, 37.615176627349534], [126.95177635887264, 37.61529727584984], [126.95176993863299, 37.61543805310558], [126.95171930561163, 37.615543620564246], [126.95138400313517, 37.615995996882404], [126.95125108001614, 37.61627248085291], [126.95103596670343, 37.61657406856619], [126.95083363950752, 37.61666448407483], [126.95062504506176, 37.61667445176573], [126.95045238049812, 37.61692314358108], [126.95045215508911, 37.617255364929996], [126.95039229021415, 37.61754959471305], [126.95015341721012, 37.617862729771055], [126.94998607903132, 37.61826132192661], [126.95000693990792, 37.61839345073576], [126.95023856519563, 37.61857680945165], [126.9504583277186, 37.61889179521568], [126.95056043492876, 37.61950009322283], [126.95049184561815, 37.61976044970627], [126.95019322350113, 37.62033181727992], [126.95003653080624, 37.62055330554274], [126.95000690277723, 37.62065519164713], [126.9502969506414, 37.62097199330706], [126.9504988367459, 37.621454617381936], [126.95118131516814, 37.62146496466667], [126.95147194306116, 37.621555564677124], [126.95158558933004, 37.62170640536022], [126.95187617809674, 37.62185731898964], [126.9525585118056, 37.62208882151337], [126.95296276888459, 37.622370466970246], [126.95319013137153, 37.622581670321644], [126.95325304378935, 37.62301397192343]]}}, {"type": "Feature", "properties": {"name": "빨래골매표소 정릉초교~산성주능선", "section": "빨래골매표소 정릉초교~산성주능선", "length_km": 4.05}, "geometry": {"type": "MultiLineString", "coordinates": [[[127.00342808915376, 37.625025937761414], [127.00343888453042, 37.624940045942544], [127.00332729170471, 37.62487419405169], [127.0031653086314, 37.62486560736733], [127.00289093008286, 37.62497303602493], [127.00278242183465, 37.624767244833386], [127.00280406284853, 37.62454728946371], [127.00299397016278, 37.62430974937798], [127.00291528758196, 37.62406891727107], [127.002928212131, 37.62378093622884], [127.00301548707506, 37.62345181125865], [127.00298962475254, 37.62336181719086], [127.00301548162274, 37.62315611793851], [127.00351331424113, 37.622955550286726], [127.00313548431394, 37.62263257301656], [127.00326170694922, 37.62235725679569], [127.00328242155483, 37.622187984156035], [127.00326218645698, 37.622101777809895], [127.00329686613159, 37.62205465125582], [127.00351218566699, 37.62196268974003], [127.00359455277913, 37.62196039355214], [127.00365524493837, 37.62190636660398], [127.00371304342613, 37.62172935412325], [127.00364878056459, 37.621600367156624], [127.00371156829253, 37.621544366043466], [127.00362524993572, 37.621405764546225], [127.00371903500312, 37.62129852828688], [127.00361352322396, 37.62119129017756], [127.00385384348212, 37.6209814748909], [127.00388107250726, 37.620772058594284], [127.0038069405617, 37.62060381922758], [127.0038245200228, 37.620501241393235], [127.003894857469, 37.62038001853684], [127.00400036299177, 37.62029142954677], [127.00412345605064, 37.620244800522336], [127.00438049311069, 37.61999957853884]], [[127.00911676101478, 37.62754668120565], [127.00876024100874, 37.62739678661795], [127.0083053795389, 37.627279484604465], [127.00763335028232, 37.627295814941476], [127.00712522581273, 37.62724043431113], [127.00678921524069, 37.62726000530777], [127.0064409118167, 37.62730890666344], [127.00596967999341, 37.62747839980845], [127.00483049637012, 37.62732851718081], [127.00423222921683, 37.62734483031443], [127.00392024417354, 37.62703014977049], [127.00389522217505, 37.62675166164566], [127.00405778375378, 37.626453278174345], [127.00404526597005, 37.62613500434129], [127.00417030655274, 37.625826671720354], [127.00409526859113, 37.625578023127595], [127.0040327300603, 37.62519012690683], [127.00385765286592, 37.62497131644879], [127.00364506932777, 37.62494148400421], [127.00333244870795, 37.625070786040936], [127.00324491786897, 37.62517024805382], [127.00293229620257, 37.62530949979614], [127.00251963345828, 37.62528960861343], [127.0017568261685, 37.62561783392124], [127.00048131218738, 37.625717291942124], [127.00016868728018, 37.625796855981385], [126.99991858088696, 37.62599577353017], [126.99934333879412, 37.62619468684788], [126.99899318438284, 37.6265030077487], [126.99851796750957, 37.627069923691714], [126.99783015145184, 37.62758709851464], [126.99755500553856, 37.62804460827459], [126.99674211114348, 37.62869107086035], [126.99640443135017, 37.6291684695042], [126.99539143031382, 37.62969556314949], [126.99469109506158, 37.6298845004067], [126.99421588173783, 37.6298247939752], [126.99385318999622, 37.63007342388834], [126.9937406004204, 37.63043147225343], [126.99375304947311, 37.630998399432], [126.99356540904448, 37.631465851650226], [126.99332776384236, 37.63172443098729], [126.992389770408, 37.63204263727347], [126.99133918324095, 37.6325895851072], [126.98993845600597, 37.63279832214654], [126.98950066963357, 37.63323590721559], [126.98896284462658, 37.63355412232728], [126.9877246388096, 37.63395182788969], [126.98686155502162, 37.634667838054], [126.98671141267876, 37.63498609321947], [126.98576081504868, 37.63545343580405], [126.9853230151663, 37.63575175751361], [126.98488514598773, 37.636358405548], [126.984659978411, 37.63654734644629]]]}}, {"type": "Feature", "properties": {"name": "기자촌~향로봉", "section": "기자촌~향로봉", "length_km": 1.8}, "geometry": {"type": "LineString", "coordinates": [[126.93875643832558, 37.63255020022327], [126.93905588163184, 37.63247709915216], [126.9404837240579, 37.63244121694736], [126.94139357195404, 37.63220359079514], [126.9419117872818, 37.63213059055812], [126.94262586317126, 37.63191117034112], [126.94350993076775, 37.63126056996125], [126.94364528128703, 37.63072406446825], [126.94382558195757, 37.63022335269456], [126.94407320624632, 37.6299015322929], [126.94429857242619, 37.62927564268223], [126.9445460960966, 37.629079018123996], [126.94490593640285, 37.629043418799945], [126.94533328706265, 37.62895419530383], [126.94562598449065, 37.628489304320134], [126.94567136142172, 37.6279527537797], [126.94591908154854, 37.627487842641514], [126.946031773699, 37.627148066836654], [126.9465940340294, 37.62705890328303], [126.9469763283296, 37.62705907780513], [126.94758338291693, 37.62722032866474], [126.94783050725337, 37.62756027161831], [126.94870738597257, 37.62777529456657], [126.94906744812867, 37.62741774150166], [126.94940505848994, 37.627006520615616], [126.94992248786731, 37.626702690481906], [126.95059723194134, 37.62654201175819], [126.9509121794363, 37.626363291600285], [126.95109217775594, 37.62622028207107], [126.95205916847534, 37.62618491948556], [126.95289115218287, 37.62627469287939], [126.95356584807678, 37.626167656195314], [126.95372350087149, 37.62579212041944]]}}, {"type": "Feature", "properties": {"name": "진관계곡~비봉", "section": "진관계곡~비봉", "length_km": 3.62}, "geometry": {"type": "LineString", "coordinates": [[126.94347897682216, 37.640621340767495], [126.94366124403395, 37.64045955014355], [126.94450792420855, 37.64013619584878], [126.94469021726533, 37.63994032247676], [126.94479755851583, 37.639676252673794], [126.9450335938299, 37.63925036231807], [126.94523729202409, 37.63908005865803], [126.94543023060308, 37.63896938773331], [126.94584845906712, 37.638458379944595], [126.9462559175357, 37.638024048885654], [126.946502586915, 37.637683358944784], [126.94685620419041, 37.637606841915144], [126.94788482755644, 37.637488032073165], [126.94836709277948, 37.63729229080767], [126.9494567857439, 37.636370258523705], [126.95009724075364, 37.63615738190626], [126.95043974405141, 37.63613384855843], [126.9506333712164, 37.636062880549716], [126.95106535828066, 37.6358380675268], [126.95124419008012, 37.63562499004404], [126.95170587984721, 37.63550676770708], [126.95212298083064, 37.63525826119469], [126.95221262405867, 37.63480830536377], [126.95225757710418, 37.63438201563482], [126.95240676016643, 37.63395576980658], [126.95261544236448, 37.63362428412466], [126.95294320378832, 37.633352053332324], [126.95289887570864, 37.63283099020033], [126.95295862878795, 37.632534968437405], [126.9529440224279, 37.63209680822124], [126.95278045878985, 37.631753328464356], [126.95331559073821, 37.63171283888737], [126.95345544369515, 37.63130583145762], [126.953897805236, 37.63080642682453], [126.9540842115703, 37.630362432282034], [126.95424740340327, 37.62982590971082], [126.95424778018086, 37.62923381279923], [126.95438803290604, 37.6281791956397], [126.9542258034061, 37.62719847252213], [126.95452872362594, 37.62642146715821], [126.95452912006633, 37.625792364701866]]}}, {"type": "Feature", "properties": {"name": "수리봉계곡입구~정진사입구", "section": "수리봉계곡입구~정진사입구", "length_km": 1.9}, "geometry": {"type": "MultiLineString", "coordinates": [[[126.93637136567376, 37.61429910183967], [126.93552863980834, 37.61478181419781], [126.93555493601357, 37.615265097604144], [126.93522946765292, 37.615552360510904], [126.93516893434953, 37.615897263283316], [126.93504820057548, 37.616213382014294], [126.93505055474571, 37.61650995678346], [126.93542098263876, 37.616913043889696], [126.93577034352798, 37.61685574937744], [126.9361076101731, 37.61685593472024], [126.93613984616908, 37.6169403638204], [126.93600324732645, 37.617126341966525], [126.93595245913339, 37.61725654798344], [126.93595625816506, 37.61736818236708], [126.93602245787267, 37.6174457406962], [126.93633036286899, 37.617511031092654], [126.93665361794734, 37.61785230237293], [126.93678672383899, 37.6179495367885], [126.93697898654499, 37.61801165870548], [126.93701008057775, 37.61811503723307], [126.93692111389855, 37.61881785054479], [126.9370457450815, 37.618950222511174], [126.93711824029573, 37.61926861961641], [126.93689969682019, 37.61954137611968], [126.93683196570564, 37.619723257288385], [126.93677690884547, 37.620093003307936], [126.93664979208305, 37.620171813305916], [126.93661854103526, 37.62025302689806], [126.93638117584695, 37.62036454247029], [126.9362808356816, 37.620460181733996], [126.93582770750287, 37.62063607704103], [126.93538353438007, 37.62070370519511], [126.9351008463811, 37.620799772307635], [126.93483126059593, 37.62093817870084], [126.93466898667799, 37.62111582999956], [126.93491083349916, 37.62130363457422], [126.9349756547849, 37.62172278177174], [126.93504340303997, 37.62176334003196], [126.93502461070148, 37.62178771053192]], [[126.93502236813559, 37.62178771151179], [126.93478012390463, 37.621826817701205]]]}}, {"type": "Feature", "properties": {"name": "다락원입구~다락능선", "section": "다락원입구~다락능선", "length_km": 1.3}, "geometry": {"type": "LineString", "coordinates": [[127.0387118591909, 37.69541227918638], [127.03853249337921, 37.6956569318438], [127.03841087104036, 37.69573886976592], [127.03823990746739, 37.695788568496674], [127.03775214421282, 37.69583746899525], [127.03744626501584, 37.69591513945434], [127.03695650740603, 37.69629325642863], [127.03675812566034, 37.696389183562054], [127.03627266984122, 37.69653123483952], [127.03600853753548, 37.69665853786264], [127.0355636398622, 37.69697221191072], [127.03528546351363, 37.69737728450961], [127.03473330770133, 37.697790307009704], [127.03441707128208, 37.697893876141435], [127.03374734885251, 37.6979975407455], [127.03309618260464, 37.69799771685121], [127.03240783912753, 37.6980718158401], [127.03198002022113, 37.69829367152292], [127.03166382000964, 37.69850071402644], [127.03051069474306, 37.6994618974381], [127.02980375942266, 37.6996099007889], [127.02902233453828, 37.69958051840712], [127.0287618737303, 37.6996101454852], [127.02820387881408, 37.700053761639474], [127.02796214543267, 37.700438175087356], [127.02794359715834, 37.700600793273594]]}}, {"type": "Feature", "properties": {"name": "안말~체력단련장", "section": "안말~체력단련장", "length_km": 1.2}, "geometry": {"type": "LineString", "coordinates": [[127.03849028976613, 37.71330990403072], [127.03789812425504, 37.71319412829902], [127.03753217158719, 37.713194239192], [127.03718881198773, 37.71296902397528], [127.03696753367703, 37.71287145092948], [127.03686908553908, 37.71261761391611], [127.0368689470537, 37.712324691223465], [127.03662303309994, 37.71210995463984], [127.0363770731603, 37.711797574830996], [127.03563950860882, 37.71152439679517], [127.03529536400039, 37.71150496837793], [127.03512322479742, 37.71134879378986], [127.03480360850038, 37.71121218541739], [127.03445948559529, 37.711231809137956], [127.03411542477434, 37.71140766086476], [127.0338942122568, 37.71144677661741], [127.03359932409263, 37.71164214024553], [127.03310778326383, 37.71183755647297], [127.03268987970199, 37.71177908211324], [127.0320998489243, 37.71158395458136], [127.03165738689931, 37.71158406718227], [127.03106747723724, 37.71168185800476], [127.03055122017314, 37.71154528869488], [127.02932206805161, 37.71129171853641], [127.02880577833515, 37.711057502552435], [127.0284124837919, 37.71105759216342], [127.02829100119149, 37.71101473122893]]}}, {"type": "Feature", "properties": {"name": "형제봉매표소~일선사", "section": "형제봉매표소∼형제봉∼일선사", "length_km": 2.38}, "geometry": {"type": "LineString", "coordinates": [[126.98216223883489, 37.612769472089944], [126.9825430374498, 37.61278322855419], [126.98280233599782, 37.61267289386375], [126.98313156475257, 37.61263184265764], [126.98353609863354, 37.61269626775057], [126.98406645234161, 37.61293234839189], [126.98443496364403, 37.613268523739364], [126.98470456511906, 37.61370480782275], [126.98500119493603, 37.613905091538065], [126.98540573849992, 37.61395520871581], [126.98555854612567, 37.61406250257517], [126.98555852318908, 37.61416977814116], [126.98550455228006, 37.61431280269879], [126.98475830455045, 37.614605911786036], [126.9843896310926, 37.61493483177367], [126.98388609950919, 37.6152780293322], [126.98337360098355, 37.61547819604337], [126.98325670212628, 37.615592602288515], [126.9830408455126, 37.615957297840644], [126.98249228460595, 37.616536487161035], [126.98255516124144, 37.61675104190166], [126.98228530969809, 37.61729451689299], [126.98223126154508, 37.61769499533914], [126.98191649485757, 37.61805967285364], [126.98189847020014, 37.618231305123885], [126.98203330299276, 37.618331448147096], [126.98206022188624, 37.618538849952834], [126.98200616661323, 37.61896078184473], [126.98202409647338, 37.61916817842807], [126.98219484967957, 37.61943281374521], [126.98235665551944, 37.61954726722807], [126.98246450627147, 37.619697466209445], [126.98246447995108, 37.61980473803935], [126.98232958664109, 37.61992629126951], [126.9822576158606, 37.620083616065145], [126.9821137285805, 37.62022662650764], [126.9820597364874, 37.620405404424986], [126.98175391256099, 37.62091311072675], [126.98168191922531, 37.621149101172264], [126.98152901334241, 37.62137792375318], [126.98100743699402, 37.621728262436406], [126.9808815169076, 37.621899876806026], [126.98083635890808, 37.62262932331212], [126.98071042281447, 37.62284384921427], [126.98024277186704, 37.62322994974636], [126.9797750443138, 37.62385920024405], [126.97966706124922, 37.62415239089232], [126.97951419629926, 37.62420242327026], [126.97922639943397, 37.62444552420207], [126.97888466646575, 37.624652851874146], [126.97865081546281, 37.62488165643496], [126.9788575077624, 37.625246426113435], [126.97884846408019, 37.62541806039422], [126.97895626587832, 37.625747052499825], [126.97897409912514, 37.62624051004085], [126.97904590654831, 37.626655316272966], [126.97920761818148, 37.627120195610146], [126.9790081660469, 37.627976524984966]]}}, {"type": "Feature", "properties": {"name": "삼천사계곡~사모바위", "section": "삼천사계곡~사모바위", "length_km": 2.7}, "geometry": {"type": "LineString", "coordinates": [[126.95828286766796, 37.63847545470227], [126.9583013439571, 37.63842266090834], [126.95823508761853, 37.63817329433815], [126.95826241425378, 37.6378255476947], [126.95837503640045, 37.63762684084207], [126.95866456096041, 37.63692300723711], [126.95870215332373, 37.63676372627452], [126.95870083688479, 37.63668443787039], [126.95858725529727, 37.6363829310569], [126.95860695795389, 37.6361985054791], [126.95901703894205, 37.63525514059232], [126.95919418324463, 37.634511260133], [126.95934396790507, 37.634075864122], [126.9595081730307, 37.633784545789844], [126.95971654434919, 37.633527115095376], [126.95992174915783, 37.63318162341754], [126.95999468893625, 37.63300659153942], [126.96007555063959, 37.63263306938192], [126.96009593770262, 37.632221956012046], [126.95988380718637, 37.631473980206785], [126.95987321756202, 37.63114512064924], [126.96012493540843, 37.63053109260865], [126.96035711801855, 37.62977533588333], [126.96041994162819, 37.629658050158454], [126.96055572151363, 37.629037542840635], [126.9605480032437, 37.62896345914113], [126.96036953144935, 37.62886462447029], [126.96016787047158, 37.628586753681084]]}}, {"type": "Feature", "properties": {"name": "의정부시청뒤~백인굴", "section": "의정부시청뒤~백인굴", "length_km": 1.3}, "geometry": {"type": "LineString", "coordinates": [[127.03139306301233, 37.7334383270702], [127.03116151345628, 37.73333172530898], [127.03077141127109, 37.733360269213165], [127.03005783906916, 37.73330177893481], [127.02921368641955, 37.733357851964435], [127.02898512396547, 37.733539483902575], [127.0285982020974, 37.733525604428785], [127.02819364652528, 37.73337205166862], [127.02715592526354, 37.733106899340825], [127.02706791267532, 37.732883436327924], [127.02710298772104, 37.7326040749012], [127.02726108391086, 37.73205930656838], [127.02712024970509, 37.73165427463182], [127.02675080003915, 37.731263262559466], [127.02631102388928, 37.73092813271484], [127.0257128418139, 37.73017400745928], [127.02543141573928, 37.7300204231679], [127.02546646964502, 37.72965725694743], [127.02558946088546, 37.72930804289041], [127.02558939259357, 37.72909852720922], [127.02536070817105, 37.72888906198934], [127.02511441119975, 37.728595791490136], [127.02507913555758, 37.72827454104723], [127.02529007283924, 37.72798118051185], [127.02476236154199, 37.72753432124864], [127.02474470208693, 37.72729687737278], [127.02441044669187, 37.72686394386946]]}}, {"type": "Feature", "properties": {"name": "산성분소~보리사", "section": "산성분소~보리사", "length_km": 1.0}, "geometry": {"type": "LineString", "coordinates": [[126.95068684338965, 37.65479389922305], [126.95095841138881, 37.654864324553564], [126.95141335839641, 37.65464355068863], [126.95172290552337, 37.654593461565135], [126.95253775086708, 37.65458877985253], [126.95277138932725, 37.6547094049556], [126.95297352700335, 37.65469944629367], [126.9531945581947, 37.65477486615499], [126.95357972944088, 37.65500101604399], [126.95364913774557, 37.65511152903064], [126.95385121024553, 37.655207028967475], [126.95402808615921, 37.65519705879993], [126.95475459254548, 37.65505170646344], [126.95483036491665, 37.65509693672343], [126.9548428444662, 37.65534302210577], [126.95511418705179, 37.65578004568521], [126.95522151639109, 37.65587048446864], [126.95527195032093, 37.656031206814454], [126.95545506470455, 37.656146788273425], [126.95567610008271, 37.656227225730895], [126.9559667318008, 37.65613192021559], [126.95627635246078, 37.6559663137579], [126.95627007402044, 37.65590102204277], [126.95670603821746, 37.65572039738443], [126.95719875172144, 37.655700492866345], [126.95749567302525, 37.6556403401356], [126.95770418923641, 37.65552491165278], [126.95784325891871, 37.65535421480074], [126.9581212706411, 37.655218721317986], [126.95817821066751, 37.65506808356767], [126.95837408558697, 37.65496268984081], [126.95877860239489, 37.65452089973477], [126.95895555081154, 37.654375322400725], [126.95924618792937, 37.65424987450537], [126.95988420134925, 37.654174773624696], [126.96006744483014, 37.65406435197365], [126.96026869198555, 37.65406413094814], [126.96088970498235, 37.65378121213455], [126.96125066405061, 37.653490752732466], [126.96161625383614, 37.65329901741448], [126.96181548574918, 37.653127715142354], [126.9617639873146, 37.6530475986386], [126.96177580365502, 37.652852016407586], [126.96189537563804, 37.65268813891948], [126.96246486769968, 37.65233627614812], [126.96271858343907, 37.65237928269386]]}}, {"type": "Feature", "properties": {"name": "송추~사패능선", "section": "송추~사패능선", "length_km": 1.8}, "geometry": {"type": "LineString", "coordinates": [[126.99763666942616, 37.71061540165684], [126.99786226805764, 37.71062257911465], [126.99854808242641, 37.71079465601656], [126.99900829731668, 37.71104558381942], [126.99922486663553, 37.71131084372862], [126.99959484241414, 37.71161195028511], [126.99993775752657, 37.71169798107848], [127.00140868504057, 37.711210495957395], [127.002681069394, 37.7110312656638], [127.00294276235638, 37.71081619072765], [127.0033578618871, 37.71055809675949], [127.00424220121712, 37.7103860230228], [127.0057672736914, 37.71083763024777], [127.00688628499634, 37.71136092684283], [127.00828508003555, 37.712084929914326], [127.00839337678018, 37.712170953387336], [127.00870922451537, 37.71221394633135], [127.00981020966412, 37.71252931236758], [127.01016218595952, 37.712830387615305], [127.0110646733161, 37.713317815690786], [127.01134444012804, 37.71344683580969], [127.01175055056281, 37.7135686731133], [127.01245449584641, 37.713912727130264], [127.01338638329115, 37.714250318075905]]}}, {"type": "Feature", "properties": {"name": "성불사입구~범골능선", "section": "성불사입구~범골능선", "length_km": 0.6}, "geometry": {"type": "LineString", "coordinates": [[127.02032297960088, 37.72908337429612], [127.02040335821503, 37.728731850734945], [127.02032286748381, 37.72863998932033], [127.0201920954384, 37.72858408701752], [127.02031770703984, 37.728120710338786], [127.02029751753263, 37.727833114021486], [127.0202220577562, 37.72773326653994], [127.02017167624331, 37.72737377308373], [127.02064748406103, 37.7270255228327], [127.02067444858399, 37.726853886102276], [127.02074643762965, 37.726682239527015], [127.02076437839916, 37.726424787075594], [127.02099834804382, 37.725945601760046], [127.02105227422422, 37.725580873827965], [127.02126818550067, 37.72492290446689], [127.02125913487984, 37.72474411979033], [127.0211870810354, 37.72465116291373], [127.02115103613235, 37.72452244530358], [127.02100695516283, 37.72443665328586], [127.02088086974304, 37.72428649134318], [127.02085378658428, 37.724014741941], [127.02074571016624, 37.72387888495158], [127.02072766062842, 37.723707254389325], [127.02078163598802, 37.72353560836671], [127.02079056331702, 37.72323525033757]]}}, {"type": "Feature", "properties": {"name": "회룡골~사패능선", "section": "회룡골~사패능선", "length_km": 3.3}, "geometry": {"type": "LineString", "coordinates": [[127.0350646101649, 37.72297014138666], [127.03470353629797, 37.72284837102449], [127.03437854467032, 37.722683573111034], [127.03407163891647, 37.72257612318379], [127.03392722356126, 37.722561826060215], [127.03310571909377, 37.72211039699083], [127.03245580455346, 37.721888329721985], [127.03195939258202, 37.72185261255917], [127.03162541042607, 37.72173799319571], [127.03138172346286, 37.721738057716635], [127.03064153792849, 37.72144430965658], [127.03059612454228, 37.720713079349665], [127.0307314094692, 37.720483637583605], [127.0306049761832, 37.720275764553314], [127.03035218532527, 37.72004641695026], [127.03007228280622, 37.719723876363744], [127.02828533335618, 37.71975297239629], [127.02820413622516, 37.71983902058265], [127.02791535259335, 37.71988926893774], [127.02758142403582, 37.71989651102528], [127.02714819603153, 37.71983208434939], [127.02690447621876, 37.71969592492442], [127.0263178456197, 37.71969604983342], [127.02608315863782, 37.7195885619097], [127.02545134811119, 37.71940947065806], [127.02456675024504, 37.718936487466614], [127.02405226800786, 37.71874302149001], [127.02360094703313, 37.71849936043387], [127.02333012245158, 37.71824132585388], [127.0229600402092, 37.71801915208637], [127.02269829128936, 37.71791883242992], [127.02238241643076, 37.71789021148442], [127.02205746260843, 37.71768953494335], [127.02143468730823, 37.71745306601077], [127.021109699914, 37.71708749464105], [127.02069450798614, 37.71688683082266], [127.01954826326154, 37.71645687213037], [127.0191150243174, 37.71622752744161], [127.01765288742104, 37.715561010968074], [127.01622690177878, 37.71503068881354], [127.01338638329115, 37.714250318075905]]}}, {"type": "Feature", "properties": {"name": "삼천사계곡입구~부왕동암문", "section": "삼천사계곡입구∼삼천사∼부왕동암문", "length_km": 3.0}, "geometry": {"type": "LineString", "coordinates": [[126.94036645247786, 37.64455989718221], [126.94063328777715, 37.64462756121535], [126.94077889778048, 37.64458904983438], [126.94094895082901, 37.644328680889224], [126.94125234254857, 37.64419378609691], [126.94171361239313, 37.64384675085244], [126.94213842430786, 37.643576865897884], [126.94249037171659, 37.64340340407614], [126.94332742051556, 37.643413465079576], [126.94397031753583, 37.64349095608596], [126.94418841294407, 37.643838333030224], [126.9441881808787, 37.64413737013916], [126.94429729061541, 37.64423388880101], [126.9444549748526, 37.6442629035877], [126.94462463370199, 37.644504147589444], [126.94477021534134, 37.644494572063614], [126.94496438363998, 37.64440784635903], [126.94549821586396, 37.64434057634749], [126.94559516608012, 37.644475674131904], [126.94581346928182, 37.644562595129855], [126.94611675279099, 37.64456273773906], [126.94656585194345, 37.64424461413119], [126.9469664584761, 37.64387823569922], [126.94716076028654, 37.64359857916326], [126.94708828338689, 37.64317409968864], [126.9468943731229, 37.64291355516133], [126.94659120060543, 37.64276871853569], [126.94657915569779, 37.64265295598056], [126.94736765849882, 37.642682260914626], [126.94790137114835, 37.64275967687255], [126.94839875800045, 37.64275025460238], [126.94881114005419, 37.642856551088045], [126.94966030937785, 37.64287621756659], [126.95003642672246, 37.6427992138359], [126.95063098032956, 37.64261618744262], [126.95104348198706, 37.64254884186441], [126.95104357993436, 37.64240414392293], [126.9514076244792, 37.64224030907427], [126.95180802424596, 37.64212472100407], [126.95226899796414, 37.642134561285765], [126.95390694405182, 37.64173972758167], [126.95465942374807, 37.64116124181665], [126.95496286710622, 37.64089126303803], [126.95529049784624, 37.640737048094024], [126.95553326743276, 37.640486334010745], [126.95622503782828, 37.639965695768176], [126.9564678199162, 37.639686038807234], [126.95692899270723, 37.639338943941446], [126.95734156427008, 37.6391172310447], [126.95817890317161, 37.638548400050716], [126.95856719601028, 37.63834596624028], [126.9589675468433, 37.63825929173528], [126.95912519585606, 37.638346167799796], [126.95946483492195, 37.63836558252969], [126.95990163891439, 37.63817280804126], [126.96060613529484, 37.638060914298876], [126.96135068172102, 37.63817959943296], [126.96158895828417, 37.63817967847291], [126.96331666030251, 37.63777759504365], [126.96382303065573, 37.63770670264496], [126.96462710070168, 37.637920127310935], [126.96483543989649, 37.6382281025349], [126.96531179747737, 37.638630904145025], [126.96581796651866, 37.63898634023383], [126.96697924291507, 37.639697250636296], [126.96724706900335, 37.64021841181758]]}}, {"type": "Feature", "properties": {"name": "도봉서원~산정약수", "section": "도봉서원~산정약수", "length_km": 0.2}, "geometry": {"type": "LineString", "coordinates": [[127.02797146208133, 37.687839209064734], [127.02797142596611, 37.68775077942233], [127.0288630832945, 37.687264763243405], [127.02902613447131, 37.6871172259302], [127.02894715508442, 37.68646913881556], [127.02908755671672, 37.685914867593574]]}}, {"type": "Feature", "properties": {"name": "탕춘대매표소~암문", "section": "탕춘대매표소~암문", "length_km": 1.2}, "geometry": {"type": "LineString", "coordinates": [[126.95062018908159, 37.61666807111883], [126.95062038716632, 37.61637872806765], [126.9508163408759, 37.61623414347561], [126.95097035809495, 37.61604502300976], [126.9510497374453, 37.6158929678942], [126.95089138405415, 37.61560355951613], [126.9508821163531, 37.615514529060235], [126.95092415828894, 37.61540697059239], [126.95114309223189, 37.61512349154776], [126.95124288714067, 37.61465751392516], [126.9511988140221, 37.61444646425957], [126.95124337926453, 37.6139277033066], [126.95146480580333, 37.6133914313066], [126.95160860176571, 37.61324201412171], [126.95182974787552, 37.61311900387968], [126.95192945708281, 37.61277612544486], [126.95199602953089, 37.612389265425634], [126.9517200247422, 37.611905540856334], [126.95160988690702, 37.611316368226774], [126.95149948574728, 37.61112288025867], [126.95144435907218, 37.61092062042144], [126.95112389567198, 37.61080617633181], [126.95092506309739, 37.61063023115221], [126.95084788508306, 37.610348826391515], [126.95075958290015, 37.610172929228106], [126.95092554634788, 37.609918006939004], [126.95093674526089, 37.60969818996554], [126.95081537158843, 37.6093991791526], [126.95079340021873, 37.60919693354438], [126.95083777320059, 37.60895954429663], [126.95101649032793, 37.60878609824951], [126.9511366598406, 37.608534192951986], [126.95144770043751, 37.60818064572898]]}}, {"type": "Feature", "properties": {"name": "성불사입구~천진사", "section": "성불사입구~천진사", "length_km": 1.0}, "geometry": {"type": "LineString", "coordinates": [[127.02435513795768, 37.688149463848916], [127.02395450768292, 37.688008056415015], [127.02375420713955, 37.687990409034505], [127.02336471017077, 37.68787552202799], [127.02255230532333, 37.687513114290546], [127.02228523722702, 37.68747778579492], [127.022107158761, 37.68732749037596], [127.02181782452789, 37.6872479540919], [127.02169540102514, 37.68715954459568], [127.02165082899944, 37.686929635516485], [127.0209163963679, 37.68680596068761], [127.02069379508298, 37.68659376727818], [127.02074936169313, 37.68631962732967], [127.02059355667805, 37.686240068183054], [127.02041552759502, 37.68626662578568], [127.02023752220686, 37.68637276705639], [127.02003724094135, 37.68641701409545], [127.01977015613676, 37.68629325485721], [127.0194919771594, 37.68627561117102], [127.0190690626195, 37.68593964519727]]}}, {"type": "Feature", "properties": {"name": "육모정고개~우이깔딱고개", "section": "육모정고개 인근∼우이깔딱고개 (우이암∼왕관봉 구간 폐쇄로 단축)", "length_km": 6.0}, "geometry": {"type": "LineString", "coordinates": [[126.99391227325164, 37.67115438317791], [126.99380368504009, 37.670428824815225], [126.99393411977337, 37.670048784642354], [126.9943253563431, 37.6695823794657], [126.9940863510043, 37.669029564634315], [126.99380388215971, 37.66852857140599], [126.99360835368074, 37.66794120477548], [126.99376052013916, 37.66752661522788], [126.9939778736981, 37.66721567620416], [126.99406482120546, 37.667008381373506], [126.99421700433616, 37.666386490232014], [126.99393452691457, 37.66605824552473], [126.99352164735501, 37.66585091641624], [126.99286979704314, 37.6650216686654], [126.99254386196588, 37.664762516450516], [126.99204405068922, 37.66469337716728], [126.99163117529034, 37.66455514390054], [126.99087060768166, 37.66439960225868], [126.99045776524348, 37.66407133801822], [126.9900231714423, 37.66391582049974], [126.98958859192844, 37.6636566482103], [126.98887144416001, 37.6638120492807], [126.98869759923923, 37.66381203311643], [126.98848032647545, 37.663604706689924], [126.98812297073566, 37.66398491396107], [126.98803684311679, 37.66398726579277], [126.98797151336392, 37.66394948138289], [126.98778750713684, 37.663615788880705], [126.9878083670783, 37.66319732681667], [126.98774609160581, 37.662855941689756], [126.98705357398622, 37.66231075541406], [126.98679742390249, 37.661710559683016], [126.98665894206826, 37.66151232458069], [126.98629894396612, 37.660724906944566], [126.98595266688332, 37.66062024626584], [126.9855233190982, 37.66032836517358], [126.98499004472382, 37.660190638035104]]}}, {"type": "Feature", "properties": {"name": "위문~대남문", "section": "위문∼용암문∼대동문∼보국문∼대성문∼대남문", "length_km": 4.3}, "geometry": {"type": "LineString", "coordinates": [[126.97951065898931, 37.657655851702586], [126.97923480194784, 37.65742573074174], [126.97915411678858, 37.65716889658172], [126.97915419228616, 37.656928123806196], [126.97926873863591, 37.65645730889824], [126.97899978147466, 37.65567074638248], [126.97895947093068, 37.65545137128573], [126.97922879016495, 37.65501803946805], [126.97905390760904, 37.65471303029588], [126.97885882459835, 37.6544722237294], [126.97873777265674, 37.65420467874776], [126.9788253489943, 37.653899721842144], [126.9795253454168, 37.653493222090084], [126.97984171689109, 37.653209706870086], [126.9802320933582, 37.65299576184561], [126.98046107313446, 37.652364453330485], [126.98068318390587, 37.65222538027633], [126.9808313892655, 37.65165826255412], [126.98097950307933, 37.65141751633612], [126.98128241174663, 37.65109654422938], [126.9816862220498, 37.65090399603077], [126.98239427842957, 37.650988364692914], [126.98266214511533, 37.65022465129041], [126.98276621116823, 37.64950670721484], [126.98274527905863, 37.6491221431362], [126.98276638103873, 37.64882954532368], [126.98271389119519, 37.648503494468], [126.98299794710029, 37.64781801557452], [126.98438593499621, 37.64728317944962], [126.98473297619253, 37.64694046697652], [126.98481715641124, 37.646622797718045], [126.98500648612053, 37.646280062542665], [126.98491196714619, 37.64578680533513], [126.98475433968434, 37.6454356608132], [126.98441798051329, 37.64508449130138], [126.98386093662835, 37.64429856183091], [126.98338788487858, 37.64404768849929], [126.98318819816856, 37.64376341426818], [126.98338807224465, 37.643270205618535], [126.98365100981776, 37.642852242086114], [126.98397701638125, 37.64246772836217], [126.98424001777364, 37.64175715954685], [126.98453462584469, 37.64166727882721], [126.98477944926526, 37.64163275631818], [126.98503678647108, 37.64153052731083], [126.98515212283831, 37.64155315487773], [126.98531571050738, 37.64169652215086], [126.98540499252258, 37.641715272727076], [126.98544125490515, 37.641673203316856], [126.98543745477092, 37.641417771646424], [126.98566537885733, 37.641049211569985], [126.98582143252332, 37.640836324792666], [126.9862766228, 37.64058130987317], [126.9862731223935, 37.640494274259005], [126.98607647367182, 37.64027306010757], [126.9858964536619, 37.64017771393385], [126.98580945241505, 37.640090762371635], [126.98565372459028, 37.639768822189964], [126.98566417293212, 37.639644668151526], [126.98554924827748, 37.639231195649586], [126.98562078746951, 37.63899748738733], [126.98554140041811, 37.638799535923305], [126.98542268333584, 37.63868707404834], [126.98545545389615, 37.6385579689805], [126.9853166905836, 37.63840866127614], [126.98532727458259, 37.638176658451805], [126.98523086894537, 37.638101686537674], [126.98519724796809, 37.637970946137905], [126.98512305170642, 37.63788651687775], [126.9851770161864, 37.63771389681136], [126.98510488681518, 37.63750738154512], [126.98510151345435, 37.63738178363808], [126.98500046957332, 37.63727698679924], [126.9848651682848, 37.63682945227141], [126.98468984022469, 37.636563098840085], [126.98456815231499, 37.63659524973898], [126.9841369014146, 37.636273362565696], [126.98406348399425, 37.636274882063375], [126.98384219272168, 37.636375403728394], [126.98357390677683, 37.63636978070895], [126.98292333427243, 37.63598398136612], [126.98273134608827, 37.63577799021149], [126.98262044747439, 37.635712382391155], [126.98243022779846, 37.63569217025284], [126.98235446631958, 37.63554169685374], [126.98219881977396, 37.635460765168446], [126.98190832792115, 37.63500437716499], [126.98173785995195, 37.63482775698903], [126.98144810347094, 37.634630488197374], [126.98149299985519, 37.63450832095846], [126.98140123752269, 37.634485152594976], [126.98136244932043, 37.63466137636951], [126.9812862987506, 37.63470461311119], [126.98109269206448, 37.634665661367684], [126.9809917289388, 37.634733579148104], [126.98080152587873, 37.634678498962], [126.98067406868115, 37.63467964603997], [126.9803817341565, 37.634546936840714], [126.98026359640305, 37.63443636779964], [126.9798527406144, 37.63422312708567], [126.97980222401748, 37.634170140123224], [126.97941412567788, 37.634008707897664], [126.9790817916718, 37.63376755042558], [126.97903454822574, 37.63377069209872], [126.97898694867686, 37.63382240070406], [126.97840327165241, 37.63381103555479], [126.97787141894149, 37.63361776829403], [126.97756690845935, 37.633550677737446], [126.9770733798789, 37.63316718182969], [126.97699719109087, 37.63299354953668], [126.97692764919208, 37.63293010442258], [126.97692824907347, 37.63281234654309], [126.9768729850678, 37.632746023631675], [126.97684435551554, 37.632633034913226], [126.9767140184453, 37.63243830808907], [126.97649664298345, 37.63233564236861], [126.97646289262002, 37.63231392452714], [126.97646075741692, 37.63226319773485], [126.97632052245017, 37.63220298170751], [126.97622475175734, 37.631975015927395], [126.97603990097899, 37.63185370898442], [126.97586907961876, 37.631798981829824], [126.97581789415348, 37.63172842583154], [126.97570573595203, 37.63172993657207], [126.97547246637835, 37.63140931818085], [126.97512414247348, 37.63129292892157], [126.97440317719257, 37.631882069877925]]}}, {"type": "Feature", "properties": {"name": "행궁지입구~청수동암문", "section": "행궁지입구∼남장대지∼청수동암문", "length_km": 1.7}, "geometry": {"type": "LineString", "coordinates": [[126.97957900954684, 37.64170431038234], [126.97944412566693, 37.64166509037452], [126.97920804921372, 37.64168774008398], [126.97859584461351, 37.64164017473214], [126.97838315845515, 37.64153493022516], [126.97811597867491, 37.64147505276215], [126.9765266565866, 37.64070860937086], [126.97550778939602, 37.63999059963755], [126.97539143244197, 37.639666413594206], [126.975100405824, 37.63924956647118], [126.97480933615297, 37.638971647598254], [126.97431448811693, 37.638577909806955], [126.9738778385016, 37.63829995638249], [126.97352854175853, 37.63802201982121], [126.97373248028853, 37.637697903494534], [126.9737908482473, 37.63732744800298], [126.97379099018943, 37.636956976138976], [126.97376193254833, 37.63679488727998], [126.97317977652718, 37.636354813194025], [126.97248122803703, 37.6357526270459], [126.97236484270822, 37.63554420983719], [126.97204470670005, 37.63519681065884], [126.97105502404442, 37.63459454230513], [126.97085131377916, 37.63436294357051], [126.97021088654485, 37.634108077597034], [126.96951214535885, 37.63406158367847]]}}, {"type": "Feature", "properties": {"name": "태고사~북한산대피소", "section": "태고사~북한산대피소", "length_km": 0.8}, "geometry": {"type": "LineString", "coordinates": [[126.97690134905952, 37.64520244908289], [126.97718863857476, 37.645538576581075], [126.97767878389173, 37.645915069332304], [126.97791537261405, 37.646210853044074], [126.97832102810762, 37.64649322946095], [126.97925077463687, 37.64677570541334], [126.97947049706981, 37.646963943607375], [126.97984237012491, 37.64716565130343], [126.98043402498321, 37.64738084192735], [126.98087342826803, 37.647958950855546], [126.98165101595056, 37.648348923608324], [126.98188765426325, 37.64853715589639], [126.98232705905937, 37.649182476371884], [126.98269893618645, 37.64943794596702]]}}, {"type": "Feature", "properties": {"name": "불광계곡~비봉", "section": "불광계곡~비봉", "length_km": 2.3}, "geometry": {"type": "LineString", "coordinates": [[126.93675848268177, 37.62320969219904], [126.93693445187085, 37.62320559091287], [126.93716826413083, 37.62346044438538], [126.93722280037206, 37.62347867084979], [126.93744984083473, 37.62342140997871], [126.93775946036523, 37.62351255066671], [126.93800931248859, 37.62353227962283], [126.93804269235302, 37.6235966804656], [126.93822920791051, 37.623602379039184], [126.93861974035285, 37.623729953428246], [126.93892928463593, 37.623627024806844], [126.93904686319337, 37.62340814171174], [126.93922107868923, 37.6232311486968], [126.93935878666737, 37.623137845936526], [126.93954503761071, 37.62308642977025], [126.93992551612678, 37.623128484638556], [126.94050843962391, 37.62312234757701], [126.94079177419026, 37.62315790995243], [126.94109947406197, 37.623096891648736], [126.94129794773734, 37.62294566608991], [126.94176758545262, 37.62286540841851], [126.9419376569355, 37.62279787984119], [126.94246393797869, 37.62274340772433], [126.9426866192227, 37.62268878320692], [126.94285257265909, 37.622714624078135], [126.94326534753152, 37.62286937782193], [126.94377577744253, 37.623005109005845], [126.94413342664821, 37.62302490405611], [126.94449083697886, 37.6233487980591], [126.9449346624393, 37.62357463186644], [126.94607359623035, 37.6233687476334], [126.94678150527372, 37.62305452773643], [126.94734361315282, 37.62287268064879], [126.94898822077089, 37.62244298461675], [126.94965425147247, 37.62245983380087], [126.95000799317063, 37.62259243212648], [126.95050744785381, 37.62270853667175], [126.95063221746062, 37.62287414256976], [126.95075683252696, 37.62327152376218], [126.95136024007053, 37.623569776639776], [126.95152661894632, 37.62376851170132], [126.95135991730342, 37.62404988135405], [126.95129725114681, 37.62438096020803], [126.9526912842324, 37.625192754820155], [126.95273274944125, 37.62544109962155], [126.95298234458035, 37.62572264218181], [126.95446016839041, 37.62575635478587]]}}, {"type": "Feature", "properties": {"name": "선림~향로봉밑갈림길", "section": "선림~향로봉밑갈림길", "length_km": 1.2}, "geometry": {"type": "LineString", "coordinates": [[126.93780312670015, 37.62634673699658], [126.93849682864658, 37.626359602506284], [126.93884217979463, 37.626433046804635], [126.93933730592408, 37.62638751974567], [126.93964824517725, 37.626305264487044], [126.9402011717926, 37.625975884543834], [126.9404201309299, 37.6257287474046], [126.94052402404634, 37.625399128317035], [126.94080052085194, 37.625188649296], [126.94182554546913, 37.62478624457483], [126.94251671957853, 37.62431956065667], [126.94295430045631, 37.624228202812276], [126.94336891502472, 37.62405441501516], [126.9441290978671, 37.623661014785405], [126.94414080011677, 37.623413767417794], [126.94407184054735, 37.623258055667144], [126.94348483201189, 37.62304714643944], [126.94335828789738, 37.62291888147701]]}}, {"type": "Feature", "properties": {"name": "삼천사계곡~문수봉", "section": "삼천사계곡~문수봉", "length_km": 1.5}, "geometry": {"type": "LineString", "coordinates": [[126.96011111884468, 37.638151842750595], [126.95999650399958, 37.637603483012235], [126.96028439183421, 37.636529788396906], [126.96054321560196, 37.6360500978866], [126.96094557058711, 37.63577607773456], [126.96134782158893, 37.63568482856395], [126.96154898458717, 37.635570661561076], [126.9619802181184, 37.63499963888356], [126.9622102491975, 37.634611322266025], [126.96226792167462, 37.63420010095752], [126.96258416036423, 37.633766118148145], [126.96313043348393, 37.63289812267448], [126.9637051977573, 37.632487068364306], [126.96453831780028, 37.63244163752676], [126.96542895539005, 37.63225914102289], [126.96732498614364, 37.63221401286792], [126.96784202866009, 37.632328393869244], [126.96824412851443, 37.63251127986907], [126.96856002072586, 37.63276268249442], [126.96873210483993, 37.63340244185719], [126.96904799402841, 37.63367668931182], [126.96945007580366, 37.63392811232397], [126.96973735912826, 37.63392819062247], [126.97045564338927, 37.63372276179938], [126.97080038720136, 37.633700003152455], [126.97120269879444, 37.63340310048325], [126.97123160494876, 37.632969020225254], [126.97154773689124, 37.63264924623026], [126.97177768826582, 37.6323294506071], [126.97232356907628, 37.63216966256471]]}}, {"type": "Feature", "properties": {"name": "비봉매표소~대남문", "section": "비봉매표소∼비봉능선∼문수봉∼대남문", "length_km": 3.77}, "geometry": {"type": "LineString", "coordinates": [[126.95367205543236, 37.617612876250554], [126.95374285152559, 37.61777485358482], [126.95377675078498, 37.61801867734312], [126.95370853536295, 37.61818118647335], [126.9536059325165, 37.618858393202196], [126.95357158109326, 37.6193189079324], [126.95351466142759, 37.61956269327521], [126.95368465084363, 37.62002329067725], [126.95404771257924, 37.620357543924534], [126.95419512250926, 37.620628503689744], [126.95399060261964, 37.62090835032087], [126.95375189872841, 37.62137781135599], [126.95380845198233, 37.62170290978247], [126.95359910654507, 37.62187043029087], [126.95369600302273, 37.622392510857516], [126.95357420808097, 37.62278882467466], [126.95327015341789, 37.62309805853981], [126.95335506517814, 37.62335911146826], [126.95361009380528, 37.62368790982837], [126.95391376115583, 37.623987720400876], [126.9538527969374, 37.62428738431169], [126.95385260279954, 37.62459674123104], [126.95380370331223, 37.62503175521617], [126.95381571698881, 37.62525410846876], [126.9541558249658, 37.625602272510285], [126.95453254178935, 37.62572809897378], [126.95588178090992, 37.62561262108257], [126.9562706267085, 37.62578678436192], [126.95731575762585, 37.626077202497825], [126.95760732152846, 37.62632866233196], [126.95771651283209, 37.62667672964965], [126.95815384429895, 37.627092587612076], [126.95863984188654, 37.62744079477147], [126.95888279734513, 37.62769223299798], [126.9593080424044, 37.62801140882183], [126.95981824506984, 37.628562633650795], [126.96116748469956, 37.628534098839545], [126.96204262572003, 37.62858273265148], [126.96309991115061, 37.62899878153833], [126.96402370430756, 37.629008744689315], [126.964801600561, 37.629086326894885], [126.96533628507316, 37.629386181325636], [126.96635692162825, 37.630246889721114], [126.96663632151198, 37.630624000546554], [126.96715899680262, 37.63064348933318], [126.96770594729838, 37.63074998679664], [126.96910375567168, 37.6309147251917], [126.96955343791598, 37.631088862464914], [126.9702583972945, 37.63124373007292], [126.97073237763263, 37.63144687060519], [126.97124286449142, 37.63157267681821], [126.97254330816098, 37.63211437646518], [126.9728958864574, 37.6319501188047], [126.97310254237225, 37.63192116344558], [126.97395343952756, 37.63193103436165], [126.97431812451934, 37.63189244931812]]}}, {"type": "Feature", "properties": {"name": "구기터널입구~구기불광능선", "section": "구기터널입구~구기불광능선", "length_km": 1.8}, "geometry": {"type": "LineString", "coordinates": [[126.94789579429872, 37.6102408486167], [126.94794045184315, 37.61067857469027], [126.94805180564185, 37.611141186788764], [126.94819947078257, 37.6115048933821], [126.94871002919757, 37.61201885249072], [126.94872313222083, 37.61206634395152], [126.94862086661445, 37.612223249831885], [126.94860662693259, 37.61234659009015], [126.94868307551278, 37.61250798675746], [126.94901674370455, 37.61300232232309], [126.94909202471226, 37.61322697100776], [126.94912561793238, 37.61362639197931], [126.94906909989399, 37.61395937100762], [126.9489190409169, 37.61443655637885], [126.94870356463011, 37.61467703108873], [126.94854848599329, 37.61503465337652], [126.9484631405284, 37.615119937536726], [126.94740037584708, 37.615776109729836], [126.9469153102762, 37.61641249023927], [126.94687083461724, 37.616521309422865], [126.94686453012025, 37.616680987952904], [126.94691077781138, 37.61695202344194], [126.94703304447181, 37.61735914402711], [126.9470393558821, 37.61786588772271], [126.94697055380658, 37.618446023216976], [126.9470157165355, 37.619026210522925], [126.94660512796675, 37.61946114778018], [126.94649086604905, 37.61985995846687], [126.94676406672612, 37.62029521293927], [126.94671806783133, 37.62085722539748], [126.94690013576694, 37.62123804672195], [126.94710514368435, 37.6214194462058], [126.94715048043822, 37.621763937916725]]}}, {"type": "Feature", "properties": {"name": "혜원사삼거리~구기분소", "section": "혜원사삼거리~구기분소", "length_km": 1.2}, "geometry": {"type": "LineString", "coordinates": [[126.9679307059231, 37.614432589590834], [126.96802532335839, 37.61453302064799], [126.96812860560615, 37.61489577765791], [126.96805808653087, 37.61502301098999], [126.96788665211936, 37.61512142592998], [126.96771098077532, 37.61538799784479], [126.96772074002013, 37.61551293500102], [126.96765198044477, 37.615614424755755], [126.9676126505064, 37.6157627744596], [126.9676224108981, 37.615879905124544], [126.96754378506697, 37.61609071154631], [126.96755353700883, 37.616231263462474], [126.96767128365252, 37.616340617837515], [126.96769079386802, 37.61661391967447], [126.96735692880053, 37.616855885480334], [126.9668758734613, 37.61698068289081], [126.96614929139189, 37.61734746245196], [126.96585476345201, 37.61742545823508], [126.96561918182012, 37.617401960911565], [126.96535423264609, 37.61721447932154], [126.96498127163582, 37.61708942721004], [126.9645984543656, 37.617050268234664], [126.96391129682968, 37.61708128215708], [126.96372475209435, 37.61715150147452], [126.96296887316335, 37.61719029880298], [126.96268416573292, 37.61725267330553], [126.961761385271, 37.61733825651718], [126.9608484580869, 37.61734575581831]]}}, {"type": "Feature", "properties": {"name": "범골~사패능선", "section": "범골~범골능선~사패능선", "length_km": 2.8}, "geometry": {"type": "LineString", "coordinates": [[127.03374590175893, 37.727802671348094], [127.03347408392104, 37.72772962612152], [127.03338199124869, 37.72765305106631], [127.03313647064908, 37.72756955464221], [127.03297860844778, 37.72745121460758], [127.03270241366349, 37.7273886182426], [127.03249203417955, 37.72747920002539], [127.03231674605786, 37.72762200096636], [127.03214141887676, 37.727670791572145], [127.03179510995449, 37.72767088040354], [127.03156710274331, 37.727528184601475], [127.03135660247693, 37.727315848639996], [127.03098831215989, 37.727155781552064], [127.0308786780742, 37.727047869617586], [127.03013776430014, 37.72684610928229], [127.02990981754752, 37.7268426831339], [127.02950656312264, 37.72694723237594], [127.02932244221873, 37.72692986886307], [127.02864291095491, 37.72673504735194], [127.02833167297851, 37.72673859843761], [127.0277969000543, 37.7268153162391], [127.02747689094286, 37.72680494413312], [127.02686754482455, 37.72673195799398], [127.0258504481333, 37.72643274016293], [127.02584608054396, 37.726481485134634], [127.02596447150698, 37.726589395489675], [127.02596011631346, 37.72667644138217], [127.02588124670467, 37.72677046760847], [127.02578916735021, 37.72670781214459], [127.02562695894181, 37.72666258364882], [127.02540338685833, 37.72664522020358], [127.02517544910025, 37.726676603088926], [127.0250132826211, 37.72675671655436], [127.0243645235382, 37.726809069854575], [127.02435190591774, 37.72651417871349], [127.02427670692944, 37.72624571512802], [127.02406380866165, 37.72599716291366], [127.02365057479918, 37.725659155746825], [127.02358791301484, 37.72544040441536], [127.02336246539467, 37.72507252885702], [127.02316196562165, 37.72440633968726], [127.02316194044415, 37.724306900070445], [127.02243580657807, 37.7241678229343], [127.02223548315956, 37.724088307617926], [127.02193502599931, 37.724078415242914], [127.02169715220609, 37.72400884877661], [127.02144668104816, 37.723650919545165], [127.02124635056674, 37.72353162977492], [127.020858251746, 37.72347203029959], [127.02082054616848, 37.72289530337323], [127.02088310883629, 37.722766021087494], [127.0208455205655, 37.72264670510049], [127.01882979103738, 37.721622815926814], [127.01864198190759, 37.721483631913856], [127.01814124803234, 37.721483701746465], [127.01765299588024, 37.72131472840946], [127.01657627224587, 37.72058897720165], [127.01606297697249, 37.72036033865263], [127.01569993270093, 37.72024105911955], [127.01493623398454, 37.71974396188764], [127.01464829618165, 37.71962466633803], [127.01418506398863, 37.71925680246263]]}}, {"type": "Feature", "properties": {"name": "거북골~도봉주능선", "section": "거북골~보문능선~도봉주능선", "length_km": 0.9}, "geometry": {"type": "LineString", "coordinates": [[127.01651487475009, 37.68893799965144], [127.01616768832895, 37.68895584524232], [127.01566366046754, 37.688751203313686], [127.01414033946047, 37.687799052050586], [127.01362511847306, 37.687549900809714], [127.01321071524103, 37.687407536646695], [127.01263949165715, 37.68706938606583], [127.01220269766982, 37.68697152091634], [127.01198989526699, 37.68688253911986], [127.01155310558431, 37.686802474649014], [127.01042191447817, 37.68634865678165], [127.01042188008299, 37.68606384724804], [127.0102986610646, 37.68583245190597], [127.00987308739045, 37.685832483006884], [127.00904437808717, 37.68618854750202]]}}, {"type": "Feature", "properties": {"name": "효자비~밤골능선삼거리", "section": "효자비~밤골능선삼거리", "length_km": 1.5}, "geometry": {"type": "MultiLineString", "coordinates": [[[126.95577180655432, 37.671788549512065], [126.95581196101942, 37.67179437260853], [126.95587214578167, 37.671887261036055], [126.95608931344509, 37.67199181652637], [126.95611659634316, 37.672157241747], [126.956242048969, 37.67248763843796], [126.95619564454303, 37.672744928123386], [126.95627331609491, 37.67288024504193], [126.95644053661688, 37.67303622572098], [126.9566885329141, 37.67318307106146], [126.95759415830287, 37.67350901145237], [126.95765180068229, 37.67359616472126], [126.95819973082443, 37.673899035886976], [126.95851692811593, 37.67411927416962], [126.95895529864276, 37.67432121441562], [126.95926137897227, 37.67451098792912]], [[126.95926040743583, 37.67450688602998], [126.95942252746374, 37.67457605185118], [126.95962422651066, 37.67460653165805], [126.95979465832069, 37.67457618318498], [126.96029906546141, 37.674374562077865], [126.96057037013794, 37.67431937100101], [126.96080683725586, 37.674369209729285], [126.96114770323982, 37.67430851272537]]]}}, {"type": "Feature", "properties": {"name": "도봉서원~도봉주능선", "section": "도봉서원~거북골~도봉주능선", "length_km": 2.64}, "geometry": {"type": "LineString", "coordinates": [[127.02816465069981, 37.68794852666071], [127.02801946834941, 37.68785932150574], [127.02783773870159, 37.68783232026041], [127.02722181063727, 37.687927430581965], [127.02695435005289, 37.68789902157744], [127.02664402285201, 37.68753284672593], [127.0265428979798, 37.68722617510424], [127.02649061188511, 37.687162039235325], [127.02633506204815, 37.68715738562036], [127.02625196966962, 37.687186867848986], [127.02608171305562, 37.68727024541817], [127.02582397037048, 37.68747221502814], [127.02561719228709, 37.687528121243886], [127.02546899699485, 37.687485716819005], [127.02517947923347, 37.68726423034797], [127.0250214177576, 37.68720344897609], [127.02483785891307, 37.68719141314696], [127.02462473913079, 37.68726659856328], [127.02448090694175, 37.68737465869933], [127.02455274076111, 37.68758438769094], [127.02473229088154, 37.68781437014031], [127.02483745392362, 37.688018238517756], [127.02475310793055, 37.68802086941854], [127.02438842063066, 37.6881535729504], [127.02382460132668, 37.68848821929675], [127.02320803719893, 37.68876413353904], [127.0227990683824, 37.689070544826386], [127.02241159879222, 37.689231713143016], [127.02214516934471, 37.689254107163066], [127.02111907125276, 37.68912744328197], [127.0210487675533, 37.689093577830015], [127.02079007176711, 37.68878503914247], [127.02050581631971, 37.6887073373659], [127.01995175370108, 37.68872662410964], [127.01951177232645, 37.68885274534868], [127.01927039906583, 37.68886476872396], [127.01897763962859, 37.68877300661566], [127.01866619228552, 37.68876765188961], [127.01837213056147, 37.68891023137592], [127.01833403808912, 37.68890834794633], [127.01809543812766, 37.68867980634994], [127.01789557014439, 37.68872983974124], [127.0177932109699, 37.688820044522004], [127.0177651180098, 37.68890218498619], [127.0171125148466, 37.688884926486836], [127.0165812261669, 37.68894664772118], [127.01581115432246, 37.68927730483567], [127.01550131254317, 37.68936222099085], [127.01490447825816, 37.68984819329029], [127.01435097763148, 37.69048939754971], [127.01405919498228, 37.69077144095524], [127.01335423791579, 37.691275476538586], [127.01303968150974, 37.691679510200565], [127.01280551344946, 37.69212921017788], [127.01240059437033, 37.6925755078579], [127.01211354720918, 37.69282366781108], [127.01163934061448, 37.69331210075629], [127.01159554150593, 37.693579169630034], [127.01070429041769, 37.69453139155414], [127.0101490487642, 37.694891393350844], [127.00979838231912, 37.69526298784285], [127.00937583372621, 37.695540430491626], [127.00929879805636, 37.695690434381625], [127.00887120365522, 37.696018014009546]]}}, {"type": "Feature", "properties": {"name": "삼천사하단~사모바위", "section": "삼천사하단∼응봉능선∼사모바위", "length_km": 2.8}, "geometry": {"type": "LineString", "coordinates": [[126.94850538740707, 37.642758347749485], [126.9490677402474, 37.64258413166473], [126.94949985326643, 37.64236078550722], [126.95008980227661, 37.64192487460965], [126.95042603106498, 37.641537921197745], [126.95070636450822, 37.641136539383766], [126.95087413570621, 37.6405708983729], [126.9509791291684, 37.64002187307243], [126.95110492766432, 37.63963923796672], [126.9511260742837, 37.63930647975227], [126.95127288662762, 37.638790745622494], [126.95169159092775, 37.638424875564134], [126.9525287406823, 37.63807581579152], [126.95301004438218, 37.63795954521909], [126.95353309872836, 37.63799303540422], [126.95390977280451, 37.637893354072794], [126.95405636752908, 37.63767711181155], [126.9545586981565, 37.63739446190425], [126.9549773471752, 37.637078494809145], [126.954977512374, 37.63681227539388], [126.95537537903617, 37.63626336076225], [126.95604537655099, 37.63548160753543], [126.95631773849185, 37.63486608351808], [126.95688297028856, 37.634300589369666], [126.95725987995598, 37.63376829587642], [126.95751122359833, 37.63328587340913], [126.95790895802247, 37.63290333309734], [126.9581393656121, 37.63243754090148], [126.95820225299822, 37.63222125847377], [126.958160662429, 37.63178864246922], [126.95803533157608, 37.631455823511246], [126.9582029588085, 37.63100664452658], [126.95822399764307, 37.63080698879126], [126.95834981193042, 37.630307879092676], [126.95881060121648, 37.629376284678585], [126.95881075351892, 37.62911006481006], [126.9592294349867, 37.62862769989051], [126.95971063817177, 37.62856131713541]]}}, {"type": "Feature", "properties": {"name": "원도봉~포대능선(다락능선)", "section": "원도봉~다락능선~포대능선", "length_km": 2.6}, "geometry": {"type": "LineString", "coordinates": [[127.03711181564486, 37.705482418242866], [127.0367783381456, 37.70513295544456], [127.03564480267255, 37.704550683479674], [127.03519146044783, 37.70446607243821], [127.03465807857157, 37.704275553246255], [127.03396472085085, 37.70411685356767], [127.03373802462376, 37.7040003963027], [127.03296442967304, 37.703248515102466], [127.03265761637932, 37.70283547820143], [127.03260424018939, 37.70272956249269], [127.03259082734422, 37.70253889557533], [127.03239076905726, 37.7023482790783], [127.03196404071959, 37.70209416098527], [127.03133731958458, 37.701808318442424], [127.03076404086784, 37.70179786522864], [127.03059070490718, 37.7017449451509], [127.03045733431661, 37.70160727165466], [127.03020397124415, 37.70146962743548], [127.02964400066153, 37.70138502177178], [127.02947066199462, 37.701321502221845], [127.0292439477486, 37.70113088576914], [127.02877726192784, 37.70092973080245], [127.0285905664298, 37.70079206920814], [127.02841722567311, 37.700717958396396], [127.02815058459407, 37.70069683354231], [127.02799058322375, 37.700643906219916], [127.02756399109172, 37.70070755761725], [127.02713737429853, 37.700707652019915], [127.02705735632433, 37.700633519539885], [127.02673736392562, 37.70054884567161], [127.02667067223769, 37.70044292970164], [127.02668392427815, 37.700209885912734], [127.02639058472148, 37.70008283398182], [127.02599059763473, 37.69996639843183], [127.02596389286713, 37.69983928942653], [127.02572389234301, 37.69974400305186], [127.02537724820884, 37.69966992246737], [127.02525722761318, 37.699553427550846], [127.02503056547927, 37.6994793215019], [127.02488391045908, 37.699458167775155], [127.02456398481584, 37.69955356464808], [127.02375084927793, 37.699860913410795], [127.02280430543793, 37.69985049428968], [127.02245766038071, 37.699776408731225], [127.02212431806277, 37.69958579738706], [127.02088693528954, 37.70031135029705], [127.0204311384621, 37.7004664907164], [127.01987967638438, 37.70077850356532], [127.01974363274687, 37.70090429948911], [127.01968333983571, 37.70102531134109], [127.01937794049314, 37.70136313741805], [127.01930730686004, 37.70139855919491], [127.01807004336649, 37.70137190668537], [127.01784177077211, 37.70133968749429], [127.01755076970359, 37.701210890834766], [127.0174861212221, 37.70115378046621], [127.0174046639175, 37.70098251660979], [127.01702321729033, 37.7010350101456], [127.01642147192081, 37.70120871466184], [127.01622643204426, 37.70120955233032], [127.01600166518095, 37.70113210001681]]}}, {"type": "Feature", "properties": {"name": "오봉샘~오봉능선", "section": "오봉샘~오봉능선", "length_km": 0.0}, "geometry": {"type": "LineString", "coordinates": [[127.0049938767969, 37.69346856501235], [127.0051211199834, 37.693569668408685], [127.00577856681006, 37.694268983097736], [127.0061815158102, 37.69460599331449], [127.0065632886938, 37.69535586880251], [127.0066799571711, 37.69574344586878], [127.00678600107106, 37.69586982573747], [127.00679662342715, 37.69613102459108], [127.00701931757985, 37.696392209801616], [127.00712537664593, 37.696661825772665]]}}, {"type": "Feature", "properties": {"name": "강북구 우이동~장흥면 교현리(우이령길)", "section": "강북구 우이동~장흥면 교현리(우이령길)", "length_km": 4.46}, "geometry": {"type": "LineString", "coordinates": [[127.00393468331895, 37.67577191165819], [127.00346280185558, 37.67641235056918], [127.00339501956373, 37.67673563759777], [127.00339503123348, 37.677076880639376], [127.00344024026555, 37.677687526165556], [127.00348543599029, 37.67784917093279], [127.00348544040378, 37.67808265257842], [127.0031916801644, 37.67815449899581], [127.00285272272255, 37.67813654296423], [127.00271714078275, 37.67820838517559], [127.00264934641584, 37.67831614812371], [127.0026041588642, 37.67862147350328], [127.00258157361326, 37.67941172529983], [127.00242339249365, 37.67960928675481], [127.00191707737069, 37.67953863397399], [127.00177129475041, 37.67957296368197], [127.00126276103856, 37.68007607665795], [127.00050776793522, 37.68065766457005], [126.99986216176055, 37.68108851516352], [126.99968542418807, 37.68116618034585], [126.99951877697802, 37.681185999252115], [126.99940507837421, 37.68114987088798], [126.99929465831944, 37.681038688149954], [126.99920464911818, 37.68078623276172], [126.99907314988599, 37.68068244224235], [126.99887544362605, 37.68072685901526], [126.99864259133474, 37.680872996190004], [126.99857026576441, 37.68096174102348], [126.99849906790142, 37.681210768734545], [126.99858544432074, 37.6814582690024], [126.99857863479433, 37.68188830697822], [126.99865991647565, 37.68204030130999], [126.99876613673825, 37.68210760445326], [126.99920543072788, 37.68228032680532], [126.99925440045213, 37.68234690597606], [126.9992446553553, 37.68241907645052], [126.99918536250448, 37.682465927274954], [126.99867158116528, 37.68264080248662], [126.9981972487806, 37.68297136236609], [126.99758924723794, 37.683601098952444], [126.99704361884923, 37.68454246804532], [126.99696697951548, 37.68461688932726], [126.99634512801617, 37.68499347678373], [126.99588277729256, 37.685481071871344], [126.9957162351123, 37.68548782464364], [126.99561749016003, 37.68542556214871], [126.99540584542382, 37.6851453528128], [126.99530392914644, 37.68507804526367], [126.99516029140207, 37.685048216574486], [126.99504147616537, 37.685094254340854], [126.99500688751627, 37.68524156101707], [126.99505957563579, 37.68572466750897], [126.99504524221587, 37.686436977118724], [126.99502130731601, 37.686647173656375], [126.9949734554206, 37.68675375912148], [126.99457526052655, 37.6871280931009], [126.99399929137402, 37.68755702447674], [126.99382660307988, 37.687767662153796], [126.99337567827479, 37.68816740214109], [126.99316785550562, 37.688239828633115], [126.99275493832349, 37.688282333740766], [126.9926704647891, 37.688340620728916], [126.99262817252206, 37.688424768002676], [126.99259672858058, 37.688773625414996], [126.99256111844588, 37.68887462020297], [126.9924027112081, 37.689081834443755], [126.99235678029825, 37.68923860312257], [126.99207872682808, 37.68973159801972], [126.99187972732, 37.68993781556467], [126.99158311098972, 37.6901199773068], [126.99132743615793, 37.69017248394167], [126.99101632853157, 37.69017084141874], [126.99064139275022, 37.69010368874807], [126.9904378834081, 37.69009835788527], [126.9899858326921, 37.69014652294864], [126.98963480028304, 37.69026442936201], [126.9889332733858, 37.69064845670349], [126.98849194022299, 37.69105214003848], [126.9870563998438, 37.69193738382613], [126.98658204423043, 37.692394216256524], [126.98625564929496, 37.69286223606554], [126.98521728512819, 37.693481171492735], [126.98401652230888, 37.69469985611657], [126.98373280058865, 37.6948401867096], [126.98339376527784, 37.694908074360804], [126.98322459427375, 37.694908954590936], [126.98200141273331, 37.694822012202124], [126.98133387648542, 37.694517111632805], [126.9810492979058, 37.69444255552405], [126.98066763570645, 37.69447447945792], [126.98037660208674, 37.69459879733823], [126.98022463111656, 37.69473419375928], [126.98012469919207, 37.69487697865985], [126.9800053151157, 37.69526140377055], [126.97993680280588, 37.69537437593815], [126.9796373875307, 37.695649483097554], [126.97925480464518, 37.69610918447812], [126.97902146961557, 37.69685803271289], [126.97884189939305, 37.6971371228767], [126.97849756621812, 37.69743032633256], [126.97805652692884, 37.69766693365746], [126.9775776252041, 37.697857307463465], [126.97729704545291, 37.69802168284105], [126.97710445456255, 37.69820877903048], [126.97705124180666, 37.698313370955255], [126.97702055163545, 37.69855194311429], [126.97707685783035, 37.698703498542116], [126.97721332162229, 37.69890858762409], [126.97723041605724, 37.69899553237379], [126.97720734482576, 37.69916346891803], [126.97712190176252, 37.699359686521845], [126.97693113762654, 37.699488847795614], [126.97668427511142, 37.699516192016205], [126.97597675652501, 37.69936972092629]]}}, {"type": "Feature", "properties": {"name": "효자동입구~밤골주차장", "section": "효자동입구~밤골주차장", "length_km": 0.15}, "geometry": {"type": "LineString", "coordinates": [[126.95670317661829, 37.67544222118995], [126.95684801935352, 37.675394320186804], [126.95718315687284, 37.67505850450118], [126.95729322455428, 37.67502558612679], [126.95774692169832, 37.67506252826687], [126.95935276392842, 37.675440118000296]]}}, {"type": "Feature", "properties": {"name": "광륜사~은석암", "section": "광륜사~은석암", "length_km": 1.75}, "geometry": {"type": "LineString", "coordinates": [[127.03508814008171, 37.687903691088685], [127.03511060366975, 37.68807396252773], [127.03502773179179, 37.68831448838337], [127.03492529757206, 37.68848132267801], [127.0349255092819, 37.68895069662548], [127.03488169694945, 37.68922224602932], [127.03425970796957, 37.690569518441244], [127.0338249551655, 37.6910583232349], [127.03372004889088, 37.69126097447417], [127.0331053238109, 37.691821339698784], [127.03303049668996, 37.69221468921886], [127.03240062139297, 37.692441317555335], [127.03225071309507, 37.69265590013412], [127.03175578737287, 37.69277521883544], [127.03129087758218, 37.692954124478206], [127.03115593756333, 37.69308527047904], [127.03096106695133, 37.69339521171925], [127.03085621746479, 37.693776649110994], [127.0304215637522, 37.69463493045847], [127.03033170346714, 37.694992527337874], [127.02968712616341, 37.69608923714176], [127.0295972616617, 37.696446833342485], [127.0296424774354, 37.69701893928813], [127.02947803393276, 37.69850886360097], [127.02925330798564, 37.69925981702034], [127.0290714654451, 37.69955731975634]]}}, {"type": "Feature", "properties": {"name": "도선광장~용암문", "section": "도선광장~용암문", "length_km": 1.5}, "geometry": {"type": "LineString", "coordinates": [[126.9913303493797, 37.65765888901651], [126.99155221920473, 37.65707938499123], [126.99166967689837, 37.65657036103287], [126.99100402323816, 37.656061346741225], [126.99048194341879, 37.655813367652165], [126.99031036342119, 37.65568774212241], [126.99028615180022, 37.655254627766496], [126.99010566707791, 37.65498412001536], [126.9894600010249, 37.65461419876545], [126.98907819110374, 37.654200138577195], [126.98863386782114, 37.653946160676384], [126.9883700357544, 37.65389644920644], [126.98707177778817, 37.65327802770363], [126.98664827046238, 37.65317308998478], [126.9858845527603, 37.6530460261749], [126.9856624114046, 37.65286383021207], [126.98524593250266, 37.65237246845393], [126.98482943806405, 37.65198047090581], [126.98445458968712, 37.65165472528249], [126.98389924084425, 37.65127926449412], [126.98326745463055, 37.65119084406478], [126.98294121305337, 37.65088718100366], [126.98275616497772, 37.65083751746458], [126.98242610927355, 37.65088172870619]]}}, {"type": "Feature", "properties": {"name": "냉골매표소~칼바위능선", "section": "냉골매표소~칼바위능선", "length_km": 1.25}, "geometry": {"type": "LineString", "coordinates": [[127.0047144934193, 37.6356826681952], [127.00418342901102, 37.63531834340969], [127.00404637280677, 37.63532743059962], [127.00401210386578, 37.635154855309594], [127.00386362276764, 37.63499136748071], [127.00360093089184, 37.63479154649875], [127.00340676540358, 37.63472797110271], [127.00269865458868, 37.63469164898764], [127.00239028137375, 37.63460082346756], [127.00219611938593, 37.63446458027943], [127.00163648500425, 37.6343192575112], [127.00106542724927, 37.634128517672515], [127.00081416473029, 37.634001353261915], [127.0006314315535, 37.633792444964236], [127.0000603787844, 37.633765193873984], [127.00002611341722, 37.63399226230537], [126.99980911151286, 37.63406492501317], [126.99961495437478, 37.63402858994518], [126.99913527183968, 37.63385600444552], [126.99871270179149, 37.63363800692934], [126.99848429386529, 37.633338266363104], [126.99741075494829, 37.632784177168034], [126.99714809052116, 37.632484430478115], [126.99706815501438, 37.63228460395554], [126.9971024238881, 37.63218469525251], [126.99698824693029, 37.6316942153076], [126.99663423360134, 37.63128547217958], [126.99498973174187, 37.63044976675006], [126.99417893243736, 37.62985024619055]]}}, {"type": "Feature", "properties": {"name": "선운교~대동약수", "section": "선운교~옥류교~소귀천매표소~대동약수", "length_km": 2.5}, "geometry": {"type": "LineString", "coordinates": [[127.00223914823363, 37.65812455060621], [127.00210614611389, 37.657793239455934], [127.00183986945505, 37.65756302592219], [127.00152503160763, 37.65736993352222], [127.00121919140082, 37.657033815008255], [127.00074244620582, 37.656390176427564], [127.00054455338639, 37.65618993478374], [127.00032867241589, 37.6559038709019], [127.00030168955642, 37.65568932472754], [127.00013078652819, 37.65548192924617], [126.99998686586972, 37.65542471550808], [126.99978887183731, 37.655481055825085], [126.99961026275913, 37.65546624200383], [126.99957300659152, 37.65544794461086], [126.99964204571134, 37.65523886207152], [126.9995423335661, 37.655088146126396], [126.99942728432514, 37.655024550162054], [126.99870058944929, 37.6548525722153], [126.99836777421308, 37.654738140015176], [126.99775612960111, 37.65443060618212], [126.99730641550124, 37.65378695598464], [126.99700959994668, 37.653529491902404], [126.99659583688435, 37.65349371777667], [126.99626303822323, 37.653293460969486], [126.99620912189576, 37.65260691510391], [126.99614617291459, 37.65236376096804], [126.99601126987282, 37.65212060405083], [126.99576843191956, 37.6519203497687], [126.99566950303219, 37.6517129498242], [126.99516584902022, 37.65119086340401], [126.99503993943252, 37.65099061400727], [126.99486009890336, 37.65045424308514], [126.99483313961649, 37.650168181917756], [126.99462628905263, 37.64992501627817], [126.9945813485153, 37.64958174238653], [126.99449142534323, 37.649367190026574], [126.99405074994424, 37.64886655804361], [126.99396082958809, 37.64863055440301], [126.99339422408667, 37.64834445531947], [126.99322334842509, 37.648215718310816], [126.99291757882342, 37.64790102734461], [126.99281866955285, 37.647672171416104], [126.99218918760275, 37.64677103429647], [126.99209926808452, 37.64659939082118], [126.99137087383721, 37.64569823975753], [126.99120900358402, 37.64555519567932], [126.99086725968922, 37.645397831772854], [126.99070540649107, 37.6451046056834], [126.99039964176555, 37.644947240707815], [126.98960834440683, 37.64391734855686], [126.98888898310005, 37.64312345470187], [126.98804373201523, 37.64228663387261], [126.98723443056102, 37.64169296149189], [126.98686575995673, 37.64137109954449], [126.98675788384652, 37.64115653961455], [126.9870007080068, 37.641135115518914], [126.98725251789793, 37.64117805290493]]}}, {"type": "Feature", "properties": {"name": "우이분소~도선광장", "section": "우이분소~도선광장", "length_km": 2.0}, "geometry": {"type": "LineString", "coordinates": [[127.00827497256131, 37.661890691853955], [127.00749697606018, 37.66117656976282], [127.00611181777217, 37.66073102928805], [127.00541132123189, 37.66030151919609], [127.00504919302995, 37.66000026718932], [127.00456916747893, 37.65949817411499], [127.00433336532383, 37.65915005376854], [127.00419861923163, 37.65882870822822], [127.00375229417412, 37.65844711932643], [127.0034322947009, 37.65836009188291], [127.00286809310181, 37.658393572293974], [127.0024975706514, 37.65831323900478], [127.00215491300085, 37.65808753968174], [127.00191652158537, 37.65806553674447], [127.00159652865793, 37.65795842534139], [127.00105759443103, 37.65765715836654], [127.00090601783587, 37.6574897893117], [127.00069550290247, 37.656994374405784], [127.00047656890186, 37.65661277182968], [127.00014816200806, 37.656391841876506], [126.99968502965436, 37.65616421329887], [126.99903663762493, 37.656037003466224], [126.99751249334115, 37.65609051721287], [126.99664517465845, 37.65585616901211], [126.99631678454567, 37.6556820915324], [126.99603048992421, 37.655581656211965], [126.99585365640283, 37.655581647798044], [126.99528106786997, 37.655420946673196], [126.99427899316983, 37.65562842598183], [126.9936979515467, 37.655809146757626], [126.99349584444126, 37.6559028641891], [126.9934032190656, 37.65590285310933], [126.99310004992772, 37.656090286414724], [126.99262841401855, 37.656759727121624], [126.99207259705872, 37.65712119899272], [126.99170307069743, 37.657599846763915]]}}, {"type": "Feature", "properties": {"name": "국도39호선~사기막야영장", "section": "국도39호선~사기막야영장", "length_km": 1.0}, "geometry": {"type": "LineString", "coordinates": [[126.95915331002871, 37.67933444662422], [126.96015377276424, 37.679454083273214], [126.9606254918152, 37.67937472540451], [126.96121874617302, 37.679215889220146], [126.96210539142099, 37.678335786621005], [126.96236291041429, 37.67787011014049], [126.96346374943938, 37.67731950785581], [126.96375686076632, 37.67710376114928], [126.96415733010801, 37.67656996625033], [126.96434318422705, 37.67646210565552], [126.96467199280016, 37.676314525872485], [126.96507223021335, 37.67622377171365], [126.9655154227898, 37.67597398646805], [126.96630159174204, 37.67580950182059], [126.96795987693906, 37.67503750156398], [126.96879597742502, 37.67505477584173]]}}, {"type": "Feature", "properties": {"name": "효자비~북문", "section": "효자비~북문", "length_km": 2.0}, "geometry": {"type": "MultiLineString", "coordinates": [[[126.96551381116784, 37.66497484691174], [126.96553329294271, 37.66500359572521]], [[126.95573708861278, 37.671515474696974], [126.95605923071531, 37.67155581083283], [126.95616042768613, 37.6715241045183], [126.95614447349759, 37.67148600113454], [126.95595017109545, 37.67138434263462], [126.95582250262802, 37.671170540431085], [126.95600377478443, 37.67080659754014], [126.956105030009, 37.67067541893638], [126.95633625275563, 37.670584770122026], [126.95651094454185, 37.670617573349], [126.95662203791785, 37.67057297543841], [126.95670861734142, 37.67057638562469], [126.95682555479867, 37.67053271577111], [126.95684050375459, 37.670447081630954], [126.95693413453006, 37.67038363099935], [126.95724737428563, 37.67037184763768], [126.95742514383905, 37.67031831353162], [126.95748381723782, 37.6701424553781], [126.95752939667541, 37.67010108665451], [126.95764203113947, 37.669323365359695], [126.95777407350823, 37.66917084903663], [126.95874569711638, 37.669218882100154], [126.9589137085303, 37.66909498364865], [126.95902188056571, 37.66872314560426], [126.9597176855474, 37.668618505148125], [126.95995767298919, 37.66848509594053], [126.96011368869334, 37.66835165612534], [126.96019777965479, 37.66813237410086], [126.96064193230984, 37.66755087452695], [126.96059398659867, 37.66748411091774], [126.96070202491076, 37.667341118491294], [126.96091797235195, 37.667283981547484], [126.96127801552463, 37.66695036842441], [126.96212985933431, 37.66661691942136], [126.96272971734571, 37.66643594765974], [126.96296970167509, 37.66628346185795], [126.96308972236322, 37.66615000645841], [126.96329370460627, 37.66602611306784], [126.9635696519581, 37.66591177896902], [126.9638455497944, 37.66589279582092], [126.96517723634518, 37.66543551857472], [126.96540523003539, 37.66525441741708], [126.9655076517475, 37.66512907104875], [126.96551381116784, 37.66497484691174]], [[126.96551381116784, 37.66497484691174], [126.96551943117106, 37.664837181389224], [126.96561083427386, 37.66472359333345], [126.96572205603971, 37.664644070665304], [126.9661071423149, 37.66448623990705], [126.96619424524563, 37.664109113233195], [126.96635041722652, 37.66387814704514], [126.96644662226629, 37.66365932343688], [126.96650128502642, 37.66333039445711], [126.9664982502245, 37.662769536086635], [126.96644882780024, 37.66228956697836], [126.96631658315364, 37.66198581476077], [126.96679926925334, 37.660512270233106], [126.96756496020588, 37.6594580489131], [126.96775217910165, 37.65907958344189], [126.96780335935075, 37.65870784259968], [126.96777803626925, 37.658309036555636], [126.96754009546136, 37.65805211500773], [126.96742245237108, 37.65786489721932]]]}}, {"type": "Feature", "properties": {"name": "선림사~고양공원묘지입구", "section": "선림사~고양공원묘지입구", "length_km": 3.4}, "geometry": {"type": "MultiLineString", "coordinates": [[[126.93586766049773, 37.6294092653814], [126.93535354232206, 37.62947527790869], [126.93509633057961, 37.629679555737766], [126.93476274839276, 37.62983406315544], [126.93445677419484, 37.63018196270254], [126.93389380071626, 37.63048551144164], [126.93371288506128, 37.630816903423934], [126.93355988589704, 37.63099914096763], [126.9335389093331, 37.63114829958131], [126.93366392077687, 37.631187046912906], [126.93380288100974, 37.63115950384589], [126.93387936475676, 37.631087723467886], [126.93404611699185, 37.63106019358233], [126.93422665905997, 37.63114317110371], [126.93434467214448, 37.631242684630244], [126.93450442585252, 37.631270403044915], [126.93505282083676, 37.63173480404604], [126.93523338996951, 37.631790158737445], [126.93543475842704, 37.63190076898828], [126.93660178951379, 37.63197324006068], [126.93688662710915, 37.63196234980088], [126.93706034266283, 37.63191824179248], [126.93721312797872, 37.631973577164544], [126.93753268052835, 37.63198479934364], [126.93762987746703, 37.63205667726223], [126.93799113226386, 37.632045821362134], [126.93835927617017, 37.63210126692808], [126.9385328555585, 37.63221738377927], [126.93862304744232, 37.6323555550075], [126.93883133287632, 37.63250484073829], [126.93923420227607, 37.63258240165918], [126.93935224443995, 37.63264876461664], [126.93935219883352, 37.63270401264699], [126.93926874770004, 37.63280894250486], [126.93924081882861, 37.632974674380364], [126.9393307244935, 37.63346091681098], [126.93880222373899, 37.6340794285494], [126.93883678733755, 37.63428387061715], [126.9387877998835, 37.63470926691389], [126.93883626305049, 37.63490818589854], [126.93875966183907, 37.63512361913649], [126.93875251516695, 37.635361187825715], [126.93880795454301, 37.63552696635914], [126.93881462893513, 37.635852939696974], [126.9388907911913, 37.63615685165538], [126.93889749235738, 37.63645520097731], [126.93898064431657, 37.63671491940352], [126.93890404465444, 37.636924822083174], [126.93863982262576, 37.63718435283849], [126.93853544198805, 37.63738319709316]], [[126.94061777837072, 37.64299017186096], [126.94076809714308, 37.643130979715814], [126.94077639984425, 37.643799456253184], [126.94083818001516, 37.64400354783446], [126.9409850633357, 37.64429211996634]], [[126.94076643841045, 37.64460367169363], [126.94066662798537, 37.64491630644784], [126.94026324057427, 37.6451496214093], [126.94007992155318, 37.64532563636008], [126.93990509283621, 37.64570591633636], [126.93970766698855, 37.645975780833986], [126.9395585764892, 37.64626978608835], [126.93883502352996, 37.64690050378099]], [[126.93816113219205, 37.65129958202278], [126.9387651461598, 37.65129990465835], [126.9390966007364, 37.65180671218606], [126.93953422386, 37.652355795468]], [[126.94572073112047, 37.65071242765438], [126.94576789487827, 37.65081864598476], [126.94601132678652, 37.651048204279455], [126.94678677821884, 37.65149851594889], [126.94732466835259, 37.652217138821655], [126.94782883257017, 37.6526237321501], [126.94819377576326, 37.652803329524055], [126.94885743758937, 37.6529513952173], [126.94926222579633, 37.653104622185765], [126.94948772854579, 37.65335803527036], [126.94960032783426, 37.65370639302296], [126.9495802503594, 37.65394386985039], [126.94937438533296, 37.65408099232439], [126.94928799945804, 37.654212888435346], [126.94928791044703, 37.65434482235063], [126.9491284896445, 37.65450307481282], [126.94900232811209, 37.654566346783774], [126.94896900671671, 37.65475631727368], [126.9491015641616, 37.655036080820054], [126.94940682530408, 37.6551523195441], [126.94968562448399, 37.655141886982015], [126.95003085658654, 37.65504704548241], [126.95079428844768, 37.65493127223875], [126.95101995578854, 37.65495775467505], [126.9512322918524, 37.655073950969886], [126.95140477571799, 37.6552217893988], [126.95167021632246, 37.65533273012937], [126.9515239582462, 37.65566514473412], [126.95127147217795, 37.65602917769657], [126.95118503265778, 37.65624551531043], [126.95118488774779, 37.65646188752976], [126.95145703552052, 37.65702825076206], [126.95070155188472, 37.657353171519524]], [[126.95125051693486, 37.66116259119044], [126.95135047012485, 37.66131841323534], [126.95142122999951, 37.66149410898229], [126.951433618066, 37.66167309168657], [126.9515252384461, 37.66182559577669], [126.95164193073158, 37.661891933708], [126.95205462860238, 37.6619782801804], [126.95217546019173, 37.66209102112524], [126.95214619662441, 37.66221033053619], [126.95180009618996, 37.66228973147139]]]}}, {"type": "Feature", "properties": {"name": "시청IC~원도봉입구", "section": "시청IC~원도봉입구", "length_km": 3.8}, "geometry": {"type": "MultiLineString", "coordinates": [[[127.03253030491972, 37.73114007900366], [127.0321300276543, 37.73088321990992], [127.03205336091013, 37.7307750478819], [127.03192560897186, 37.730673645611155], [127.03184030560709, 37.730288223507976], [127.03183169957353, 37.73005831570958], [127.03190825446106, 37.729882478510106], [127.03218916639855, 37.72976068549318], [127.03244451628645, 37.72958480292055], [127.03265733091511, 37.72949683665239], [127.03353389842269, 37.72863104275854], [127.03373810542112, 37.72834697812239], [127.03376345360878, 37.72789390520395], [127.0338144363794, 37.72767073795662], [127.03420316103279, 37.72650701089343], [127.0341490490039, 37.72630106526243], [127.03420530694352, 37.7258741165354], [127.03436802633011, 37.725593967914755], [127.03452680837252, 37.724959830784506], [127.03393250946017, 37.72509431735199], [127.0338132831528, 37.72501320171652], [127.03360884835011, 37.72474953439153], [127.03379604856345, 37.72453309344546], [127.03428127361734, 37.724445049191225], [127.03434935892707, 37.72439093400799], [127.0345791932646, 37.72433001072632], [127.0346556616516, 37.72399188045435], [127.03487684382188, 37.723613135112586], [127.03503842127438, 37.72322764579158]], [[127.03753217158719, 37.713194239192], [127.03729813375345, 37.71321218210532], [127.03711940453546, 37.713266332578684], [127.03665984297065, 37.713462574113], [127.03614072509679, 37.71373321658434], [127.03595353899416, 37.71390232323124], [127.03544297259991, 37.714267631913046], [127.03544307674765, 37.71449754354112], [127.0355112258131, 37.714605721534575], [127.03556239986538, 37.7148288571726], [127.03557102473678, 37.715072297001036], [127.0357839085643, 37.715241286818745], [127.0358776091569, 37.715383267582425], [127.03563961329861, 37.71614746527864], [127.0356227712472, 37.71654643940656], [127.03548669506071, 37.71681696451476], [127.03537605009038, 37.71685757130187], [127.03530798418417, 37.71693197428778], [127.03530800308347, 37.71697254574588], [127.0351633442197, 37.71708754259001], [127.03422694901063, 37.717060758552535], [127.03408225036367, 37.71710137199041], [127.03387802768574, 37.717277247142526], [127.03317156284669, 37.71746677861622], [127.03303539484442, 37.71754795986401], [127.03305247308643, 37.7176696767382], [127.03321434271487, 37.71797392930562], [127.03326550249137, 37.71817001876438], [127.03315490993381, 37.71834586666845], [127.03297027671877, 37.7185373458026], [127.0324829590102, 37.718296062821075], [127.0320247260864, 37.71839198274838], [127.03192828821742, 37.71848780379574], [127.03202002401348, 37.71869087158406], [127.03198634017814, 37.71889780930162], [127.03175001037285, 37.719005164253126], [127.03169221198759, 37.719223598941596], [127.03172120665165, 37.71935004568941], [127.0316401599012, 37.719610792649505], [127.03175091254712, 37.7198271540938], [127.03218524125818, 37.72023953750084], [127.03244931768668, 37.720658723411766], [127.03297737045123, 37.72125365498361], [127.03329239715934, 37.72134824104927], [127.0335309467556, 37.72177419332866], [127.03388014041934, 37.72213925465718], [127.03377811528026, 37.72244358201753]], [[127.03627599174226, 37.71174509053928], [127.03646317619418, 37.71157598059187], [127.03667585145949, 37.71131218969031], [127.03697367604975, 37.71112275969227], [127.03683726505282, 37.710656210861785], [127.0366157344183, 37.710182923409114], [127.03598574983319, 37.70993290713787], [127.03571330507057, 37.709784217981586], [127.03516837597188, 37.70939216583288], [127.03488737268032, 37.709135284476005], [127.03488730128205, 37.70897299033393], [127.03546597746839, 37.70871586250101], [127.03580638623907, 37.70860080578132], [127.03574666503867, 37.70829652412859], [127.03581465341257, 37.708066589221104], [127.0363081433007, 37.707687763468684], [127.03652090912985, 37.70763360102247], [127.03681030262013, 37.7076470404569], [127.03709111243371, 37.70749818852234], [127.03722717429622, 37.70724794359091], [127.0374218646866, 37.70720894550528]]]}}, {"type": "Feature", "properties": {"name": "의정부시·도봉구경계~강북·도봉구경계", "section": "의정부시·도봉구경계~강북·도봉구경계", "length_km": 5.6}, "geometry": {"type": "MultiLineString", "coordinates": [[[127.03925377313868, 37.69409560506988], [127.03920192789273, 37.69410248693726], [127.03915118051845, 37.69403736225121], [127.03889952477583, 37.69387263304917], [127.03888026834969, 37.69377039474938], [127.03891091479022, 37.693607100828345], [127.03866698265095, 37.69352630068787], [127.03865351812165, 37.693478999412505], [127.03857091096899, 37.693416457417236], [127.03858624048341, 37.693349307053914], [127.03832982114723, 37.69326138642339], [127.03795427748166, 37.69326150640526], [127.03750018197388, 37.693201960070354], [127.03709722263626, 37.69298233559736], [127.03703570399618, 37.69284670987335], [127.03679321149798, 37.69264060054909], [127.03585350163388, 37.69239959990461], [127.03575364616623, 37.69240725840858], [127.03567109572, 37.69245916724743], [127.03549057700538, 37.69244853537139], [127.03489711232109, 37.69230526066097], [127.03429792179706, 37.69222149858583], [127.03400401986302, 37.69202319872195], [127.03354696665009, 37.69201111565011], [127.03308282860834, 37.691939592512455]], [[127.0310302954254, 37.67839645239256], [127.03110703219214, 37.67845851404471], [127.03107080320491, 37.678550533864964], [127.03053533913753, 37.67888434160546], [127.03034015181264, 37.67910277731965], [127.03025934241991, 37.67933337931982], [127.0300864301317, 37.6794409548176], [127.03001811623882, 37.67952965483469], [127.0298327339401, 37.67985450928879], [127.02982299307502, 37.679922132500856], [127.02964175671316, 37.68015386859064], [127.02964874804086, 37.680200423196915], [127.02948566079787, 37.680479820803946], [127.02955050673332, 37.68126824137151], [127.02961013135256, 37.68155792998183], [127.02966722413875, 37.68171754998113], [127.02979274812101, 37.68189932712456], [127.0299615834974, 37.6820511587832], [127.0300969476708, 37.68221630199333], [127.03010394816381, 37.682291681160514], [127.03016813452662, 37.68234820427913], [127.03015421576836, 37.682421371156764], [127.03021471966977, 37.68257988320678], [127.0302246410021, 37.68299004633863], [127.03033500033575, 37.68341238266065], [127.03046342053128, 37.68365069213981], [127.03042592303929, 37.68406752460678], [127.03032133529227, 37.6841451480405], [127.03031858558364, 37.68425711211149], [127.03027955833934, 37.684328071667416], [127.03020704300481, 37.68437464660676], [127.03023253014355, 37.68465665102564], [127.03001776735917, 37.68472498148595], [127.0298677374032, 37.68481901959998], [127.029910543873, 37.685038695792024]], [[127.03422513259238, 37.67432240502084], [127.03420538533186, 37.67471914670975], [127.03415847721016, 37.67487217261191], [127.03414334723568, 37.67509857438674], [127.03403014402892, 37.67520975178183], [127.03375707288619, 37.67534742999072], [127.03350099950072, 37.67541227594947], [127.03326393029788, 37.67541757073121], [127.03266420907296, 37.67563687222295], [127.03247677939717, 37.67573786364887], [127.03226518568754, 37.67591095924985], [127.03198668228681, 37.67628625247733], [127.03194266650135, 37.67640219189844]], [[127.0274778768846, 37.66860291605567], [127.0274029908229, 37.66935111806914], [127.02712640131406, 37.66946309252212], [127.02706935175121, 37.66955804633966], [127.02729426517014, 37.669884035277676], [127.02733929095864, 37.67005757446968], [127.02721934986744, 37.67023381717282], [127.02707030742232, 37.67037251161597], [127.02703104934012, 37.67058200599022], [127.02717184243741, 37.67101493797444], [127.02712396839314, 37.67117086496819], [127.02663119362644, 37.67173059331538], [127.0263803005145, 37.67186166736141], [127.02621201857828, 37.67209053382759], [127.02620799515945, 37.672333470920606], [127.02606732242363, 37.672615619462114], [127.02586292249514, 37.67272559783291], [127.02566802718184, 37.672945072767554], [127.02574744307206, 37.673083839470266], [127.02595382835207, 37.67319314360586], [127.02617607936955, 37.673260388257546], [127.02679514856968, 37.673306520686744], [127.02703851933431, 37.673251796338896], [127.02767872754991, 37.67320539159442], [127.02784272100389, 37.67312544837333], [127.02823416218587, 37.67285199391429], [127.02842464130556, 37.67285195437675], [127.02848285978264, 37.6728981992554], [127.02851464271096, 37.672994923908696], [127.02852526031904, 37.673091649573095], [127.02847767387857, 37.67319679985474], [127.02872109990695, 37.67329768007168], [127.02894870380136, 37.673516322363405], [127.02951486595278, 37.67356244913335], [127.02973713759594, 37.6736885639944], [127.02974773609539, 37.67372641263649], [127.02981121052326, 37.67367172138217], [127.02991702551842, 37.67365487815329], [127.03000699337625, 37.67370111632028], [127.03018697853659, 37.67393238249834], [127.03026650472637, 37.67434871817922], [127.03034594707802, 37.674537953785595], [127.03034596252613, 37.67457580258931], [127.03021370348556, 37.674630507684434], [127.0302666295542, 37.67466834910661], [127.03029841145592, 37.674760863131986], [127.03027727013509, 37.67481974769123], [127.03043600163484, 37.674807090517156], [127.03057890242495, 37.674899581725796], [127.03081700127953, 37.67489531403713], [127.03113441384451, 37.674739627330595], [127.03147293761289, 37.67446617623923], [127.03173215075591, 37.67432732612287], [127.03194908146963, 37.674314654602604], [127.03213425336723, 37.67426413594609], [127.03232993986722, 37.67405380559786], [127.03252039019526, 37.67397805463148], [127.03279552145045, 37.67396115783592], [127.03291719516501, 37.67390645297742], [127.03307063802008, 37.67390641158999], [127.03319236381779, 37.6739736731505], [127.0333194745243, 37.67427223507452], [127.03358935601715, 37.674339453230495], [127.03388035348144, 37.6743099340033], [127.03422513259238, 37.67432240502084]], [[127.03422535870533, 37.67432233290587], [127.03422513259238, 37.67432240502084]], [[127.03422513259238, 37.67432240502084], [127.03422517621482, 37.67432195723091]], [[127.02465675508462, 37.662238794130786], [127.02486179869447, 37.66236492368839], [127.02496767735205, 37.66259621598872], [127.0251132011378, 37.66272235055266], [127.0252719862673, 37.66295888770672], [127.0252733570683, 37.66384210024101], [127.0257484094718, 37.663782995441096], [127.02594142048171, 37.66381245806357], [127.02606021841065, 37.66390685082202], [127.0261790026778, 37.66395403154697], [127.02591188838511, 37.66430814228575], [127.02596024698035, 37.66452534172303], [127.02595370193194, 37.66473562718752], [127.02607937899015, 37.664830228730864], [127.02613233621854, 37.664982671322505], [127.02613246978797, 37.66538220505728], [127.02618545757332, 37.66563979098454], [127.02627808776751, 37.665771198899186], [127.02631783018035, 37.66596569770607], [127.02602695047632, 37.6662654077917], [127.02592776967094, 37.666328514444295], [127.02588814207947, 37.66649149288742], [127.0259542906151, 37.666533532852085], [127.0261460704626, 37.66651772343718], [127.0262254168184, 37.666475648865536], [127.02621883245182, 37.66656502025951], [127.02639082615634, 37.66672269711396], [127.02645040730471, 37.66689616718132], [127.02653637021619, 37.666875121835396], [127.02660914325482, 37.66694344476207], [127.026655471632, 37.66705383400219], [127.02689357000791, 37.66710109616914], [127.02699279718023, 37.66719044400739], [127.02701265509603, 37.66724826755323], [127.027058954116, 37.667253513291215], [127.02703915717244, 37.66738494743777], [127.02707229858031, 37.66760573029229], [127.02726409768422, 37.667631975351966], [127.02732363607942, 37.66768979202769], [127.02736337291138, 37.66784749077816], [127.02754196950859, 37.66795785257496], [127.02776024094575, 37.668031402975636], [127.02789253907868, 37.6681207445489], [127.0282364876128, 37.66826260343051], [127.02823651009747, 37.66832568782369], [127.02817699549726, 37.668341474567015], [127.02800509819907, 37.66849396566222], [127.02787284872939, 37.668551823818504], [127.02755541284363, 37.66857817950947], [127.0275422155848, 37.66865704015557], [127.0274778768846, 37.66860291605567]], [[127.0274778768846, 37.66860291605567], [127.0274779775698, 37.66860080643843]], [[127.02106518277436, 37.661934250032644], [127.02110465231131, 37.662093797648865], [127.02091827088528, 37.66205963826862], [127.020730366798, 37.66219162337583], [127.02056237860948, 37.66224952468527], [127.0203327743954, 37.662249561954035], [127.02029919461206, 37.66233415437334], [127.02014800508971, 37.66237869623678], [127.01946478297374, 37.66233873573109], [127.01929118444839, 37.66235656971815], [127.01899435368529, 37.662236411545976], [127.01896072652673, 37.66212957002229], [127.01884311685657, 37.66210287504224], [127.01877030697183, 37.66204946692779], [127.01866942664277, 37.66172004055702], [127.01859102000326, 37.661688889561205], [127.0185125954796, 37.66158205163978], [127.0183669723849, 37.66147968121851], [127.01812056971333, 37.66148416938978], [127.01804216147909, 37.66143966025586], [127.01792456076636, 37.66143967632565], [127.0177285717025, 37.661502030729395], [127.01756616760977, 37.66147534060348], [127.01754939511167, 37.66160890014198], [127.01741502542708, 37.661746926937006], [127.0172526168731, 37.661715783772415], [127.01697261959144, 37.661746986384934], [127.01670940388165, 37.661675790771284], [127.01655260268834, 37.66168026148374], [127.01617174965344, 37.66142209832606], [127.0159533475877, 37.661413222780936], [127.0153709611633, 37.66148897527813], [127.0149118141019, 37.66181401428563], [127.01463746268898, 37.66209896628605]]]}}, {"type": "Feature", "properties": {"name": "불심원뒤~구기터널하단", "section": "불심원뒤~구기터널하단", "length_km": 2.7}, "geometry": {"type": "LineString", "coordinates": [[126.95307940120009, 37.60939023900389], [126.95275748625363, 37.60934981690355], [126.95276761577196, 37.609194639719504], [126.95263617473465, 37.60914683871198], [126.95233608376329, 37.60913079696696], [126.95214751901221, 37.60902385211216], [126.95175883233138, 37.609003224371484], [126.95158022743925, 37.608963736953214], [126.95149642509655, 37.60890913191647], [126.95137463262807, 37.60868473707104], [126.95137854897716, 37.608524064489664], [126.95145500465587, 37.60816939130526], [126.9511119419873, 37.608314767687155], [126.95075371139481, 37.608341896959914], [126.95067750939455, 37.608317613520136], [126.9505785801725, 37.60810232053232], [126.95039201393173, 37.607862739256426], [126.9500339076828, 37.60771706483244], [126.9496071654369, 37.607675360522066], [126.94955999971849, 37.60782146759185], [126.94960870337724, 37.608128085256425], [126.94959659559201, 37.60838341879425], [126.9493923862741, 37.608643411139994], [126.94927063892237, 37.60870790621711], [126.94926731819159, 37.6089683408175], [126.94918800506984, 37.60914605185365], [126.94938299960604, 37.60936663531648], [126.94941683597091, 37.609515151815025], [126.94948464300332, 37.60961417831226], [126.94948996963386, 37.610088930371816], [126.94958038812364, 37.610210466871315], [126.94960293519128, 37.61032972635482], [126.94972158417637, 37.61052552954324], [126.94973561107538, 37.61069203260998], [126.94956873150738, 37.61070320971173], [126.94891262020666, 37.61062642166127], [126.94875422278847, 37.610646599235], [126.94834697497173, 37.61061041647086], [126.94825078049828, 37.61065762144851], [126.94782183721108, 37.61063717917025], [126.94771619881884, 37.61070612939006], [126.94765200528114, 37.6108230967463], [126.94756118202532, 37.61126405635677], [126.94736091897147, 37.61180695947782], [126.94725146434556, 37.61193290557139], [126.94684410086036, 37.61204671785445], [126.94610118304097, 37.61205237360066], [126.94568642130325, 37.611971178587496], [126.94535392631484, 37.611953283146455]]}}, {"type": "Feature", "properties": {"name": "우이분소밑~구복암위삼거리", "section": "우이분소밑~구복암위삼거리", "length_km": 8.4}, "geometry": {"type": "MultiLineString", "coordinates": [[[127.00904012849568, 37.661022112065545], [127.00915207996191, 37.66069218243796], [127.00936616026392, 37.66058481300461], [127.0094847136379, 37.66041722626369], [127.00971854949158, 37.66027057979441], [127.00991944150046, 37.66008465466892], [127.01013844001537, 37.65981759872219]], [[127.01028138974308, 37.6594198054474], [127.01017381857257, 37.65930705711191], [127.00999595240742, 37.65920233239545], [127.0098740856285, 37.65917353772891], [127.00962374219951, 37.65890123993581], [127.00949857838393, 37.65885411967575], [127.00947880937007, 37.65877294535973], [127.00922519491803, 37.65867608226369], [127.00903087519295, 37.658723227291915], [127.00901442594203, 37.65888295360645], [127.00877072294065, 37.65914742866302], [127.0086159331678, 37.65925479438596], [127.00847431586061, 37.65931764473788], [127.00826022824617, 37.65929670858991], [127.00799672582558, 37.65917103827536], [127.00793793792008, 37.65857491314307], [127.00772128390159, 37.658435274964475], [127.00746949861437, 37.65832822525017], [127.00735238287001, 37.65817461397229], [127.00705376424499, 37.65816997381622], [127.00677272322402, 37.65830497975994], [127.00651508789244, 37.65823982188517], [127.00619889737021, 37.658114152451084], [127.00581243149715, 37.65776969541939], [127.00623400094092, 37.657634684288176], [127.00652675549735, 37.657597434117385], [127.00676681440947, 37.65752759869109], [127.00692489099077, 37.65736932192449], [127.0070185574266, 37.65716450038144], [127.00703611581407, 37.65702484985278], [127.00685459325308, 37.6568712437851], [127.00641544973517, 37.65672695573937], [127.00628077250435, 37.65658265728046], [127.00638030257191, 37.656494209480634], [127.00633929296974, 37.65611715489425], [127.00658520280008, 37.65607525050128], [127.00695405924348, 37.65587041429189], [127.00703018410391, 37.65598678554206], [127.00721754699192, 37.65600074139606], [127.00732879133169, 37.655968149630965], [127.00772690994657, 37.65569814054693], [127.00789669230484, 37.655511933843385], [127.00802546910845, 37.655134870472544], [127.00812960935214, 37.654975431461274]], [[127.01042152716602, 37.65075089945896], [127.01053857881129, 37.650429696847965], [127.00928564963118, 37.65003876614468], [127.00898121814389, 37.65007602607297], [127.00808548763804, 37.65033210422721], [127.00786886272356, 37.65029022242103], [127.00763466970069, 37.65019247785406], [127.0073243733776, 37.65016921771778], [127.007025784546, 37.65009940936791], [127.00706090039998, 37.64996906711364], [127.00687353706097, 37.64970374037453], [127.00652224775692, 37.649452388839], [127.00633490042648, 37.64946170625588], [127.00594850860237, 37.64960602386305], [127.00567919957784, 37.64958275979923], [127.00548014294196, 37.649610695245194], [127.00536305034738, 37.649578112300055], [127.00529279160781, 37.64948501802071], [127.00518741349192, 37.64955484505584], [127.00502348793472, 37.64960605624258], [127.00489468620574, 37.649596750256464], [127.00477173809087, 37.649471068479244], [127.00460781206368, 37.6494943476119], [127.0045199901204, 37.64947107405443], [127.00444973335173, 37.64938263377766], [127.00426824216933, 37.64939194547179], [127.00364765707187, 37.649252307815956], [127.00348373198445, 37.649252309312914], [127.00324954592128, 37.649205763631926], [127.00303878096051, 37.649112669355674], [127.00295681976178, 37.649061463513554], [127.00316757835697, 37.64888457197206], [127.00317343105057, 37.64875422929976], [127.00322026490997, 37.648679752710585], [127.0035598161665, 37.648437686384064], [127.00377641677528, 37.64789304825644], [127.00402229376513, 37.647688222649414], [127.00407497925964, 37.64757650188774], [127.00407497534927, 37.647446158853015], [127.00387006680089, 37.64723668949968], [127.00394616714013, 37.64712496720791], [127.00416282018158, 37.64694792824072]], [[127.00377993752406, 37.64492715791703], [127.0037774631502, 37.64472488414349], [127.00370583489294, 37.644540287596215], [127.00359867560276, 37.644450388175684], [127.00359866208568, 37.64401398380222], [127.00345816030166, 37.643874336220016], [127.00324741195664, 37.64384291625914], [127.00293567941665, 37.64388830866826], [127.00276005810147, 37.64388132773844], [127.00252296205974, 37.643762625429055], [127.00237807535181, 37.64363345052323], [127.00222001327445, 37.643598541050935], [127.00203560958946, 37.643483328322645], [127.0018994995357, 37.64334368119598], [127.00187754678603, 37.64327036487266], [127.00195451906144, 37.64313856840688]], [[127.001160245757, 37.64251974431736], [127.00118000194774, 37.64239406081982], [127.00129525301513, 37.64231289061486], [127.00173649836464, 37.64221862570449], [127.00185833457034, 37.642221243925995], [127.00219420715959, 37.64234168848128], [127.0023884883041, 37.64245428099331], [127.00270461051716, 37.64274492391351], [127.00347513755274, 37.64254067726212]], [[127.0041960422533, 37.642190535854276], [127.00489850315483, 37.64178553478683], [127.00521458764642, 37.641301401971624], [127.00522628702065, 37.6410919299752], [127.00492772760293, 37.640817291335196], [127.00488674485688, 37.64072419246102], [127.00498625662426, 37.64063108826206], [127.00527309537802, 37.64066832326445], [127.00549554223831, 37.640640385149915], [127.00680091599263, 37.64011431948283], [127.00735017795157, 37.63986628430474], [127.0076207394604, 37.63969248235837], [127.00731498858448, 37.638987008619345], [127.00701058603275, 37.638906335571434], [127.00667496453025, 37.63876980334841], [127.00662032561527, 37.638720152764535]], [[127.00610330810379, 37.63387249712841], [127.00612042317752, 37.63381185647552], [127.00641296509507, 37.633643537269485], [127.00656857046748, 37.6335791755531], [127.00668683761924, 37.63357421881301], [127.00707276633777, 37.63368310990926], [127.00742756362237, 37.633697942284535], [127.00833636199361, 37.63388600236215], [127.00839236953314, 37.633732539642544], [127.00850440461389, 37.6336879818826], [127.00880940428466, 37.63365826224222], [127.00894634123257, 37.6336137004692], [127.00909123221653, 37.63336494382178]], [[127.00888706850988, 37.63219867606245], [127.00909360484214, 37.631987451656386], [127.00944768179194, 37.63178795118815], [127.00965419659381, 37.631400719602524], [127.00934430875417, 37.630872717285285], [127.00975732871721, 37.630074786668516], [127.00987532514822, 37.62978143067872], [127.00963923731582, 37.62951156699442], [127.00932444064568, 37.62939113290913], [127.00898831805496, 37.629198095665025], [127.00839078513569, 37.62901992317188], [127.00817915192783, 37.6289258824774], [127.00830984474682, 37.62876251697892], [127.0083285032248, 37.628609058036545], [127.0085214276815, 37.6283516337341], [127.00857739817553, 37.627856608371864], [127.00865206698391, 37.627668494502586], [127.00895080585929, 37.62752986841994], [127.00912500987576, 37.626861579137525], [127.00915529325681, 37.62626507472007], [127.00921596328288, 37.626146262028264], [127.0094120136202, 37.62612768681717], [127.00961274132685, 37.626190788416], [127.00982278925892, 37.62611652018263], [127.00989279216942, 37.62596429631912], [127.00975273920606, 37.62581208405839], [127.00979004854793, 37.62554105682244], [127.00982738949627, 37.62550021544854], [127.00998609441724, 37.62548164096262], [127.01036886773142, 37.62553730307611], [127.01048555826661, 37.62550016895547], [127.010415528334, 37.62540364514458], [127.01024280481992, 37.62529227456441], [127.01024745884708, 37.625188322621504], [127.01042947716999, 37.6249172827825], [127.01038278728787, 37.62483189358053], [127.01042945854996, 37.62479105106586], [127.0104294456059, 37.62467224730581], [127.01048078259103, 37.624583136686084], [127.01061146931116, 37.62448288653463], [127.01069080392521, 37.62432694857472], [127.01070944351176, 37.62408190847414], [127.01064409598847, 37.62407820067432], [127.01053674698117, 37.624189591790774], [127.01042005847961, 37.624211873717364], [127.010336034806, 37.62419703152744], [127.01020065365348, 37.624070807631156], [127.0099579288499, 37.62410052648614], [127.00988791744655, 37.624137661110396], [127.00966385800183, 37.624093124345904], [127.00964985060831, 37.62404857152761], [127.00980387990711, 37.6239743075284], [127.0096498266541, 37.623807247768745], [127.0096591458476, 37.623681016078805], [127.0097431583404, 37.62363274602757], [127.0097571301103, 37.623313455061975], [127.00983645307966, 37.62307583822778], [127.00977575950245, 37.62292733559372], [127.00978508215243, 37.6228419417734], [127.00991108693951, 37.62262288809428], [127.00998109522753, 37.622567191245516]], [[127.0044107328348, 37.61961594306275], [127.00429404580339, 37.61958624592087], [127.0041633581406, 37.61960852237122], [127.00407000477928, 37.619560262618165], [127.00401865699006, 37.6194600206318], [127.00394864331894, 37.61946002196824], [127.00380862265844, 37.619474875918705], [127.00375261163882, 37.61959739563252], [127.00357525032126, 37.61961595991234], [127.0029964719589, 37.61931524235283], [127.00282421305468, 37.61941455728648]], [[127.00094965120499, 37.61996168463651], [127.0008859952738, 37.61991828180082], [127.0008405279332, 37.619829073184306], [127.00074959268987, 37.61992310199049], [127.00039191416981, 37.619903812818244], [127.00026459799724, 37.62021001754673], [127.00021913001527, 37.620279937469796], [127.00016760161049, 37.62026305975612], [127.00000998333293, 37.62010392931399], [126.99989783717332, 37.61972297794823], [126.99991602693018, 37.619575900544596], [126.99985540903845, 37.61952044649956], [126.99964928769913, 37.61947222350661], [126.99928857843601, 37.61958553493182], [126.999055181347, 37.61953730782717], [126.99896121384246, 37.61957347170847], [126.9988763405903, 37.619628925846385], [126.99873386442198, 37.61987243947357], [126.99867020798726, 37.61990137244088], [126.99858836758699, 37.61988208306074]], [[126.99788449004228, 37.61907434528389], [126.99772770590455, 37.61900505364766], [126.99755351739275, 37.61861242316105], [126.99780322925703, 37.61833528498275], [126.99797453761052, 37.61826369673491], [126.99798325179852, 37.61821981423014]], [[126.99692285259127, 37.61871158298869], [126.99667896392197, 37.618619768153636], [126.99654396395988, 37.61847772610329], [126.99652001484239, 37.618406707424285], [126.99635670089054, 37.61830969875561], [126.99629791291017, 37.61823867734637], [126.99622169637114, 37.61822308509391], [126.99620864845109, 37.61794766923072], [126.99614115248525, 37.61781256046495], [126.99585372202273, 37.61767743880571], [126.99580364233906, 37.617615075664084], [126.9955162118172, 37.61750766937756], [126.9957535866024, 37.61726864277337], [126.99589947839515, 37.617305027659256], [126.99595610217752, 37.61725133156603], [126.99596699564732, 37.61718204614146], [126.99589079523271, 37.616965522576116], [126.99572313291202, 37.61685812092267], [126.99565128173029, 37.61674033141831], [126.9954901452363, 37.61669875062352], [126.99526587588167, 37.61650127245231], [126.99528349404919, 37.6163980713881], [126.99533604732044, 37.61636636258338], [126.99539223378963, 37.616261136181926], [126.99540493092539, 37.616109777994204], [126.99558229467549, 37.61596796954539], [126.99561093998297, 37.61586318863847], [126.99575413137319, 37.61569918707829], [126.99566823616517, 37.615562509460915], [126.99546206370724, 37.61547138146845], [126.99550216614402, 37.6153255971318], [126.99545636302784, 37.61517525337766], [126.99491229904145, 37.615011214699976], [126.99480922720456, 37.61479252931228], [126.99467751859869, 37.61464217798456], [126.99431097384048, 37.614733272772135], [126.99393296462704, 37.61493826105392], [126.99386423216777, 37.615011152379424], [126.99367523718807, 37.61501113929653], [126.99348050903787, 37.61507490625907], [126.9933258472034, 37.61533457721787], [126.99308528619363, 37.61551679460089], [126.99294208067947, 37.61573546271904], [126.9927416262224, 37.61576278340174], [126.99262709778279, 37.61563976739562], [126.99239802016162, 37.61554863382173], [126.99234076694921, 37.61540739994577], [126.99181385190577, 37.61553036322953], [126.99172220211504, 37.615644249384076], [126.99147593170623, 37.61565334196641], [126.99114374044031, 37.61575353963576], [126.99096047251373, 37.61575352436149], [126.9906110939061, 37.61588105432285], [126.99035910561292, 37.6158126966061], [126.99022170366752, 37.6154801072195], [126.99000408499425, 37.615388968933935], [126.98961465551605, 37.615297814651164], [126.98927676511258, 37.615234000766925], [126.98908204021414, 37.615247645075264], [126.98860096542468, 37.61520203461808], [126.98833750440166, 37.61526578812381], [126.98817139506856, 37.615402443662894]], [[126.98889314879723, 37.614225258394725], [126.98882572975117, 37.614173525998126], [126.98889078612319, 37.6139647257574], [126.98910031739655, 37.61384980729731], [126.98884707364468, 37.61374888812117], [126.98881818479295, 37.613697800317325], [126.98850675452422, 37.61354451015901], [126.98831730251953, 37.613605791166655], [126.98825628476762, 37.613659423102746], [126.98824343153441, 37.61371561368381], [126.98814389447494, 37.61372837309252], [126.98808929814804, 37.61378456105207], [126.98791591888447, 37.613728347555515], [126.9874952790216, 37.61378449203996], [126.98723843242144, 37.61366441201308], [126.98719025968678, 37.61369505645205], [126.98712283818482, 37.61367972278563], [126.98700723235545, 37.613753782732964], [126.98661229449287, 37.61374096341142], [126.9862237592918, 37.61382520078858], [126.9859090896951, 37.61383027313861], [126.98557190458664, 37.614006466825], [126.98556226554916, 37.61405499800996]]]}}, {"type": "Feature", "properties": {"name": "통일교~우이암능선", "section": "통일교~보문능선~우이암능선", "length_km": 2.66}, "geometry": {"type": "LineString", "coordinates": [[127.03580742581688, 37.686279585187094], [127.03536816984688, 37.68613093308232], [127.03518983982772, 37.68614988115502], [127.03476477285676, 37.68610275813344], [127.03364411586908, 37.68590228879378], [127.03354301668064, 37.68580782699288], [127.03320114108867, 37.685663827870556], [127.03285919770991, 37.6853662903214], [127.03241625346875, 37.685193968912735], [127.03065066205703, 37.68507867395224], [127.0304931607914, 37.68515430228656], [127.029910543873, 37.685038695792024], [127.0296073682459, 37.6850293190437], [127.02939037730727, 37.685282384288854], [127.02928255392936, 37.685718645892], [127.0289946839411, 37.68596186702424], [127.02856277595873, 37.686062083490356], [127.0278698832848, 37.68609799844468], [127.02698800255591, 37.68610534360924], [127.02634006836439, 37.6860554204435], [127.02595309024329, 37.68596253102272], [127.02565612049182, 37.68593398694231], [127.02507120675675, 37.685962714296245], [127.02437825758635, 37.68581981972865], [127.02380255197184, 37.68583106688366], [127.02322354138013, 37.6857542397019], [127.02307364714665, 37.68570480313472], [127.02278888905808, 37.68581144487942], [127.02229314807917, 37.68591127999492], [127.02164380841343, 37.686102859299346], [127.02076614897135, 37.68592840921171], [127.02060614653901, 37.6858086075573], [127.02039402195348, 37.68577305737365], [127.01977081786251, 37.68577884051587], [127.01904187489977, 37.68590816172271], [127.01883256544649, 37.68581665752802], [127.01849182238045, 37.685571018021044], [127.01831846781734, 37.68552815668075], [127.01757105592749, 37.68570306015424], [127.01649756493559, 37.68613673004612], [127.01619097123312, 37.68616077747609], [127.01576127263236, 37.68607380481377], [127.01543313868007, 37.68590788675107], [127.01532078239315, 37.685880692486265], [127.0149162722544, 37.68587858043701], [127.01473849331542, 37.68581382667175], [127.01428461819202, 37.68555521253294], [127.01397782175285, 37.68548614509134], [127.01309289206951, 37.68541592250837], [127.01259532602703, 37.685522380941336], [127.01191884183129, 37.68555074477726], [127.01145289678783, 37.685621066942595], [127.01106054182797, 37.68577634258853], [127.01042804762085, 37.68580658555389], [127.01023190685724, 37.685772275916946], [127.01004368886314, 37.685590475512015], [127.00964505227135, 37.68542139663079], [127.00950514622619, 37.685377441022155], [127.00916684391697, 37.68534295917422], [127.00896877496457, 37.68524684063297]]}}, {"type": "Feature", "properties": {"name": "효자동입구~솔고개", "section": "효자동입구~솔고개", "length_km": 8.0}, "geometry": {"type": "MultiLineString", "coordinates": [[[126.9515933983913, 37.663127544052266], [126.95205954974591, 37.663747394441835]], [[126.953261114317, 37.66541271611449], [126.95376702826849, 37.666077593230604], [126.95450642507454, 37.6671803771794], [126.95481760551411, 37.66787583687204], [126.95502165860448, 37.66795287380223], [126.95531857843481, 37.667947020277595], [126.95578082874263, 37.66771639171743], [126.95610740454627, 37.667450847354154], [126.95635604662262, 37.667307257065445], [126.95641997406119, 37.66733837450445], [126.95644652169011, 37.66746535373293], [126.9565329959353, 37.667536805005184], [126.95700388163881, 37.66750921360889], [126.95708583772685, 37.66758536935362], [126.9571105602412, 37.66765797537058], [126.95706864770787, 37.66785237522819], [126.95707209093393, 37.66801834857691], [126.95728121048184, 37.66830017100994], [126.9573854446799, 37.66839165882961], [126.95737351918656, 37.66849636831972], [126.95715934368756, 37.6686008006112], [126.9568599673429, 37.66864465745822], [126.95663866018238, 37.668724755185885], [126.95655398587226, 37.6688514580804], [126.95651811070279, 37.66898594163241], [126.9565407971919, 37.66913855037205], [126.956657832644, 37.66930930041164], [126.95683019754708, 37.669454211634786], [126.95721402143862, 37.66967420240264], [126.95735709468178, 37.66983720294907], [126.9573863341827, 37.66991998134883], [126.95745464063712, 37.66995880491238], [126.95752939667541, 37.67010108665451], [126.95748381723782, 37.6701424553781], [126.95742514383905, 37.67031831353162], [126.95724737428563, 37.67037184763768], [126.95688046279805, 37.67040246051677], [126.95682555479867, 37.67053271577111], [126.95670861734142, 37.67057638562469], [126.95662203791785, 37.67057297543841], [126.95651094454185, 37.670617573349], [126.95633625275563, 37.670584770122026], [126.95622220686258, 37.670631022512566]], [[126.95924713027648, 37.67452133295864], [126.95935317334657, 37.67471824588962], [126.95926454154328, 37.675013525260844], [126.95926440665754, 37.67525258879983], [126.95935276392842, 37.675440118000296], [126.95946476961672, 37.67552453615823], [126.9599601376869, 37.6755622123832], [126.96044368093492, 37.67566550420669], [126.96210001657921, 37.675452005421555]], [[126.96151017972264, 37.678936099309794], [126.96177785842812, 37.679143566037], [126.96180728170118, 37.67927381437475], [126.9616976484585, 37.67958846822776], [126.96169284744026, 37.679767932465545], [126.96180565112128, 37.67995491513503], [126.96168937798794, 37.68024069341059], [126.96166790069809, 37.680482417413785], [126.96176385106146, 37.68066480751548], [126.96209455063847, 37.680915130847154], [126.96255868664468, 37.68109764424342], [126.962649348882, 37.68119097265154], [126.9623184373656, 37.68134353577603], [126.96232346532109, 37.681456900791765], [126.96224669365225, 37.681603434892125], [126.96216549909605, 37.68168473132579], [126.9622112906482, 37.68182495345151], [126.96231003520465, 37.68192593429246], [126.96205111379626, 37.68233156820132], [126.96277488506175, 37.682787072122004], [126.96270998889236, 37.6828951360013], [126.96257350295545, 37.6830035198766], [126.96245965368405, 37.68326510282572], [126.9628222197263, 37.683987540914025], [126.9627367301485, 37.684159609846425], [126.96220600710667, 37.68421760775626], [126.96203212227394, 37.68428784204698], [126.96195892575608, 37.684287817277855], [126.96154035189555, 37.684058564817164]], [[126.96154034148638, 37.684058435879685], [126.96154035189555, 37.684058564817164]], [[126.96160006446412, 37.6849050819387], [126.96160865396452, 37.68491346204421]], [[126.9615402376328, 37.68405852553832], [126.96154035189555, 37.684058564817164]], [[126.96154035189555, 37.684058564817164], [126.96160865396452, 37.68491346204421]], [[126.96160865396452, 37.68491346204421], [126.96180260947752, 37.68706723520301], [126.96190109944631, 37.6876236137509], [126.96222331989284, 37.68742917097435], [126.9624052382091, 37.68703686643676], [126.96260317430928, 37.687452852622386], [126.96303891321861, 37.68806818746446], [126.96366447222387, 37.688272063632375], [126.96388286050703, 37.68869745855729], [126.964743506144, 37.689799832339396], [126.96521575786076, 37.6901273370512], [126.96537490543147, 37.6903318100717]], [[126.9653626888085, 37.69034665002423], [126.96537490543147, 37.6903318100717]], [[126.96537490543147, 37.6903318100717], [126.96538061686158, 37.69033914843523]]]}}, {"type": "Feature", "properties": {"name": "우이암매표소~원통사", "section": "우이암매표소~원통사", "length_km": 2.05}, "geometry": {"type": "LineString", "coordinates": [[127.0110512832875, 37.66700871573482], [127.01162026244523, 37.66770182011726], [127.0113440821746, 37.667948987064136], [127.0112293052244, 37.668930469986634], [127.0113602301721, 37.669049708927375], [127.01162483315139, 37.66940016217761], [127.01202552545435, 37.67016613419566], [127.01222641797591, 37.670402619385854], [127.01269324285869, 37.67075530157571], [127.01313390367834, 37.67117231645481], [127.01316849128135, 37.67126754525787], [127.01315396151517, 37.67178470749585], [127.0135505464219, 37.6723024789977], [127.01362959313349, 37.6724791271586], [127.01364549238338, 37.672619317393035], [127.01361911805158, 37.672831046873185], [127.01332043248534, 37.67345401862011], [127.01333224337844, 37.67358466041874], [127.01384894781559, 37.674073877360314], [127.01406530051929, 37.67446785142906], [127.01416647268917, 37.674767772624975], [127.01416819830423, 37.67491391082697], [127.0141023000733, 37.67504222422433], [127.01390641213385, 37.67524856736872], [127.013845561023, 37.67537020632424], [127.01371891506119, 37.67615681248576], [127.01321165323542, 37.67751789153474], [127.01304958803645, 37.6777210774754], [127.01296210680349, 37.67789659929938], [127.01260802846285, 37.67821937059462], [127.01251055648619, 37.67834470342134], [127.01219701877817, 37.679132461885146], [127.01214273334523, 37.67921238638837], [127.01205851451918, 37.67925870258311], [127.01248969982987, 37.680322138973025], [127.01257374967425, 37.68077982518296], [127.01248981556445, 37.68111356817233], [127.0123338735584, 37.6813042885521], [127.01184202060615, 37.68165713906782], [127.01151810417566, 37.681828801933996], [127.01141018190232, 37.68225789921344], [127.01118229255604, 37.68279189443141], [127.01109835305104, 37.68313517144348]]}}, {"type": "Feature", "properties": {"name": "아카데미매표소~대동문", "section": "아카데미매표소∼구천폭포∼대동문", "length_km": 1.9}, "geometry": {"type": "LineString", "coordinates": [[127.00222709767503, 37.64228682772741], [127.00187735713014, 37.642135133072856], [127.00161505315728, 37.64168005107407], [127.00144813420522, 37.641490429347286], [127.00095532873658, 37.64126288735269], [127.00023202364957, 37.64047912409253], [126.99857877968452, 37.63985967276438], [126.9982529081549, 37.6396068406081], [126.99788729222968, 37.63946145617337], [126.99736272038321, 37.639132767410764], [126.99696532499543, 37.63883568409014], [126.9965520184493, 37.63879774148938], [126.99576513321188, 37.638917799236715], [126.99522467459238, 37.63867758397625], [126.99485110635564, 37.638677566924315], [126.99446957789313, 37.638791313713114], [126.99382573737677, 37.639132589658175], [126.9932455118876, 37.639132551391036], [126.99288784303297, 37.63909460057439], [126.99250634993379, 37.638898633874774], [126.99199768738654, 37.63872161434344], [126.99167977968803, 37.63855093262868], [126.99139362924117, 37.63863939768298], [126.99109952780049, 37.638791063696296], [126.99047829638171, 37.63899661541891], [126.99040335381002, 37.63919333555519], [126.9902159841516, 37.63927079181335], [126.99001363287633, 37.639306530464424], [126.98975884257337, 37.63919923158071], [126.98956397902609, 37.6392766877405], [126.98942154769614, 37.6395210167352], [126.98937651789267, 37.63991434609182], [126.98950388181512, 37.640158702360345], [126.98960878185366, 37.64028982380511], [126.98963124988964, 37.640391140135776], [126.98955626686075, 37.64062951564493], [126.98943632972762, 37.6407963720443], [126.98927143740202, 37.6408857495651], [126.98911404719178, 37.64092149109659], [126.98880679822267, 37.640784387461196], [126.9884845387609, 37.640766472799235], [126.98799738687245, 37.64083793299343], [126.98760764618632, 37.64098687849757], [126.98699312137461, 37.64087357166044], [126.98671327348342, 37.64077898507433]]}}, {"type": "Feature", "properties": {"name": "정릉매표소~보국문", "section": "정릉매표소~보국문", "length_km": 2.26}, "geometry": {"type": "LineString", "coordinates": [[126.99503057717692, 37.62034033544037], [126.99400051504509, 37.62058403631896], [126.99361173245715, 37.62089999952628], [126.99348967311826, 37.62127466615181], [126.99336195646612, 37.62149810691428], [126.99330801484695, 37.62175992428541], [126.99319733071756, 37.621888568456804], [126.99302990640179, 37.62194498241895], [126.99295327554795, 37.62206234548349], [126.99293907065898, 37.62220905576473], [126.99282838589505, 37.62233092871618], [126.99247128208074, 37.622963119190004], [126.9922864547892, 37.623022994076216], [126.99205369955716, 37.623169982255035], [126.99161554365561, 37.623649069422214], [126.99128694876723, 37.62382327092977], [126.99088305863049, 37.623981128972005], [126.99049283422774, 37.62426421170616], [126.99039696292688, 37.624536433648295], [126.99041062892964, 37.62468343787307], [126.99021330929624, 37.62492343126595], [126.98993396476631, 37.62546115586415], [126.98966935809787, 37.62574169795275], [126.98949293270661, 37.62604562403612], [126.98936053609017, 37.626735335529894], [126.98866949307386, 37.628067949031845], [126.98872822179479, 37.62845373365037], [126.98822843438762, 37.628652412930535], [126.98777275702307, 37.628769263455574], [126.98724355508492, 37.629061458017794], [126.98639573312562, 37.63018136888586], [126.98600004041701, 37.630381560679034], [126.98574818271068, 37.63075340598234], [126.98531638722179, 37.631554319064065], [126.98504652437504, 37.63198337411899], [126.98425504793724, 37.632655505231035], [126.98375128809168, 37.63344209808555], [126.98371526059806, 37.633685244599555], [126.98384107364812, 37.63402853739743], [126.98418264437039, 37.63465792219623], [126.98409269070433, 37.63477233304385], [126.98396677416909, 37.63485813313733], [126.98382280118417, 37.63524429392319], [126.98357093757376, 37.63553031701484], [126.98286477252886, 37.635925320799174]]}}, {"type": "Feature", "properties": {"name": "청수폭포~대성문", "section": "청수폭포∼일선사∼대성문", "length_km": 2.69}, "geometry": {"type": "LineString", "coordinates": [[126.9934981968284, 37.621191156721466], [126.99325699695717, 37.62118662304255], [126.99311508802703, 37.62144392268099], [126.9929788714276, 37.62156353732156], [126.99278022986313, 37.62161543358262], [126.99274617168435, 37.62168088572564], [126.9923403625655, 37.621904304000324], [126.9921133486164, 37.6219381431223], [126.99195159344313, 37.62200810093667], [126.99125063879536, 37.62243462827715], [126.99109172741818, 37.622441384471124], [126.99090047212847, 37.622538256465084], [126.99055704103522, 37.62277858898954], [126.99041965766239, 37.62292606858928], [126.9901517837659, 37.62308446371198], [126.98933446581292, 37.62324826466918], [126.98784399957977, 37.623865388633476], [126.98747994758472, 37.624094783098045], [126.98706784620599, 37.62418759776973], [126.98666262462454, 37.624209401044936], [126.98627797937085, 37.624367768656384], [126.98601696295378, 37.62450976719135], [126.98537126148061, 37.62496308759479], [126.98528881107059, 37.62512695718547], [126.98482854356709, 37.625563911902475], [126.98402919651242, 37.625378984328954], [126.98369201342805, 37.625390852803015], [126.98355711251622, 37.62551002502794], [126.98342216557305, 37.62581394414468], [126.983144874798, 37.626022488305324], [126.9828450574871, 37.626415775842354], [126.98283750660688, 37.62664819958456], [126.98263513486056, 37.62688655180782], [126.98256016940421, 37.62702361039437], [126.98244765802467, 37.62747652316891], [126.98252256417021, 37.627571888756314], [126.9824175974449, 37.62781621634442], [126.98185550909874, 37.62820349943897], [126.98163812907167, 37.6284954838461], [126.9815032233163, 37.62859677468147], [126.98114354382005, 37.62861459214565], [126.98094873748929, 37.6285490021787], [126.98090381252251, 37.628429801853095], [126.98081390860206, 37.628376149861765], [126.98055915371354, 37.62832246891376], [126.98012451943553, 37.62842370374816], [126.97974987801918, 37.628358079128525], [126.97948017321997, 37.628185201061], [126.97929289296384, 37.62801829607717], [126.97914305013435, 37.62795271227083], [126.9790081660469, 37.627976524984966], [126.97831904003394, 37.62850985431761], [126.97775497597617, 37.629016827340465], [126.97759897982807, 37.629445887165595], [126.97745507296877, 37.62955074784325], [126.97734715417305, 37.62959840305849], [126.97714335420697, 37.62954114851695], [126.97672370055832, 37.6296268791696], [126.97662768978705, 37.62991292080552], [126.97696323280262, 37.630399295629516], [126.97696312865536, 37.63071396274302], [126.97685518874185, 37.630818828863696], [126.976879132585, 37.63092372266049], [126.97701100212986, 37.63097142734854], [126.97726278665468, 37.630961944309036], [126.97749051670615, 37.6311813046176], [126.97753826644593, 37.63182971971946], [126.97743027952832, 37.63207761747532], [126.97762197706246, 37.63250674825437], [126.97754996166434, 37.632745117779045], [126.97734605145041, 37.63300253146319], [126.97720556112738, 37.63327370169442]]}}, {"type": "Feature", "properties": {"name": "평창1매표소~일선사", "section": "평창1매표소∼일선사 (일선사∼보현봉∼대남문 구간 폐쇄로 단축)", "length_km": 2.4}, "geometry": {"type": "LineString", "coordinates": [[126.97571042986944, 37.617467374972556], [126.97576059917145, 37.61765609848921], [126.97547777581585, 37.618089292433616], [126.97551908040744, 37.61827028370124], [126.9757946507434, 37.61889006818905], [126.9757256602739, 37.61901618886802], [126.97555323449289, 37.61918068040954], [126.97547732321706, 37.619383579554274], [126.97530486172984, 37.619657756261155], [126.97492557822942, 37.619860587376984], [126.97484544427381, 37.620076753024634], [126.97502702828628, 37.62051046940624], [126.97532986399668, 37.62068721949422], [126.97579425010582, 37.62084794243251], [126.97581442146453, 37.62091219201718], [126.97532960822828, 37.621410009747336], [126.97530927809542, 37.621795493861754], [126.97543034958788, 37.622052509771166], [126.97575339096944, 37.6222132010982], [126.97599570712893, 37.622229318060036], [126.97611678281211, 37.622486333274324], [126.97652051109229, 37.62292009590133], [126.9765203392675, 37.62343408050937], [126.97677359788224, 37.62377216453499], [126.97683345140797, 37.62403916830189], [126.97683335714392, 37.62432523003137], [126.97698910467922, 37.624639930403035], [126.97791190760519, 37.62563179871841], [126.97823540477495, 37.62626119799946], [126.97843916410896, 37.626423339153014], [126.9786789008523, 37.62655688173619], [126.97887062885013, 37.626862050932154], [126.97893047276598, 37.62719580114064], [126.97857074263709, 37.627395973688344], [126.97839080528124, 37.62772967825436], [126.97841470616129, 37.62797760215032], [126.97856886828123, 37.62833016657584]]}}, {"type": "Feature", "properties": {"name": "구기분소~대남문", "section": "구기분소~대남문", "length_km": 2.8}, "geometry": {"type": "LineString", "coordinates": [[126.9616565107408, 37.616018976472006], [126.96179303530788, 37.61616068126432], [126.96165325248738, 37.616433493556286], [126.96096479948744, 37.61705189035203], [126.96086508937687, 37.617272543075195], [126.96087917429035, 37.61753284185751], [126.96096446441837, 37.61766867922206], [126.96127739214529, 37.61780459065982], [126.96161865875257, 37.61816119707727], [126.96191734529808, 37.61833105744779], [126.96201684100764, 37.61851782404318], [126.9621945877426, 37.61870461462236], [126.96272787249417, 37.61895578536094], [126.96302335226272, 37.6190348996171], [126.96299593982141, 37.619224523696666], [126.96320700170088, 37.61926804881971], [126.96390232595755, 37.61931370705522], [126.96418536915462, 37.61943034410224], [126.96459974914288, 37.62013369956335], [126.96472633812584, 37.620260162867616], [126.96434123501444, 37.620613631760854], [126.964575188462, 37.62118846102558], [126.96522222619892, 37.6218323015061], [126.96570754478512, 37.62224723977795], [126.96610294386583, 37.622690754440754], [126.96683980650673, 37.62357776317916], [126.96685767660375, 37.62382092118099], [126.96698346181394, 37.624021201544664], [126.96716324958459, 37.62410707279234], [126.96739700384272, 37.62415005025239], [126.96847570479332, 37.62473678276386], [126.96881733521893, 37.624836999637076], [126.9690690943784, 37.62483706914975], [126.96926686204758, 37.62493724480796], [126.96937470482996, 37.625066001888165], [126.96924876741221, 37.625194695394455], [126.96897899329791, 37.62526613662694], [126.96865521823153, 37.62545198691308], [126.96883497957508, 37.62560937031081], [126.96903265521037, 37.62592409309803], [126.96896067368483, 37.62603849769839], [126.96905053293102, 37.626167249828555], [126.96982372339554, 37.6263677039066], [126.97003945646851, 37.62652509475969], [126.97021934178974, 37.626795111316135], [126.97027298094945, 37.62714018848204], [126.97047069064102, 37.62739769657981], [126.97084824367403, 37.62764094696371], [126.97122582257889, 37.62782698477349], [126.97129761168448, 37.628184580319406], [126.97140542713485, 37.62839915348987], [126.97226844348174, 37.62891428119181], [126.97226835411833, 37.62914313028018], [126.97273568007411, 37.62980118651892], [126.97302334924349, 37.63000149951653], [126.97309700606193, 37.63028931980512], [126.97392991687491, 37.63095213631718], [126.97408845573769, 37.63137814608141], [126.9743065178199, 37.63178838965404]]}}, {"type": "Feature", "properties": {"name": "운가사매표소~진달래능선", "section": "운가사매표소~진달래능선", "length_km": 1.6}, "geometry": {"type": "LineString", "coordinates": [[127.00298378408475, 37.64319310627999], [127.00218535224997, 37.64317194660034], [127.00156561827262, 37.64308729841749], [127.00125765193587, 37.64288775794372], [127.00115119823244, 37.64252194227603], [127.00105994839194, 37.642464497319104], [127.00083943654116, 37.64237379686458], [127.00058469621541, 37.642391937062925], [127.00023491417993, 37.64228611718433], [126.99996497287107, 37.642131923789584], [126.99940228722564, 37.64189609869992], [126.9990030779003, 37.64192632131355], [126.99845178330469, 37.64207142667325], [126.99791569965787, 37.642056296977145], [126.99737580012292, 37.642382794592336], [126.99718187398389, 37.64277279290308], [126.99718566482082, 37.642963262236044], [126.99729971731378, 37.64315071327703], [126.99720465292002, 37.64333210850324], [126.99707023426478, 37.64341960777684], [126.99693533137764, 37.64338742095607], [126.99680042580376, 37.64341244535861], [126.99649012993487, 37.64360909984506], [126.99624729480914, 37.643698483386416], [126.99620231132613, 37.643909450822235], [126.99608088828575, 37.64400956636474], [126.99580657716484, 37.64405246244779], [126.99560870951969, 37.64412396775737], [126.99555923179807, 37.644259844369216], [126.99544679798946, 37.644406444410386], [126.9952444240329, 37.64457449531631], [126.99506004498159, 37.64464242412086], [126.99452041078472, 37.64470318144176], [126.99418314573794, 37.64466382751506], [126.99333775218363, 37.644452802523304], [126.99313990508857, 37.644309757970696], [126.99235747822749, 37.64404866950175], [126.99214165439808, 37.64384483375785], [126.99184488492347, 37.64366602248213], [126.99167403271775, 37.643451462598655], [126.99101754278638, 37.64311886044843], [126.99049143665216, 37.64297220633315], [126.98952075617967, 37.64284438840514]]}}, {"type": "Feature", "properties": {"name": "북한산성계곡~대남문", "section": "북한산성계곡∼대성암∼대남문", "length_km": 1.2}, "geometry": {"type": "LineString", "coordinates": [[126.98075436349048, 37.639194312987684], [126.98057523630186, 37.638980546929105], [126.98048571114253, 37.63875254830432], [126.98048581429174, 37.63838207174231], [126.98019922308517, 37.638040044022105], [126.98028888637805, 37.63778357808634], [126.97967981889883, 37.637270500269274], [126.97953659451726, 37.63687149959279], [126.97928581855034, 37.63662921802663], [126.97907084671574, 37.63648668625891], [126.97883799142998, 37.636244408046814], [126.9784891713087, 37.63609855464805], [126.97736769084904, 37.635436897434886], [126.97702840696306, 37.63528262291843], [126.97678602623813, 37.635282571312125], [126.97672420134029, 37.63520174920475], [126.97659969011607, 37.63529013266642], [126.97633589853281, 37.635309147559504], [126.97616810377025, 37.635108868465224], [126.9760542217986, 37.63503732937493], [126.97599432367592, 37.63487998297282], [126.97584449698039, 37.63473215175439], [126.97581460307704, 37.63449852955815], [126.97583861466252, 37.634403180203755], [126.97559886447179, 37.634255329498025], [126.9753291692631, 37.63402642135582], [126.97523929048275, 37.633892906860225], [126.97501751461698, 37.63377843208404], [126.97492767001927, 37.633554330478105], [126.9747059193925, 37.63337787572213], [126.97459814888943, 37.632991668881154], [126.97444839353196, 37.63266743198738], [126.9743825676734, 37.63234321369027], [126.97437665347897, 37.63211913216834], [126.97441192040617, 37.631889535840756]]}}, {"type": "Feature", "properties": {"name": "오봉능선~도봉주능선", "section": "오봉능선~도봉주능선", "length_km": 1.1}, "geometry": {"type": "LineString", "coordinates": [[127.00189053114012, 37.6968086972751], [127.0019182309307, 37.69616714992847], [127.0020022268513, 37.695699920964046], [127.00201422454266, 37.69518501586434], [127.00224221888081, 37.694965703801635], [127.0022902167496, 37.69470825092318], [127.0025662105639, 37.69461289676329], [127.00327420240788, 37.69476545303314], [127.00345718060649, 37.6947618657437], [127.00384783637088, 37.694571836319966], [127.00397532754128, 37.69434835113044], [127.00420558166421, 37.69427747547266], [127.00447415370539, 37.69403121226913], [127.00500212739043, 37.693735604681336], [127.00507586820235, 37.69340806047743], [127.00523009253592, 37.69317301656788], [127.00538608746727, 37.69319208151503], [127.00555409119043, 37.693382781618745], [127.00597406844835, 37.69322066678657], [127.00616604698519, 37.69300134844712], [127.006550019784, 37.6928201618708], [127.00653800314512, 37.69258178046277], [127.00657399120931, 37.692429215330584], [127.00653798109138, 37.692238511141205], [127.00660997031623, 37.692124084034916], [127.00692193654817, 37.69188568951554], [127.00695790633443, 37.69150427587842], [127.00701788773853, 37.69129449809414], [127.00714987155993, 37.69119913847086], [127.0072938616473, 37.69117052539879], [127.00744985191847, 37.69119197250847], [127.00753384485856, 37.69115382664422], [127.00764782972779, 37.691058468805835], [127.0079717541272, 37.690438658202275], [127.00815947293302, 37.6903467756477]]}}, {"type": "Feature", "properties": {"name": "통일교~다락능선", "section": "통일교~도봉대피소~다락능선", "length_km": 2.02}, "geometry": {"type": "LineString", "coordinates": [[127.03580742581688, 37.686279585187094], [127.03573416280722, 37.68647928401874], [127.03565130729953, 37.68657154067613], [127.03548553191787, 37.68661770382663], [127.0354109632211, 37.68671324945977], [127.03533233155778, 37.686976796052605], [127.03522877616966, 37.68712505252095], [127.03527029926741, 37.6872930348768], [127.03526622867795, 37.68745444260724], [127.03506735460395, 37.687648849020476], [127.03509648210913, 37.68789259524983], [127.03408505227792, 37.68778747072067], [127.03305297516923, 37.687856925467216], [127.03268415332597, 37.688057959161924], [127.03178888479894, 37.68818665753262], [127.03136190416234, 37.68807806374847], [127.03110486956017, 37.687969425907454], [127.03078981587248, 37.687887154027806], [127.03040845509437, 37.68783454415621], [127.03019702809812, 37.68774895088378], [127.02949645512096, 37.68757453827681], [127.02883750080368, 37.68784150514242], [127.02848104774608, 37.68788770313058], [127.02788837569145, 37.68806901037486], [127.0271300437776, 37.68866209547225], [127.02681925997412, 37.68894874446053], [127.02645870834716, 37.68915634353689], [127.02562566349204, 37.689518857838564], [127.02531066828892, 37.689617740660914], [127.02446120134432, 37.69051387677363], [127.0240054441559, 37.691212294452804], [127.02397234528027, 37.6914198217436], [127.02377351067562, 37.69188431491037], [127.02351250206553, 37.69235211223488], [127.0234297334469, 37.6928165860432], [127.02277916267342, 37.693653379976766], [127.02236898749595, 37.694411072757546], [127.0222239863892, 37.69473061844669], [127.02207079265852, 37.69540262149455], [127.0217848707036, 37.69580454011694], [127.02146167255708, 37.69635798592575], [127.02073233874287, 37.69740230360374], [127.0202392556685, 37.698344468738874], [127.01989113973926, 37.698795803447226], [127.01933460320103, 37.69926548235455], [127.01918613995613, 37.69944786650003], [127.0189657388704, 37.699912743253776], [127.01877235837968, 37.70047058462882], [127.01863737463269, 37.700577876639734], [127.01843498645856, 37.701124990867164], [127.0184153348361, 37.701379512262506]]}}, {"type": "Feature", "properties": {"name": "성도원상단~도봉주능선", "section": "성도원상단~관음암~도봉주능선", "length_km": 1.2}, "geometry": {"type": "LineString", "coordinates": [[127.01776128382353, 37.68890893108179], [127.01768041840145, 37.68904363757017], [127.01717102717545, 37.68959518841155], [127.01710730882503, 37.68971736680915], [127.01706986373593, 37.689967673092475], [127.01694617661434, 37.69021799025065], [127.01692371811382, 37.69041465845273], [127.01677003784317, 37.690697757362706], [127.01678881997192, 37.69086462260721], [127.01692011357287, 37.691114906246185], [127.0169201335787, 37.69121025884928], [127.01685265617449, 37.691302640853415], [127.0168564520573, 37.691526122952816], [127.01680022485398, 37.69161850324298], [127.01676276416791, 37.69180325471018], [127.01680782984403, 37.69213400362886], [127.01680041259029, 37.692533294454826], [127.01673669718953, 37.69269123102031], [127.01645176876991, 37.69298626403426], [127.01597557981904, 37.6932038471122], [127.01581812464825, 37.693403511142314], [127.01564190344209, 37.69352868236333], [127.01547316540439, 37.69356445962746], [127.0153681983348, 37.69372240076765], [127.01518448341879, 37.693883329557636], [127.0145320899235, 37.694386984963984], [127.01449835539982, 37.69447340247119], [127.01450589127235, 37.69468794520572], [127.01447965849533, 37.694780320725044], [127.01434843691919, 37.694932303189645], [127.01411221181995, 37.695063438694234], [127.01409348017299, 37.69516475285797], [127.01389852738546, 37.695438913145686], [127.01388870054458, 37.69588164843366], [127.01385810474383, 37.6959066810813], [127.01343305239924, 37.696203272163814], [127.01306180131908, 37.69620926848781], [127.01276929594104, 37.69617651916035], [127.01236050967937, 37.695932217032066], [127.01191634342378, 37.69541387588016], [127.01166767740116, 37.69547164632144], [127.01149934906569, 37.69544609318206], [127.0112923529466, 37.69546160541321], [127.01120234758903, 37.695418704080915], [127.01111233505414, 37.6953114396903], [127.01098633072641, 37.695268541262635], [127.010428327605, 37.69519707058165], [127.01000031639745, 37.69504900271302]]}}, {"type": "Feature", "properties": {"name": "안골~사패산", "section": "안골~사패산", "length_km": 2.2}, "geometry": {"type": "LineString", "coordinates": [[127.02560753201038, 37.734956193118855], [127.02553260274104, 37.73485954283702], [127.02484900183502, 37.734443285814], [127.02453996535266, 37.73420541001534], [127.02437138237121, 37.73402698362873], [127.02424960951981, 37.733826248005585], [127.02428758299786, 37.73302198215197], [127.02423623418052, 37.73288616364559], [127.02410791536418, 37.73272319119978], [127.02399671220915, 37.732600967144364], [127.02378288897354, 37.73245838578376], [127.02362040130858, 37.732410878471896], [127.02340661930315, 37.732397333627], [127.02331256957834, 37.732451683490986], [127.022927743665, 37.73237025684935], [127.0225856889528, 37.73234315367804], [127.02245738826213, 37.73222772159987], [127.02220938767307, 37.73216663987999], [127.02208964661298, 37.73208516699706], [127.02154232343595, 37.73189509931684], [127.01957548715414, 37.73158980206129], [127.01906235709916, 37.731331800607954], [127.01912218891778, 37.73122312789878], [127.01930157512733, 37.73043529269954], [127.01941270722611, 37.73030623917175], [127.01965208819325, 37.730129622588116], [127.01974611122016, 37.729973404336114], [127.01996841629702, 37.729898663518675], [127.02019071061385, 37.72976959135879], [127.02016493902241, 37.72931456685629], [127.02034445612762, 37.72911079612337], [127.0200451676359, 37.72905651255259], [127.019643284549, 37.729083739623974], [127.01929269577741, 37.72906341787495], [127.01854011882818, 37.7286017099324], [127.01836911446857, 37.72865606784942], [127.01824082337103, 37.72851346348888], [127.0179158456138, 37.72828939175612], [127.01729163363316, 37.72825551913382], [127.01677859190791, 37.728275962053985], [127.01605941237978, 37.72821524334833], [127.01536907812202, 37.72803058157123], [127.01502389764386, 37.727851835616015], [127.01459619593527, 37.72775057277486], [127.01444611902468, 37.72767311508644], [127.01428100334041, 37.72741091493658], [127.01411585002133, 37.726922252310224], [127.01412326656806, 37.72640973431846], [127.01407072221629, 37.726272670653685], [127.01392814926147, 37.726183292574966], [127.01378558799273, 37.72616542900789], [127.01353048548471, 37.726171415024275], [127.01285522432786, 37.726260875265474], [127.01276517977928, 37.7262072475247], [127.0127051228633, 37.725992711365386], [127.01268252541466, 37.7254086808866], [127.01255491999996, 37.72503324314613], [127.01253237746512, 37.72480082467358], [127.01262234372112, 37.72434193330994], [127.01266221848574, 37.723895472244436], [127.01252462184782, 37.72309640405754], [127.01238955393728, 37.7229653066878], [127.0121419510414, 37.722869976755696], [127.01196295231775, 37.722849761871664], [127.01185402354152, 37.72272721479744], [127.01146260672415, 37.72251999054349], [127.01052324854604, 37.722354257750695]]}}, {"type": "Feature", "properties": {"name": "석굴삼거리~신선대", "section": "석굴삼거리~신선대", "length_km": 1.1}, "geometry": {"type": "LineString", "coordinates": [[127.02216858130849, 37.69484825621867], [127.02137395421775, 37.69582025507786], [127.02095813060028, 37.69607237708892], [127.02026740727801, 37.69635814650015], [127.01940043821578, 37.696604732155876], [127.01870964066877, 37.696616034867624], [127.01774388875788, 37.696459340116164], [127.01693722462987, 37.69638856937565], [127.01646415704465, 37.69652130606173], [127.01658673420602, 37.696810533862745], [127.01659052215103, 37.69700123892408], [127.01640688064626, 37.697558479351244], [127.01609195001242, 37.69794588965968], [127.01564202610119, 37.69841376775401], [127.01551828466275, 37.6984763577785], [127.01503606297618, 37.69860682565332]]}}, {"type": "Feature", "properties": {"name": "도봉대피소~주봉", "section": "도봉대피소~마당바위~주봉", "length_km": 1.66}, "geometry": {"type": "LineString", "coordinates": [[127.0227837650508, 37.69359310870147], [127.02193597206262, 37.69352889541033], [127.02138522522385, 37.693653424268426], [127.0207372954832, 37.69385949452537], [127.02045831053975, 37.6940103009538], [127.02039084892654, 37.69415334059396], [127.02011639131072, 37.69429641318616], [127.0199743720605, 37.694409905525525], [127.0197744421718, 37.694475253536], [127.01963838487649, 37.694434749774764], [127.01945935614458, 37.694092698830765], [127.01923884091383, 37.69400691465262], [127.01908584715731, 37.694014089100584], [127.01774944130888, 37.6942931871275], [127.01747044299451, 37.69427177131449], [127.01697992997353, 37.69415741249712], [127.01679094856587, 37.69422537628974], [127.01672796371852, 37.6942897470551], [127.01646255386343, 37.694711717495686], [127.0161160816617, 37.694826183696094], [127.01568859548094, 37.69486556988643], [127.01562108306986, 37.69479763795796], [127.01540059451706, 37.69484057268094], [127.01520712652813, 37.69499435260847], [127.0148561650981, 37.69518748171795], [127.01477070354902, 37.69539845827522], [127.01467621523882, 37.695462832583985], [127.01440623509029, 37.69556655823591], [127.01387529421285, 37.69590630939426], [127.01333392282922, 37.6963425725829], [127.0130780029875, 37.6964071246801], [127.0125853371283, 37.696981077692996], [127.01264463192676, 37.69826489782181]]}}, {"type": "Feature", "properties": {"name": "사패산~포대능선", "section": "사패산~사패능선~포대능선", "length_km": 3.2}, "geometry": {"type": "LineString", "coordinates": [[127.01043854631921, 37.72233865203022], [127.01159342524178, 37.72199348949028], [127.01204899484677, 37.72171571212713], [127.01227145013473, 37.721353791874115], [127.0125468262103, 37.72064679165162], [127.01286462743363, 37.7202427813487], [127.0131718591491, 37.72004075574104], [127.01324599428986, 37.71982192457015], [127.01352141677857, 37.71949366234036], [127.0139240107387, 37.719333709964076], [127.01413588411815, 37.71917377615016], [127.01422057585012, 37.71876136881283], [127.01429747375029, 37.71803806136927], [127.01423739660858, 37.71769241616475], [127.01408733089042, 37.717561322838044], [127.01368218560849, 37.71739449891846], [127.01312695603386, 37.71694163126632], [127.01293182936803, 37.716476806856846], [127.01291673932464, 37.715916613208684], [127.01338638329115, 37.714250318075905], [127.01381661431783, 37.71369957947339], [127.01554171498476, 37.712042639242355], [127.01591674330642, 37.71176845588215], [127.0162917827752, 37.711565785272256], [127.01657676937003, 37.7112081776372], [127.01680169864912, 37.71063603375412], [127.0172489885268, 37.71026891980101], [127.01748199498977, 37.70999114833645], [127.01782095517616, 37.70979752584668], [127.0183293769887, 37.70943555280554], [127.01868945977495, 37.7089810187459], [127.01894365176932, 37.70872849222121], [127.01947324387545, 37.708341258817626], [127.01960030993189, 37.70810558033224], [127.01960026275846, 37.707912004895256], [127.01945189634779, 37.70767637212536], [127.01939886469658, 37.70740705673846], [127.01939879532527, 37.70712089959601], [127.01908082641239, 37.706430806351854], [127.0189959796712, 37.70600158632491], [127.0189323864605, 37.7058669318069], [127.01875224887242, 37.70563130366111], [127.01809542470447, 37.70544623745584], [127.01768227719066, 37.70538738149346], [127.01751273805883, 37.70516857571072], [127.01734317237936, 37.70481511309482], [127.01683459605361, 37.70428495248242], [127.0168133628557, 37.70407454346243], [127.01647433387933, 37.70381368317552], [127.01587048349448, 37.70355285072384], [127.01553143369797, 37.70315732301721], [127.01561609576554, 37.70272807657134], [127.01559485010573, 37.70240825960113], [127.01577486236266, 37.702063164126514], [127.01602895704079, 37.70139824250463], [127.01602891063182, 37.70114575339471]]}}, {"type": "Feature", "properties": {"name": "원도봉~포대능선", "section": "원도봉~체력단련장~포대능선", "length_km": 2.0}, "geometry": {"type": "LineString", "coordinates": [[127.03440331624007, 37.70650209860507], [127.03424361676426, 37.706658367354564], [127.03340564585378, 37.707099937737226], [127.03288465070779, 37.70732660289094], [127.0325897752373, 37.707521962414376], [127.03229486385483, 37.70763920752254], [127.0319507480941, 37.70763929855171], [127.03145364479714, 37.70746668851467], [127.03120163539826, 37.70753826617096], [127.03092264057376, 37.70766348567753], [127.03061670454602, 37.707949619364946], [127.03022071450854, 37.70814280554307], [127.03005424775722, 37.70830017725017], [127.02987433503952, 37.70860773279898], [127.02986091907404, 37.708833005645566], [127.02954241401767, 37.70894828218751], [127.02882980538291, 37.70955382417254], [127.02876766153739, 37.709951851400966], [127.02860582091645, 37.710471560205534], [127.0282900944482, 37.71101441213691], [127.0278470422361, 37.710842909923606], [127.02747825939906, 37.71064770860059], [127.0263965814394, 37.71027690543244], [127.02615077198635, 37.710276958828835], [127.02583127815211, 37.710452778741036], [127.0255609549897, 37.71064811468217], [127.02531514548023, 37.71064816362875], [127.02499554689555, 37.710492004242724], [127.02443017636534, 37.710453059191835], [127.02418438546637, 37.71051169208271], [127.0238402521455, 37.710511756628286], [127.0235698296722, 37.7103946364427], [127.02293069096324, 37.71025805815482], [127.02263565443818, 37.71002377374151], [127.02211941344974, 37.70984811132731], [127.02175063354754, 37.70959430859766], [127.02145563615782, 37.70947718753136], [127.02111150882753, 37.70947724595204], [127.02098856982461, 37.70934056872294], [127.02096394177886, 37.7091452917927], [127.02071811982941, 37.709086746689444], [127.02030026025294, 37.70910634300633], [127.01985769804797, 37.708637739129955], [127.01941521800897, 37.70848157971029]]}}, {"type": "Feature", "properties": {"name": "송추IC~오봉탐방지원센터", "section": "송추IC~오봉탐방지원센터", "length_km": 1.1}, "geometry": {"type": "LineString", "coordinates": [[126.97447373148862, 37.70996896448107], [126.97516487257334, 37.7106323689493], [126.97568122055553, 37.71072364778337], [126.97614010462968, 37.71108839868706], [126.97654157687056, 37.7115594988989], [126.97671901378311, 37.711574709542006], [126.97679781996386, 37.71145553550716], [126.97699470077215, 37.71126521910948], [126.97706824975845, 37.71123210889799], [126.97711874903703, 37.71122956129221], [126.97758669010956, 37.71143626969109], [126.97767791294923, 37.71142675297301], [126.9777922970745, 37.71123654834022], [126.97818240965718, 37.71113531452076], [126.97835495065036, 37.71111746927923], [126.97856498612198, 37.71114134880106], [126.97897759377551, 37.71106395362687], [126.97921762267985, 37.711129554359985], [126.97943517957627, 37.71108787884672], [126.97982530449201, 37.710933003590185], [126.97990786162346, 37.71079594999098], [126.98005790425061, 37.71074830074314], [126.98006544564996, 37.71061123255648], [126.9801355970497, 37.710543846075765], [126.98027131275404, 37.71057262522847], [126.9805004456162, 37.71091524802826], [126.98085292365272, 37.711249043371616], [126.98149792671262, 37.711731875943414], [126.98197303486651, 37.71216828308706], [126.9820798416324, 37.71239994303139]]}}, {"type": "Feature", "properties": {"name": "성도원하단~마당바위", "section": "성도원하단~마당바위", "length_km": 0.82}, "geometry": {"type": "LineString", "coordinates": [[127.02066317565536, 37.688754654250964], [127.02019965852739, 37.68921928580843], [127.01978648319285, 37.68950769695593], [127.0195587779522, 37.69014163986595], [127.01897732409414, 37.69092110608246], [127.01896702257112, 37.69138401833956], [127.01890798930305, 37.691606378803186], [127.01871009847666, 37.692028343370225], [127.01868314911613, 37.69224289122233], [127.01873718895811, 37.69242882163123], [127.01874625654595, 37.69272202944111], [127.0185123556581, 37.69311539436723], [127.01831438632824, 37.69321554283125], [127.01815239233741, 37.693215566020825], [127.01806241071986, 37.69328709281233], [127.01791850621706, 37.69369474620846], [127.01780153369069, 37.69380918557755], [127.01746855399317, 37.693859290282965], [127.01732952341649, 37.69398193925199], [127.01728149597456, 37.69423962544645]]}}, {"type": "Feature", "properties": {"name": "사기막골입구~백운대", "section": "사기막골입구~백운대", "length_km": 3.3}, "geometry": {"type": "LineString", "coordinates": [[126.9643018243932, 37.67643548090178], [126.9640865075454, 37.67619412801211], [126.96353825895652, 37.67591374928129], [126.9624318014855, 37.67568766467014], [126.96223600641426, 37.67557863415319], [126.9621087778859, 37.67543848757884], [126.96230485101864, 37.67501046497988], [126.9627138518785, 37.674705099846236], [126.96284863130802, 37.67445218230235], [126.96336284379132, 37.67423830488492], [126.96419530591037, 37.67403425289928], [126.96440346481471, 37.673898108787185], [126.96472188269337, 37.673567415140226], [126.96501583011131, 37.67320752188631], [126.96519965046313, 37.67276975657592], [126.96542009268846, 37.67252659279648], [126.9657509123351, 37.67183591156919], [126.96604490655764, 37.6713592646883], [126.96649625782361, 37.67034435756498], [126.96643662498744, 37.670059302488006], [126.96817013348708, 37.66934720734907], [126.96861837922269, 37.669323580296265], [126.96909680529592, 37.668611116351], [126.96954519661553, 37.6682311875607], [126.96991678089924, 37.66809489317983], [126.970456701369, 37.6678018251615], [126.97063664552024, 37.667773266633574], [126.97079861273596, 37.66770179411513], [126.97098762659935, 37.66749445073341], [126.97112261272585, 37.667401515928596], [126.97158150932665, 37.667222845874214], [126.97176149228633, 37.66709416501499], [126.9718604901343, 37.667001220499586], [126.9720495865638, 37.66657217797437], [126.97228354549004, 37.66644350984708], [126.97231064297637, 37.666164608612], [126.97279658950345, 37.66580000192271], [126.973012520519, 37.66574999386761], [126.97320142887024, 37.66579294794216], [126.97332737942091, 37.66578582745259], [126.9735073292346, 37.665728657179606], [126.97366024204187, 37.66579305746413], [126.97404708660761, 37.66579314805754], [126.97423608828018, 37.66557864814118], [126.97433506641305, 37.66552861021498], [126.97460495884997, 37.66552151956641], [126.97482088900996, 37.66547150908949], [126.97516280469506, 37.6653142523905], [126.97536073127709, 37.6652928429877], [126.97557662908281, 37.66532864767112], [126.97563071862082, 37.66500684231952], [126.97578375381902, 37.66472081703072], [126.97563996557818, 37.664284544398846], [126.97563104367948, 37.664069997663304], [126.97566712027293, 37.663805400802175], [126.97591170334795, 37.66336332809008], [126.97644977912223, 37.66265084591588], [126.97668894286335, 37.66227084380759], [126.97704764602867, 37.661819609847825], [126.9773166468482, 37.66155838014995], [126.97743625558999, 37.661273364400685], [126.97776502712092, 37.660940884004724], [126.9780340449882, 37.66060839334237], [126.97910986619374, 37.65999101682356], [126.97925933121877, 37.65975351311913], [126.9794387612317, 37.659207220471544], [126.97931932503151, 37.65894591251215], [126.97884132062941, 37.65880330181968], [126.9781840404202, 37.65868440890794]]}}, {"type": "Feature", "properties": {"name": "오봉탐방지원센터~도봉주능선", "section": "오봉탐방지원센터~여성봉~도봉주능선", "length_km": 3.9}, "geometry": {"type": "LineString", "coordinates": [[126.98218599491913, 37.71217079319618], [126.9821692123966, 37.711494563591955], [126.98219885358719, 37.71065927817115], [126.98238243504233, 37.71055171074748], [126.98267604698721, 37.71027198605219], [126.9827736079483, 37.71009917577958], [126.98294933192805, 37.70933876655418], [126.98290800088787, 37.70905853541309], [126.98307549615159, 37.708766671722124], [126.98339955300919, 37.70876672200382], [126.98379559335673, 37.7088812051803], [126.98411965345454, 37.70886695036565], [126.98444368653286, 37.708967117801556], [126.98483973958673, 37.70903868993475], [126.98543460894305, 37.70898002359587], [126.98595899725565, 37.70837426779289], [126.98599080903506, 37.70817232658704], [126.98595906299141, 37.70804611076441], [126.98621332741111, 37.70765487828318], [126.98646753254091, 37.70754132087807], [126.98662639740309, 37.70752871813983], [126.98686471874494, 37.70741515650943], [126.9871983790639, 37.70716276867243], [126.98742084035973, 37.70687250230443], [126.98765914372468, 37.70682204529634], [126.98781802024921, 37.70674633737118], [126.98827878630405, 37.70638036720312], [126.98829472643888, 37.70607745656617], [126.988231231199, 37.705812400255255], [126.988215403311, 37.70548424166809], [126.98832664063718, 37.705282311842595], [126.98896210343995, 37.705093059155296], [126.98940691086298, 37.70509310691936], [126.98993112509386, 37.705194130509895], [126.99007408901454, 37.70526987170955], [126.99074131230586, 37.70514372062949], [126.99137677473122, 37.704954455801285], [126.99163097637904, 37.704752536439564], [126.9928067155198, 37.70308660272871], [126.9931880131822, 37.70267012133779], [126.99326746089467, 37.70249342691294], [126.99329925719218, 37.702253622271876], [126.99418885015889, 37.7020391151528], [126.99468126134015, 37.70237992700803], [126.99525310828126, 37.702670251054485], [126.99577730937902, 37.70283435410011], [126.99603147719465, 37.70278388392624], [126.99642863634575, 37.70244312164901], [126.99688932471939, 37.70219071035572], [126.99750888119405, 37.701610148670426], [126.99808075130791, 37.70143346812111], [126.99841435131268, 37.7011305618081], [126.99881148586186, 37.7008907660255], [126.99900211494072, 37.70061309758769], [126.99965836188812, 37.70028426142506], [127.0002138792394, 37.699936966322724], [127.00030402403904, 37.699820378614824], [127.00055484455115, 37.69926537904565], [127.00083299412803, 37.698932917869264], [127.00089240957804, 37.698820024830695], [127.00098651749622, 37.698456211085194], [127.00119594672397, 37.69815258275417], [127.0014867817849, 37.697575772295096], [127.00150140233895, 37.69727115287624], [127.00137043206773, 37.69682463204092], [127.00188221778116, 37.696797325255694], [127.00205513523021, 37.697081186089434], [127.00296156717637, 37.69764136390234], [127.00318130797115, 37.69767046183781], [127.00341936002775, 37.697619532774915], [127.00389545664531, 37.69735761807871], [127.00410603735362, 37.69728486175726], [127.00435324306814, 37.697241206056454], [127.00455467255048, 37.69726302735958], [127.0046370773125, 37.69733577633163], [127.00489344313024, 37.69734304154329], [127.00528713886325, 37.69729210774199], [127.00578154619207, 37.697132036557456], [127.00607452733468, 37.69708837530238], [127.00614776954116, 37.69702289504368], [127.00617522238288, 37.69676826678284], [127.0062759253081, 37.69663003447454], [127.00645903908712, 37.69662275216988], [127.00684359070313, 37.69673913617638], [127.00710910222134, 37.69671002386541]]}}, {"type": "Feature", "properties": {"name": "덕제샘~포대능선", "section": "덕제샘~망월사~포대능선", "length_km": 0.8}, "geometry": {"type": "LineString", "coordinates": [[127.02331816937281, 37.70261731411318], [127.02310065272094, 37.703013066506955], [127.02278125191307, 37.7034232149704], [127.02256016073521, 37.70383334873581], [127.02221617693348, 37.7042435024071], [127.0222162745219, 37.70459500967115], [127.02231473746288, 37.70512225336553], [127.02201985342002, 37.70535664455434], [127.02185782387784, 37.705356672617405], [127.02170033766699, 37.70548223952018], [127.02111155954528, 37.705661124590186], [127.02071984543203, 37.70588549930873], [127.02054908272495, 37.706042626537034], [127.02044863646762, 37.70630545873314], [127.02048470466221, 37.706553369407835], [127.02040077999008, 37.70689665177058], [127.01969278195483, 37.707335384834956], [127.01939886469658, 37.70740705673846]]}}, {"type": "Feature", "properties": {"name": "보리사~보국문", "section": "보리사∼중성문∼보국문", "length_km": 4.0}, "geometry": {"type": "LineString", "coordinates": [[126.96273376043106, 37.65237774113539], [126.96301008349197, 37.652190288981174], [126.96348500463812, 37.65206952969353], [126.96373957246787, 37.6519388275614], [126.9638544483079, 37.651854962390374], [126.96408625076995, 37.65151470148241], [126.96436821512245, 37.65119969879696], [126.96489662746684, 37.651157852241674], [126.96525337995959, 37.650982914050665], [126.96558373347861, 37.650751951769585], [126.96574228520265, 37.650678479371315], [126.96601971686525, 37.65062604756643], [126.96657023705981, 37.65037414041913], [126.96680368962559, 37.65019566007555], [126.96684777408466, 37.650080137091315], [126.967156019669, 37.6500347172319], [126.96733659002587, 37.64994724256191], [126.96746876672164, 37.64977573233469], [126.96770661693591, 37.64960425355972], [126.96792241106004, 37.64951328921427], [126.96805896772824, 37.649383792107066], [126.96829238376569, 37.64927182794345], [126.96840250494364, 37.64918083253277], [126.96903221424807, 37.649044468284494], [126.96958710672726, 37.64881355326222], [126.97019035045298, 37.6487822071269], [126.9703620976573, 37.648715735211724], [126.97063958589908, 37.64849174453674], [126.97110634436706, 37.64842184492872], [126.97156865166589, 37.64847447883395], [126.97197380284165, 37.64831003468004], [126.97211470218453, 37.64830656779072], [126.97222476021888, 37.648352108904724], [126.97233660632251, 37.64831221143546], [126.97251731023903, 37.6483901701644], [126.97277209170738, 37.648364262773505], [126.9728439667736, 37.648324456577576], [126.97293328613868, 37.64821539945279], [126.97295294534422, 37.6480613113632], [126.97310545668272, 37.64783799574783], [126.97306200395123, 37.64758520453388], [126.97311872968163, 37.6472943422318], [126.97308394801797, 37.647141969537344], [126.97310141758335, 37.64700346199431], [126.97312541381426, 37.64688746377611], [126.97320168018399, 37.646752431147625], [126.97326929845113, 37.64644772239617], [126.97333363390685, 37.64584707096877], [126.97349513197683, 37.64526290047583], [126.97390735291376, 37.64509201039506], [126.97458834739307, 37.64497817461444], [126.97500048591799, 37.64502101744832], [126.97548431877117, 37.64502112176211], [126.97605770023804, 37.64517798719211], [126.97673864493129, 37.64520663259417], [126.97707923214334, 37.64486472607154], [126.97749149684849, 37.64452283227028], [126.97797542227838, 37.6442236997795], [126.97815471411306, 37.64392450616513], [126.97824439171531, 37.64366804394643], [126.97854913570994, 37.64329762843368], [126.97862089492723, 37.64302691049445], [126.97887182325529, 37.642841722202505], [126.97930202074926, 37.64238583261961], [126.97948124156946, 37.64228612279969], [126.97960684854912, 37.641701938286666], [126.97982198025272, 37.641345751780364], [126.98001921846341, 37.64088981810574], [126.98053904925318, 37.64023445484918], [126.98080793919543, 37.63983553193394], [126.98075436349048, 37.639194312987684], [126.98081556885539, 37.63876066121848], [126.98286477252886, 37.635925320799174]]}}, {"type": "Feature", "properties": {"name": "독박골~구기불광능선", "section": "독박골~구기불광능선", "length_km": 1.4}, "geometry": {"type": "LineString", "coordinates": [[126.94334104709964, 37.61413954858903], [126.94335722543894, 37.614436797919716], [126.94343411774061, 37.61461190664388], [126.94344484357536, 37.61497080608781], [126.94288482509866, 37.61593103857685], [126.9428247361324, 37.61612648491128], [126.94282460479407, 37.61629335348525], [126.94286643616465, 37.61645070916834], [126.94281828866713, 37.61670337290333], [126.94283622358229, 37.61676059429297], [126.94274013788207, 37.61699893199881], [126.94272201852232, 37.61717532746452], [126.9426380172243, 37.61728970978267], [126.94236465098295, 37.617876879110355], [126.9427415127797, 37.617897052126324], [126.9432061307255, 37.61815709732654], [126.94345731298151, 37.61824715686809], [126.94375802153624, 37.61824730476743], [126.94397017987741, 37.61867378198563], [126.94415713763168, 37.618831433345385], [126.94450917240935, 37.618980415611105], [126.94463005422968, 37.6191993092887], [126.94460761838018, 37.61975952104063], [126.94464052553566, 37.61989959233368], [126.94460745724786, 37.619969605812244], [126.94460720601293, 37.62030223507977], [126.94477218572382, 37.620424864183065], [126.94547623577184, 37.62076658741266], [126.94608124324418, 37.62111700995112], [126.94603710790052, 37.62127455300639], [126.94621309145032, 37.62140593686372], [126.9462349826866, 37.621563508626224], [126.94633397384393, 37.62163358522906], [126.94670814270785, 37.62163375575354], [126.94724727475206, 37.62179156760343], [126.94798429242557, 37.622238333330074], [126.94832544913668, 37.622238485802605], [126.94909575633147, 37.622308858494854], [126.94934888658173, 37.62229146528105], [126.94961296718402, 37.62235285350876], [126.94966793616993, 37.62243166143507]]}}, {"type": "Feature", "properties": {"name": "원도봉~포대능선", "section": "원도봉~덕제샘~포대능선", "length_km": 2.2}, "geometry": {"type": "LineString", "coordinates": [[127.0345108325993, 37.706286200911585], [127.03376885460565, 37.70578363644288], [127.03344915656335, 37.70539315788883], [127.03348648360405, 37.705170156687025], [127.03341214201532, 37.70501451239657], [127.03338448325017, 37.70484799892436], [127.03347201627362, 37.70470460064882], [127.0334194604805, 37.7045913824192], [127.03329191296244, 37.704513943903684], [127.032729291412, 37.704377024803165], [127.03206920053611, 37.704341440100464], [127.03176163758815, 37.70427000479694], [127.0312890008301, 37.704061540828064], [127.03097395942129, 37.704043742402845], [127.03037379483027, 37.70378763068073], [127.03027624463932, 37.703686342071116], [127.03021612420405, 37.70338837956147], [127.03005104877371, 37.7032334712114], [127.02984099425919, 37.7031441288452], [127.02957845539635, 37.70310843557013], [127.02889592248769, 37.703197988499255], [127.02879094438926, 37.70328740616716], [127.02874602561063, 37.703519838616366], [127.02825106148876, 37.70376429317759], [127.02792105933389, 37.70385375954638], [127.0276510229911, 37.70382998176379], [127.02735296372697, 37.703754282722315], [127.02725457002649, 37.70351996669631], [127.02695955601504, 37.70330522112932], [127.02676291269266, 37.70326620495577], [127.02649242731285, 37.70289522766959], [127.02612366654189, 37.7026414393521], [127.02582869791011, 37.70254385923324], [127.02553374686468, 37.70250486385357], [127.02501760462334, 37.702504967038784], [127.02457523808172, 37.70264175256581], [127.02420655508386, 37.70260276661237], [127.02332173844637, 37.702602931634274], [127.02265814860029, 37.70268116740225], [127.02142925071543, 37.70272043675232], [127.02036602026719, 37.702701591723795], [127.0199520005736, 37.70277793931416], [127.01970597781298, 37.702777977572325], [127.01927391851436, 37.7026922266549], [127.01868586387445, 37.70268754553679], [127.01816983290269, 37.70275913412635], [127.0171138026204, 37.70307870971138], [127.01602164648926, 37.70281662894408], [127.01561053816286, 37.70264441866621]]}}, {"type": "Feature", "properties": {"name": "구기계곡삼거리~승가사", "section": "구기계곡삼거리~승가사", "length_km": 0.7}, "geometry": {"type": "LineString", "coordinates": [[126.96434123501444, 37.620613631760854], [126.96431384760754, 37.62075387370959], [126.96433616263398, 37.6208210444778], [126.96421189836084, 37.62101261672892], [126.96391406616343, 37.62116768129776], [126.96384160800449, 37.621333970716854], [126.96376907176612, 37.621647390525396], [126.9636081318114, 37.62183924069042], [126.96364825194351, 37.62201196256014], [126.96384922643895, 37.622171945812546], [126.96394658826844, 37.62230249447151], [126.96375304417406, 37.62241422819688], [126.96319791885692, 37.622630450635214], [126.96305087189697, 37.62288575788447], [126.96317575448884, 37.623405159486644], [126.96307768686502, 37.62364749937972], [126.96278373553785, 37.62386380560222], [126.9625387619304, 37.624159641061624], [126.96249880756366, 37.624637840300004], [126.96222644243478, 37.62484527420241], [126.9621015546295, 37.62503471316377], [126.96181781449869, 37.62529627993797], [126.96153415493795, 37.62539543532574], [126.96135821486409, 37.62558936439346], [126.96118807804184, 37.62553968284022], [126.96102931142998, 37.625440373976204]]}}, {"type": "Feature", "properties": {"name": "대호아파트뒤~족두리봉", "section": "대호아파트뒤~족두리봉", "length_km": 1.0}, "geometry": {"type": "LineString", "coordinates": [[126.93397473029951, 37.614360393652674], [126.93406211901139, 37.61445458707734], [126.93423696442886, 37.614561106443965], [126.93420603796694, 37.61462248528797], [126.93424713346492, 37.6146961846153], [126.93447351176786, 37.614720871258626], [126.934653655441, 37.61466367206265], [126.93489540297784, 37.614757949010055], [126.93522471916162, 37.61474994887487], [126.93545619558853, 37.614827847782124], [126.93566850832768, 37.61475633535996], [126.9358228762519, 37.614751305828165], [126.93603495696028, 37.61494072984452], [126.9360477660418, 37.615002133409426], [126.93596408347446, 37.61508394898352], [126.93597042976604, 37.615181162460445], [126.93630469673944, 37.61539623884705], [126.93647831954523, 37.615437264159944], [126.93676775950377, 37.6154323059991], [126.93708294084604, 37.6154068959888], [126.93734671118455, 37.61533540969083], [126.93751392811141, 37.61534573401683], [126.93764891350374, 37.615443018811554], [126.93764564107227, 37.61551208895765], [126.93797713638398, 37.6156801507526], [126.93876105036256, 37.6156485898534], [126.93950430964422, 37.61616061947801], [126.93950420495824, 37.61628853233144], [126.93980534806005, 37.61671239048695], [126.94029780409147, 37.616704652143774], [126.94059404843856, 37.61698660637621], [126.94100836588353, 37.61728660519655], [126.94105849412591, 37.617436526894885], [126.9413973305875, 37.61787638787643], [126.94168611614191, 37.61806639824357], [126.94236465098295, 37.617876879110355]]}}, {"type": "Feature", "properties": {"name": "원각사입구~의정부시청 뒤", "section": "원각사입구~의정부시청 뒤", "length_km": 4.3}, "geometry": {"type": "MultiLineString", "coordinates": [[[126.99686668371442, 37.72175995691841], [126.99712741519406, 37.722012441388465], [126.99768259068453, 37.72239684964998], [126.99845534755696, 37.72280509911022], [126.99878839653176, 37.723024827874276], [126.99896973273027, 37.7230411987983], [126.9990340949833, 37.72314957258367], [126.99908270744226, 37.723336464026076], [126.9990751942669, 37.723628479910566], [126.99936780173664, 37.723676162666045], [126.99957037617888, 37.72374768021536], [126.99984047355593, 37.72389071191443], [127.00020810615737, 37.724194652533235], [127.0005847478494, 37.72432576530787], [127.00099605237605, 37.72441447932922], [127.0025232223169, 37.725126789063985], [127.00283445128468, 37.72532980109876], [127.00300977697687, 37.72538089821252], [127.00340389663513, 37.72577310707231], [127.00368441678205, 37.725900158244954], [127.00398348632659, 37.72609533852465], [127.0041449792638, 37.72614783408932], [127.00431045625966, 37.72627853058799], [127.00452018243354, 37.72622299751718], [127.00458097632053, 37.72628658361101], [127.00512258466388, 37.726506895828564], [127.00549175040271, 37.726778638307565], [127.00563581261241, 37.7268286927376], [127.0058068838053, 37.72681438404812], [127.00600394734323, 37.726848208347675], [127.00673757561026, 37.72683180809753], [127.00716754467715, 37.72690511649931], [127.0076237142316, 37.72705764463314], [127.0080276257952, 37.72709363352971], [127.00822134152995, 37.72717546086584], [127.00850573368488, 37.72721800323068], [127.00908981148298, 37.72738455712645], [127.0096273431125, 37.72744263853351], [127.00988447070226, 37.72752318563503], [127.0102431478417, 37.727560153299024], [127.01116088258286, 37.72789649223583], [127.01146680462358, 37.728083360038134], [127.01210213470557, 37.72808330528073], [127.01264335521412, 37.72819539371484], [127.01236107133532, 37.72877478950211], [127.01273772626146, 37.729840050854996], [127.01276130507887, 37.73013908026064], [127.0135143089938, 37.73015769566218], [127.01391436902205, 37.73032585912051], [127.01436161724783, 37.731204213081554], [127.0148322833526, 37.731391053965154], [127.0150441112565, 37.7316153067946], [127.01546773329106, 37.73189559815229], [127.01615016424095, 37.73191420590048], [127.01647965561197, 37.732138436105515], [127.01657385561714, 37.732493521881885], [127.01692686984806, 37.73264299152056], [127.01756233061133, 37.73309145583079], [127.01786827076968, 37.733184860583265], [127.01829186136324, 37.73322217834803], [127.01852010503626, 37.732742953574], [127.01914997964042, 37.732490610626144], [127.0194463591429, 37.73225513359267], [127.01957303607433, 37.732050489873764], [127.01974396149113, 37.73163183495313]], [[127.02561359337811, 37.73496902440879], [127.02568344646521, 37.73511690252805], [127.02603595700789, 37.73501944441151], [127.02595416276075, 37.73487338241216], [127.02572417449824, 37.7346664887881], [127.02563726227595, 37.734487965556035], [127.02565252294339, 37.73428913473536], [127.0258925401551, 37.733932004699], [127.02591802103554, 37.73373722942095], [127.02600481093889, 37.73353026782004], [127.02622953401341, 37.73327052479757], [127.02698041572982, 37.732783438569655], [127.02706791267532, 37.732883436327924], [127.02715592526354, 37.733106899340825], [127.02719063835144, 37.73311608155343], [127.02718217275016, 37.73330605824133], [127.02726205857284, 37.7334521640524], [127.02737941672915, 37.733920823325526], [127.02768288113515, 37.734530256026225], [127.02786683825256, 37.734692657860066], [127.02796129392668, 37.73488211206725], [127.02791395379766, 37.73508925199752], [127.02795527066428, 37.735458458708095], [127.028145329122, 37.73555067237398], [127.02830409920671, 37.73573864596193], [127.02849302685348, 37.735798539413665], [127.02880598519131, 37.73597577320579], [127.02883696363773, 37.736290652470146], [127.02888543817431, 37.73637632225933], [127.02907462307172, 37.73655647028617], [127.02915428841911, 37.73676736816002]]]}}, {"type": "Feature", "properties": {"name": "원각사입구~사패능선", "section": "원각사입구~사패능선", "length_km": 2.5}, "geometry": {"type": "LineString", "coordinates": [[126.99192716051235, 37.72171668941299], [126.99214089465062, 37.721687832406666], [126.99276273987223, 37.72142744741829], [126.99353717407276, 37.721476896761246], [126.99367849985664, 37.721432002280146], [126.99397244286963, 37.721485905254426], [126.99476386396259, 37.72124347975025], [126.99498997893569, 37.72121206219573], [126.99580397580681, 37.72136028356841], [126.99645968894339, 37.72161176404356], [126.9966518797727, 37.72173300885636], [126.99686668371442, 37.72175995691841], [126.99711541601948, 37.721688125417174], [126.9974263228383, 37.721688136193784], [126.99761286659793, 37.721706101504516], [126.99815553342206, 37.72186327556402], [126.99835338319093, 37.72188573406229], [126.99844383860608, 37.72173306691383], [126.99856820361246, 37.72162979677261], [126.99864169246162, 37.721616328077715], [126.99871517670998, 37.72171062521654], [126.9987660529167, 37.72169266543593], [126.9991561078763, 37.72143224067912], [126.99931439690836, 37.72113588890659], [126.99950659480128, 37.72105506757988], [127.00004362136691, 37.72070932964478], [127.00033756509569, 37.720601567876805], [127.00086327376428, 37.72053421797943], [127.00121939962655, 37.72029174575008], [127.00135507087913, 37.72030970801493], [127.00233299442299, 37.72015254552283], [127.00234429913287, 37.72022888223494], [127.00243474616225, 37.72030970358785], [127.00263259390564, 37.72034562248112], [127.00285870376965, 37.720287247403135], [127.00298306079534, 37.720219895703856], [127.00352007010127, 37.72011212022812], [127.00452440029727, 37.72002144859994], [127.00574878207121, 37.71976395916335], [127.00624094257367, 37.719802082531835], [127.00651703743313, 37.71989742244457], [127.00679312701052, 37.71991648169449], [127.0070812135254, 37.719811580821414], [127.0073092827698, 37.71978296351096], [127.0085096633033, 37.719725687875595], [127.0089418078031, 37.71978287235171], [127.00986613344996, 37.72004979740901], [127.01037032510597, 37.72028814136347], [127.01062246567031, 37.72076488303628], [127.01135476232089, 37.721155768599566], [127.01176308923839, 37.72189003881975]]}}, {"type": "Feature", "properties": {"name": "무수골~우이암", "section": "무수골~원통사~우이암", "length_km": 2.2}, "geometry": {"type": "LineString", "coordinates": [[127.02175167755432, 37.67633833719625], [127.02143679290985, 37.67645758147501], [127.02089693314934, 37.67645767183055], [127.02032711201299, 37.676576955235916], [127.01992222630616, 37.67661277708507], [127.01942735531779, 37.67661285274755], [127.01822762015931, 37.6764104042099], [127.01753779245524, 37.67637474250334], [127.01735787334766, 37.67652971588475], [127.0163832179419, 37.67698276862949], [127.01552878016076, 37.67881841917888], [127.01501902417733, 37.67952170570449], [127.01417942995114, 37.68082098320853], [127.01339973686818, 37.68175075502778], [127.0132498023432, 37.68198915292938], [127.01187388061213, 37.6824958444508], [127.01134901426505, 37.682790887247336], [127.01124404516379, 37.68288326945813], [127.01109835305104, 37.68313517144348], [127.01109839658632, 37.68347844144034], [127.01094243740988, 37.683602413605115], [127.01067848772055, 37.68364057526155], [127.009850606832, 37.68349760691854], [127.00903474571545, 37.683526268126904], [127.00824290057476, 37.68377423271708], [127.00823089955423, 37.68432114217901], [127.00834955604395, 37.684747567590826]]}}, {"type": "Feature", "properties": {"name": "육모정매표소~육모정고개", "section": "육모정매표소~육모정고개", "length_km": 1.15}, "geometry": {"type": "LineString", "coordinates": [[127.00481228878587, 37.670931542072694], [127.00468511411984, 37.67091705995793], [127.0046291188562, 37.670871291306796], [127.00436139607822, 37.67097824527598], [127.00421938617514, 37.67089508462481], [127.00408233448316, 37.67098464885091], [127.00384991194008, 37.67097137450044], [127.00383965798369, 37.67103402530537], [127.00395068641527, 37.67119640666569], [127.00402986205947, 37.67124598750215], [127.00403406318405, 37.671335620083966], [127.00368681802452, 37.671661748421066], [127.00338541870266, 37.671790479720975], [127.00316949107352, 37.67183339219109], [127.00260717211029, 37.67180836896733], [127.00165797847464, 37.67168322326134], [127.00016447171178, 37.67126127776312], [126.99957966809366, 37.67121120858633], [126.99923328473194, 37.67110035462779], [126.99916581116815, 37.67101095977859], [126.99903535606059, 37.67095732092143], [126.99876094995372, 37.67092513304959], [126.99842356121431, 37.67095730670399], [126.99800070555705, 37.67090365860206], [126.99743840150285, 37.67078206557979], [126.99684010402848, 37.67077131532893], [126.99668265362871, 37.67083567281052], [126.99651619654098, 37.6710251802834], [126.99629126817106, 37.671082381923625], [126.99590890144104, 37.67098582009143], [126.99574246438767, 37.670903569672085], [126.99561650629643, 37.67090713936041], [126.9954230647879, 37.670982219407314], [126.99470331152405, 37.670921392461544], [126.99444690355163, 37.6708570139086], [126.99406452616164, 37.67091420330286], [126.99389516089457, 37.6710400434503]]}}, {"type": "Feature", "properties": {"name": "옥천암~홍은동극동아파트뒤", "section": "옥천암~홍은동극동아파트뒤", "length_km": 0.9}, "geometry": {"type": "LineString", "coordinates": [[126.95257521208643, 37.59667163830471], [126.95276889563037, 37.5969266867844], [126.95266702463974, 37.59693617963368], [126.95248134354001, 37.59682644629312], [126.95198997381006, 37.596859614637275], [126.95182209877677, 37.59700734361991], [126.95175002264732, 37.597264768966056], [126.95174992158782, 37.597417336705696], [126.9518335000297, 37.59788460697937], [126.95179736332148, 37.59816111928087], [126.95188115536307, 37.59830895342047], [126.95200690130692, 37.59844250226], [126.95204873068603, 37.59861892575345], [126.95201855131471, 37.598947885030704], [126.95205439155569, 37.59911953874579], [126.95218012733999, 37.59927215791042], [126.9523418669586, 37.59934850850834], [126.95243164973319, 37.59950111288953], [126.9524075502945, 37.59970134660347], [126.95246739684227, 37.599815796198904], [126.95246730893292, 37.599949292470384], [126.95228152276314, 37.599987357513086], [126.95207769341562, 37.60012553513659], [126.95191572477445, 37.60039245872096], [126.95192761167495, 37.60054026348571], [126.95180730533667, 37.60123153140716], [126.95180118757882, 37.60192538553865], [126.95167892606807, 37.60234139997291], [126.95170760670739, 37.60246727921417], [126.95209415338965, 37.602961184593944]]}}, {"type": "Feature", "properties": {"name": "서울시광17~도봉산탐방지원센터", "section": "서울시광17~도봉산탐방지원센터", "length_km": 1.6}, "geometry": {"type": "LineString", "coordinates": [[127.04562933637918, 37.68740279503058], [127.04326147015654, 37.68740365731433], [127.04196579080741, 37.68729759555785], [127.03953076260501, 37.686996616162524], [127.03827307590221, 37.68674930922415], [127.03765314593173, 37.68669916034329], [127.03648282669369, 37.68616639012043], [127.03624393047656, 37.686129403091584], [127.03596705124659, 37.686200222103935], [127.03580742581688, 37.686279585187094]]}}, {"type": "Feature", "properties": {"name": "빨래골화장실~삼성암입구", "section": "빨래골화장실~삼성암입구", "length_km": 0.25}, "geometry": {"type": "LineString", "coordinates": [[127.00546975142397, 37.627419755578885], [127.00500956767749, 37.62795315791564], [127.00452402053253, 37.628210627023925], [127.0042003259046, 37.62850384810911], [127.00404748066015, 37.62899015556297], [127.00396505806007, 37.629100410497145], [127.00389463772468, 37.62911845936364]]}}, {"type": "Feature", "properties": {"name": "독박골~족두리봉밑갈림길", "section": "독박골~족두리봉밑갈림길", "length_km": 1.3}, "geometry": {"type": "LineString", "coordinates": [[126.94535392628804, 37.61195328675169], [126.94536456541752, 37.61218960194919], [126.94529642820717, 37.612881369094325], [126.94535926431601, 37.61324355725603], [126.94543675446484, 37.614090055567154], [126.94506280020396, 37.61441311557552], [126.9446130655453, 37.614704132994625], [126.94436343028495, 37.61473983968705], [126.9441587624972, 37.614670735547186], [126.94392972942798, 37.614703747820045], [126.94372132074501, 37.61499070704591], [126.94358250166819, 37.615023759005865], [126.94343564365917, 37.61501434870459]]}}]}